x_0,y_0,z_0,v_0,x_1,y_1,z_1,v_1,x_2,y_2,z_2,v_2,x_3,y_3,z_3,v_3,x_4,y_4,z_4,v_4,x_5,y_5,z_5,v_5,x_6,y_6,z_6,v_6,x_7,y_7,z_7,v_7,x_8,y_8,z_8,v_8,x_9,y_9,z_9,v_9,x_10,y_10,z_10,v_10,x_11,y_11,z_11,v_11,x_12,y_12,z_12,v_12,x_13,y_13,z_13,v_13,x_14,y_14,z_14,v_14,x_15,y_15,z_15,v_15,x_16,y_16,z_16,v_16,x_17,y_17,z_17,v_17,x_18,y_18,z_18,v_18,x_19,y_19,z_19,v_19,x_20,y_20,z_20,v_20,x_21,y_21,z_21,v_21,x_22,y_22,z_22,v_22,x_23,y_23,z_23,v_23,x_24,y_24,z_24,v_24,x_25,y_25,z_25,v_25,x_26,y_26,z_26,v_26,x_27,y_27,z_27,v_27,x_28,y_28,z_28,v_28,x_29,y_29,z_29,v_29,x_30,y_30,z_30,v_30,x_31,y_31,z_31,v_31,x_32,y_32,z_32,v_32,label
0.44232177734375,0.20476262271404266,-0.3743590712547302,0.9450108408927917,0.44794782996177673,0.18012313544750214,-0.3497540354728699,0.8696698546409607,0.45347362756729126,0.1799805462360382,-0.35005897283554077,0.8720691800117493,0.45746007561683655,0.18014828860759735,-0.3500351309776306,0.8973667025566101,0.4352636933326721,0.18143753707408905,-0.34966909885406494,0.9077440500259399,0.43093496561050415,0.18184998631477356,-0.34995996952056885,0.9267866015434265,0.42670711874961853,0.18264560401439667,-0.3501419425010681,0.9457427859306335,0.4634249210357666,0.1856527328491211,-0.20541377365589142,0.9271454215049744,0.4202013909816742,0.18940028548240662,-0.20072703063488007,0.9136906266212463,0.45153918862342834,0.221360445022583,-0.321842759847641,0.9717029333114624,0.43608349561691284,0.22719675302505493,-0.3242415189743042,0.9769646525382996,0.5088444352149963,0.3029992878437042,-0.17456981539726257,0.9995556473731995,0.38839948177337646,0.3062259554862976,-0.16402243077754974,0.9994904398918152,0.5423228144645691,0.4283824861049652,-0.39623552560806274,0.8962971568107605,0.3580257296562195,0.43524059653282166,-0.41298651695251465,0.8992593884468079,0.48589563369750977,0.30860039591789246,-0.6219238042831421,0.8605119585990906,0.4166065752506256,0.30606675148010254,-0.6534241437911987,0.8986372351646423,0.47209396958351135,0.27659550309181213,-0.6675771474838257,0.8376165628433228,0.43318384885787964,0.27789920568466187,-0.7092718482017517,0.8710149526596069,0.46533045172691345,0.26450857520103455,-0.6461591720581055,0.8454992771148682,0.43919602036476135,0.2684325873851776,-0.6780509352684021,0.8772078156471252,0.4646546244621277,0.28012219071388245,-0.6166074275970459,0.8247148394584656,0.4366161823272705,0.2830955982208252,-0.6482585668563843,0.8586639165878296,0.4923549294471741,0.5792310237884521,0.0032854112796485424,0.9992170929908752,0.4137153625488281,0.5871859788894653,-0.0034772944636642933,0.9996250867843628,0.5541133284568787,0.7446226477622986,-0.2457982301712036,0.8476347923278809,0.35967785120010376,0.7569414973258972,-0.28578981757164,0.8199580907821655,0.515748918056488,0.8757386803627014,0.05836981534957886,0.8196129202842712,0.4042602479457855,0.8885372877120972,0.0006324101705104113,0.8246338367462158,0.5011199712753296,0.8898046016693115,0.08570665121078491,0.6784844994544983,0.4202612340450287,0.9082199335098267,0.027946630492806435,0.6588331460952759,0.53336101770401,0.9713889360427856,-0.005965623073279858,0.8044639229774475,0.3872946500778198,0.9796217083930969,-0.06883221864700317,0.8049437999725342,squat
0.4469691216945648,0.18020357191562653,-0.22424526512622833,0.9504372477531433,0.4541108012199402,0.15946660935878754,-0.20310482382774353,0.8825945258140564,0.45883482694625854,0.1600295901298523,-0.20336660742759705,0.8847401142120361,0.4633522927761078,0.16091971099376678,-0.203348308801651,0.9075287580490112,0.4399351179599762,0.15801504254341125,-0.19974340498447418,0.9168983697891235,0.435467004776001,0.15772873163223267,-0.20003552734851837,0.9340466856956482,0.43226704001426697,0.15780708193778992,-0.20022758841514587,0.9511133432388306,0.47018876671791077,0.16651551425457,-0.08800946921110153,0.9343727231025696,0.4258665442466736,0.16670465469360352,-0.0734281912446022,0.9222298860549927,0.4557417929172516,0.19807033240795135,-0.1798786222934723,0.9744458794593811,0.4416887164115906,0.20277057588100433,-0.1776331216096878,0.979184627532959,0.5129687190055847,0.2852124571800232,-0.06039965897798538,0.9995580315589905,0.3984796404838562,0.28719985485076904,-0.029163578525185585,0.9994783997535706,0.542402982711792,0.41194915771484375,-0.26916688680648804,0.9032109975814819,0.3624897599220276,0.41623595356941223,-0.30115121603012085,0.9016483426094055,0.4883337914943695,0.29116955399513245,-0.4613396227359772,0.8702834844589233,0.42441266775131226,0.2860938310623169,-0.48058444261550903,0.9056698083877563,0.4752035140991211,0.2577720284461975,-0.5029811859130859,0.8489688038825989,0.44233083724975586,0.25933727622032166,-0.5293761491775513,0.8793880343437195,0.47018441557884216,0.24146033823490143,-0.4921879768371582,0.8552613854408264,0.4444473385810852,0.24217115342617035,-0.5205787420272827,0.8837758302688599,0.4712141454219818,0.2565806210041046,-0.45913833379745483,0.8328806161880493,0.44208186864852905,0.25597530603408813,-0.4810722768306732,0.8650420308113098,0.4964748024940491,0.5597158670425415,-0.003049451857805252,0.9992897510528564,0.4216638505458832,0.5645221471786499,0.0028852461837232113,0.9996576905250549,0.5586539506912231,0.74442458152771,-0.20946447551250458,0.8599147200584412,0.3636361360549927,0.7493731379508972,-0.2414085865020752,0.8358810544013977,0.5197917819023132,0.8761393427848816,0.07206280529499054,0.8283226490020752,0.40432009100914,0.8929439783096313,-0.014195655472576618,0.8373985290527344,0.5041496753692627,0.8877135515213013,0.09732485562562943,0.6871633529663086,0.4200786054134369,0.9093039035797119,0.007429736200720072,0.6793949604034424,0.5347985029220581,0.9754260778427124,0.014540418982505798,0.8065445423126221,0.38678595423698425,0.980110228061676,-0.08213920891284943,0.8122488856315613,squat
0.4514099657535553,0.06888408213853836,-0.23075494170188904,0.9548287987709045,0.4583052098751068,0.051462575793266296,-0.21088556945323944,0.8929396867752075,0.46346402168273926,0.052063606679439545,-0.2111928015947342,0.8948277831077576,0.4681065082550049,0.052453480660915375,-0.21120397746562958,0.9157233238220215,0.4435366690158844,0.050104230642318726,-0.2127693146467209,0.9242783188819885,0.43921273946762085,0.05070450156927109,-0.21308092772960663,0.9399104118347168,0.43565112352371216,0.051545996218919754,-0.2133081704378128,0.9553409814834595,0.474038690328598,0.05983405560255051,-0.09235469996929169,0.9405490159988403,0.4278220236301422,0.064455047249794,-0.1002495065331459,0.9290657043457031,0.46070677042007446,0.09532975405454636,-0.18389208614826202,0.9768508672714233,0.444108247756958,0.09435020387172699,-0.18814495205879211,0.9810899496078491,0.5149013996124268,0.19520963728427887,-0.03697692230343819,0.9995908737182617,0.3979107141494751,0.2011174112558365,-0.03882991522550583,0.9994867444038391,0.5450046062469482,0.34010207653045654,-0.1668791025876999,0.9064171314239502,0.3659927248954773,0.3559616804122925,-0.21804364025592804,0.8981484174728394,0.49738749861717224,0.25947028398513794,-0.41921067237854004,0.8784687519073486,0.4162978529930115,0.25334984064102173,-0.4605692923069,0.9103357195854187,0.48776665329933167,0.23310963809490204,-0.4569984972476959,0.8596359491348267,0.4299706518650055,0.23695719242095947,-0.5182083249092102,0.8869811296463013,0.4804258346557617,0.21267327666282654,-0.46036452054977417,0.8651635646820068,0.4328583776950836,0.21356983482837677,-0.5091296434402466,0.8903087377548218,0.4796254634857178,0.22612953186035156,-0.4252817630767822,0.8414832353591919,0.4309200346469879,0.22221048176288605,-0.4635488986968994,0.8704708814620972,0.4972890317440033,0.49846822023391724,-0.00220158020965755,0.9993568658828735,0.4230126440525055,0.5026904344558716,0.002062438288703561,0.999687135219574,0.5451926589012146,0.7215391397476196,-0.14451903104782104,0.8712180256843567,0.377673864364624,0.7134700417518616,-0.17008692026138306,0.848767876625061,0.5204837322235107,0.8762516379356384,0.09626350551843643,0.8421234488487244,0.4054092764854431,0.8921219110488892,0.058558691293001175,0.8503037095069885,0.5039492249488831,0.888714075088501,0.11447763442993164,0.7017998099327087,0.42038631439208984,0.9088292717933655,0.0778045579791069,0.6947832107543945,0.5353719592094421,0.9753698706626892,-0.0028961007483303547,0.8191487789154053,0.38838431239128113,0.979218602180481,-0.03631585091352463,0.8224372267723083,squat
0.45172181725502014,0.008649476803839207,-0.2685205340385437,0.9541958570480347,0.4586227536201477,-0.009219196625053883,-0.25200214982032776,0.8862372040748596,0.4639405608177185,-0.008347966708242893,-0.2523457705974579,0.887505292892456,0.46873611211776733,-0.007826583459973335,-0.2523539066314697,0.9110869765281677,0.4441102147102356,-0.008673558942973614,-0.2534164786338806,0.9205029010772705,0.4397500455379486,-0.00733118737116456,-0.25376713275909424,0.9375594854354858,0.43591976165771484,-0.006090498063713312,-0.25402194261550903,0.9536691904067993,0.475323349237442,0.00221400149166584,-0.14215895533561707,0.9406842589378357,0.42824897170066833,0.008260093629360199,-0.14761708676815033,0.9277786016464233,0.46133771538734436,0.033336296677589417,-0.22436746954917908,0.9783006906509399,0.44454389810562134,0.03660398721694946,-0.22797589004039764,0.9821337461471558,0.5177292823791504,0.14610780775547028,-0.08081694692373276,0.999615490436554,0.3970860540866852,0.15150156617164612,-0.08092042803764343,0.9995131492614746,0.5453632473945618,0.29763081669807434,-0.16332654654979706,0.9074872732162476,0.3658296465873718,0.30535760521888733,-0.1676163375377655,0.8996790647506714,0.5049825310707092,0.2957993447780609,-0.40726298093795776,0.8845548629760742,0.40487346053123474,0.2778450846672058,-0.40311503410339355,0.9168804883956909,0.49615979194641113,0.23990193009376526,-0.4502391815185547,0.8680827021598816,0.4130652844905853,0.33962950110435486,-0.474757581949234,0.8961836099624634,0.4908532202243805,0.24497367441654205,-0.4668642580509186,0.8735721707344055,0.41720765829086304,0.30262619256973267,-0.4962535500526428,0.8993368744850159,0.4892318844795227,0.27278968691825867,-0.4103360176086426,0.8489550352096558,0.4176865518093109,0.27877140045166016,-0.4181501269340515,0.8800294399261475,0.49700722098350525,0.4576267600059509,-0.00035724922781810164,0.9994178414344788,0.42282921075820923,0.4617728888988495,0.0002621113962959498,0.9997153878211975,0.5198063850402832,0.6779568791389465,0.03115091286599636,0.8772020936012268,0.40604281425476074,0.6810678243637085,-0.07333357632160187,0.8608320355415344,0.5187195539474487,0.8738439679145813,0.2331687957048416,0.8562478423118591,0.4059177041053772,0.8889191746711731,0.07549639791250229,0.8641265630722046,0.5052144527435303,0.8893669247627258,0.24364909529685974,0.7137117981910706,0.4194236397743225,0.9085924029350281,0.09957490116357803,0.7104924917221069,0.5348197221755981,0.9671590924263,0.09011571854352951,0.8344433903694153,0.3890910744667053,0.9774619936943054,-0.04249173030257225,0.8377523422241211,squat
0.4500521123409271,0.004397471435368061,-0.2749922275543213,0.9577282667160034,0.45699888467788696,-0.013247509486973286,-0.26256927847862244,0.8937961459159851,0.4622593820095062,-0.013591211289167404,-0.2629135251045227,0.8946855664253235,0.46730250120162964,-0.014077871106564999,-0.26292040944099426,0.9172101020812988,0.44392237067222595,-0.010900753550231457,-0.26337260007858276,0.9260110855102539,0.4397295117378235,-0.009348640218377113,-0.2637309432029724,0.9418621063232422,0.43579038977622986,-0.00810635183006525,-0.2639847695827484,0.9569702744483948,0.4752178192138672,-0.004365134984254837,-0.15131208300590515,0.9452617168426514,0.42895665764808655,0.004263592883944511,-0.15841485559940338,0.9332181811332703,0.4596298635005951,0.026775868609547615,-0.23540572822093964,0.9803008437156677,0.444445937871933,0.028882429003715515,-0.23798620700836182,0.9837572574615479,0.5179550051689148,0.14126314222812653,-0.09486515820026398,0.9996498227119446,0.3967593312263489,0.14257147908210754,-0.09327489137649536,0.9995540976524353,0.5453747510910034,0.29408735036849976,-0.13547909259796143,0.9137479662895203,0.36783385276794434,0.30058541893959045,-0.14098826050758362,0.9080022573471069,0.5274712443351746,0.37613406777381897,-0.3156730532646179,0.8944761753082275,0.3825380802154541,0.3994709849357605,-0.2860850691795349,0.9244517683982849,0.5311111211776733,0.4095727205276489,-0.36295169591903687,0.8791306018829346,0.3740648329257965,0.45469924807548523,-0.3342948257923126,0.9053874611854553,0.5179992914199829,0.40184250473976135,-0.3943668007850647,0.8842949867248535,0.3914737105369568,0.44622018933296204,-0.3621608018875122,0.9083488583564758,0.513573944568634,0.39122459292411804,-0.33080917596817017,0.8609383702278137,0.39713022112846375,0.4292643368244171,-0.30135422945022583,0.8904109001159668,0.4966302812099457,0.4523572325706482,0.00033601996256038547,0.9994737505912781,0.4225357174873352,0.45653122663497925,-0.0004741287848446518,0.9997416138648987,0.5075935125350952,0.6710512638092041,0.020901791751384735,0.8845542669296265,0.4093666970729828,0.6862711310386658,0.001996785867959261,0.8696233034133911,0.5178334712982178,0.872265100479126,0.20426905155181885,0.8687225580215454,0.406446635723114,0.887187123298645,0.1724437177181244,0.8753073811531067,0.5075763463973999,0.8894843459129333,0.2144303321838379,0.715287446975708,0.4171660542488098,0.9035187363624573,0.18428438901901245,0.7114055752754211,0.5345476865768433,0.962847888469696,0.07634510099887848,0.8481550812721252,0.3895518183708191,0.9767829179763794,0.04367103427648544,0.8500334024429321,squat
0.4493931233882904,0.00658097118139267,-0.28768202662467957,0.9608527421951294,0.4565541744232178,-0.012253131717443466,-0.27926531434059143,0.9005666971206665,0.46186962723731995,-0.012847733683884144,-0.2796116769313812,0.9010429382324219,0.4668552279472351,-0.013603934086859226,-0.27960604429244995,0.922618567943573,0.44362011551856995,-0.010712411254644394,-0.27822619676589966,0.9309732913970947,0.4392623007297516,-0.009700150229036808,-0.2785949409008026,0.9457495212554932,0.4350460469722748,-0.008961929939687252,-0.2788551449775696,0.9599712491035461,0.4748995900154114,-0.004206082783639431,-0.18626178801059723,0.9492020606994629,0.42886924743652344,0.002138429321348667,-0.1816120445728302,0.9380154609680176,0.4589359760284424,0.028078027069568634,-0.25223103165626526,0.9820913076400757,0.44391268491744995,0.028870997950434685,-0.251960813999176,0.9852177500724792,0.518219530582428,0.14184913039207458,-0.11178771406412125,0.9996795058250427,0.39658620953559875,0.14025714993476868,-0.1166173592209816,0.999590277671814,0.5453420877456665,0.2950614392757416,-0.15685763955116272,0.9193267822265625,0.36758342385292053,0.30050259828567505,-0.1558418571949005,0.9155861139297485,0.5348189473152161,0.3941429853439331,-0.3448789119720459,0.9034254550933838,0.3717781603336334,0.4161616861820221,-0.31675875186920166,0.9314460158348083,0.5387510657310486,0.43429678678512573,-0.38022834062576294,0.8891518115997314,0.36486607789993286,0.46835869550704956,-0.3684995472431183,0.9139618873596191,0.5250759124755859,0.4235776364803314,-0.42664098739624023,0.8940129280090332,0.3816818296909332,0.45782387256622314,-0.39459922909736633,0.9167271852493286,0.5206802487373352,0.4106617271900177,-0.3506631553173065,0.8717913627624512,0.3870079517364502,0.4408565163612366,-0.33212053775787354,0.900101363658905,0.49516820907592773,0.4571533203125,0.0008434310439042747,0.9995241165161133,0.4203508496284485,0.46129781007766724,-0.0010120152728632092,0.9997653365135193,0.5039170980453491,0.6756324768066406,0.025477593764662743,0.8913195133209229,0.40880459547042847,0.6908106207847595,0.01792667992413044,0.8777846693992615,0.5172015428543091,0.8722721338272095,0.23948629200458527,0.8798114061355591,0.4069165587425232,0.8870760798454285,0.2182997465133667,0.8854754567146301,0.5071622133255005,0.889744222164154,0.2519025206565857,0.7170764803886414,0.4164672791957855,0.9027345180511475,0.23228994011878967,0.7120310068130493,0.534309983253479,0.9610844254493713,0.10398666560649872,0.8604353070259094,0.3897814154624939,0.976395308971405,0.09048020839691162,0.8612622022628784,squat
0.44905033707618713,0.007842316292226315,-0.29037895798683167,0.9633772969245911,0.455230176448822,-0.010138815268874168,-0.27899670600891113,0.9052298069000244,0.46068501472473145,-0.009743605740368366,-0.27934569120407104,0.9058358669281006,0.46581053733825684,-0.009538874961435795,-0.2793354094028473,0.9259781241416931,0.44204840064048767,-0.008918075822293758,-0.2787212133407593,0.934871256351471,0.43719378113746643,-0.007378818467259407,-0.2790873944759369,0.9492881894111633,0.4324861466884613,-0.005836920812726021,-0.2793484926223755,0.9625113606452942,0.4738449156284332,0.0019095712341368198,-0.17686766386032104,0.9521722793579102,0.4268845021724701,0.00767273036763072,-0.17440879344940186,0.942057192325592,0.4582586884498596,0.03204209357500076,-0.2509799301624298,0.9834169149398804,0.44276896119117737,0.03447885066270828,-0.2519093155860901,0.9863241314888,0.5175864100456238,0.14501459896564484,-0.10242295265197754,0.9996922612190247,0.3956986367702484,0.14103883504867554,-0.10616859048604965,0.9996159076690674,0.5447157621383667,0.29583245515823364,-0.1657603681087494,0.9136545062065125,0.36251384019851685,0.2933618724346161,-0.17453135550022125,0.9184686541557312,0.5120202302932739,0.35472816228866577,-0.38666802644729614,0.901199996471405,0.3813650906085968,0.38083431124687195,-0.3971221446990967,0.9373292326927185,0.5095069408416748,0.4133855998516083,-0.4459630846977234,0.8909342885017395,0.3850198984146118,0.43841713666915894,-0.4665166437625885,0.9216935038566589,0.4984205663204193,0.37907248735427856,-0.4708670973777771,0.8962082266807556,0.3975577652454376,0.3972042500972748,-0.4811975359916687,0.9242393970489502,0.495483934879303,0.3602522015571594,-0.3991043269634247,0.8717758059501648,0.3991444706916809,0.38211649656295776,-0.410125195980072,0.9086000323295593,0.49301522970199585,0.4588926136493683,0.0006046186899766326,0.9995675683021545,0.4172112047672272,0.4640914797782898,-0.0007653231732547283,0.9997854232788086,0.5064560174942017,0.674187421798706,-0.012170038186013699,0.899084210395813,0.407202810049057,0.6913184523582458,0.011758329346776009,0.8857353329658508,0.5167750120162964,0.8725852370262146,0.2355966866016388,0.8905508518218994,0.40726399421691895,0.8872026205062866,0.1938234269618988,0.8957024812698364,0.5071632862091064,0.8898509740829468,0.23168906569480896,0.7317739129066467,0.41662436723709106,0.9032183289527893,0.2058487832546234,0.726934015750885,0.5339595079421997,0.9616448879241943,0.050926268100738525,0.8724071979522705,0.3903851807117462,0.9755180478096008,0.05916505306959152,0.8726556301116943,squat
0.4492502212524414,0.05340447276830673,-0.290923535823822,0.9669532775878906,0.4552484154701233,0.02919498085975647,-0.2762696146965027,0.9145247340202332,0.4607696533203125,0.029586270451545715,-0.2766075134277344,0.9150649905204773,0.4658083915710449,0.029854342341423035,-0.2765897810459137,0.9332422614097595,0.442044198513031,0.029126103967428207,-0.2760274112224579,0.9412568807601929,0.43719473481178284,0.029338564723730087,-0.2763613760471344,0.954253077507019,0.4324304461479187,0.029447048902511597,-0.2765844464302063,0.9661606550216675,0.4730805456638336,0.04038567095994949,-0.16019794344902039,0.9568751454353333,0.4263456463813782,0.041558265686035156,-0.15935811400413513,0.9476498365402222,0.45825451612472534,0.0764198750257492,-0.2458188235759735,0.9850213527679443,0.44274815917015076,0.07567793875932693,-0.24744555354118347,0.987632691860199,0.5155561566352844,0.16570058465003967,-0.09085998684167862,0.9997180104255676,0.39396676421165466,0.16930541396141052,-0.07679587602615356,0.9996349811553955,0.5465561151504517,0.31522929668426514,-0.18965722620487213,0.9190617203712463,0.3607766032218933,0.33269593119621277,-0.20600208640098572,0.9187622666358948,0.4914724826812744,0.2984156906604767,-0.41432175040245056,0.9090071320533752,0.39842694997787476,0.3058966100215912,-0.4555279314517975,0.940967321395874,0.4834422469139099,0.2774866819381714,-0.46292757987976074,0.8996641635894775,0.40399351716041565,0.28857070207595825,-0.512911319732666,0.9265857338905334,0.47420817613601685,0.2591402530670166,-0.46395283937454224,0.9043105840682983,0.4124229848384857,0.26416096091270447,-0.502993106842041,0.9285444617271423,0.47377005219459534,0.2668001353740692,-0.4157547950744629,0.880251407623291,0.4137212634086609,0.27196046710014343,-0.45777925848960876,0.9125450849533081,0.4933195114135742,0.47552061080932617,0.00043592468136921525,0.9996068477630615,0.4173155426979065,0.48308947682380676,-0.000590246228966862,0.9998021125793457,0.51866614818573,0.6972131729125977,-0.10050199180841446,0.9072238206863403,0.39538031816482544,0.6934081315994263,-0.20409496128559113,0.8957008123397827,0.5152893662452698,0.8731502890586853,0.14533427357673645,0.9002700448036194,0.4069933295249939,0.887866199016571,0.025187719613313675,0.9049879908561707,0.5051971077919006,0.8899930119514465,0.16087645292282104,0.7507757544517517,0.41698938608169556,0.9036632776260376,0.04457155615091324,0.7469689846038818,0.5336118340492249,0.9640238285064697,0.031427375972270966,0.8830010890960693,0.38841864466667175,0.9770663976669312,-0.0774214044213295,0.8828743100166321,squat
0.44924861192703247,0.1765122264623642,-0.3374074101448059,0.9702494144439697,0.4548572897911072,0.15448059141635895,-0.3180331289768219,0.9230594038963318,0.4604465961456299,0.1538591831922531,-0.3183300495147705,0.9235437512397766,0.4655749201774597,0.15369118750095367,-0.31828781962394714,0.9399052858352661,0.44204217195510864,0.15674325823783875,-0.316224068403244,0.9471234083175659,0.4373254179954529,0.15812872350215912,-0.3165190815925598,0.9588209986686707,0.43255990743637085,0.15982741117477417,-0.31669381260871887,0.9695383310317993,0.47306475043296814,0.16061167418956757,-0.19668066501617432,0.961176872253418,0.426889568567276,0.16793887317180634,-0.1884380728006363,0.9528697729110718,0.4582543969154358,0.19597038626670837,-0.2898208200931549,0.9865049123764038,0.44284725189208984,0.20180390775203705,-0.2895978093147278,0.9888567328453064,0.5157899260520935,0.2789469063282013,-0.14482077956199646,0.9997357130050659,0.3966398537158966,0.2806204855442047,-0.12779667973518372,0.9996595978736877,0.5469070672988892,0.41525930166244507,-0.31708788871765137,0.9242586493492126,0.3605245053768158,0.4134141206741333,-0.3321491777896881,0.9240319728851318,0.4867715835571289,0.30997487902641296,-0.5237506031990051,0.9141098856925964,0.41360029578208923,0.3096577227115631,-0.5654615759849548,0.9457957148551941,0.4753836989402771,0.28664013743400574,-0.5657436847686768,0.9049179553985596,0.4273676872253418,0.28730931878089905,-0.6189273595809937,0.9320234060287476,0.4702562689781189,0.2716641128063202,-0.5491991639137268,0.9085379242897034,0.4346246123313904,0.27153947949409485,-0.5919692516326904,0.9333852529525757,0.4703373312950134,0.2861529588699341,-0.5191227793693542,0.8833053708076477,0.4329867959022522,0.28454452753067017,-0.5612600445747375,0.9177404642105103,0.4952080249786377,0.55811607837677,-0.00013176786887925118,0.9996400475502014,0.41755813360214233,0.5630465745925903,-2.451316140650306e-05,0.9998171925544739,0.5443475842475891,0.7388119101524353,-0.218551367521286,0.9133790731430054,0.37048977613449097,0.74083012342453,-0.25884437561035156,0.9036015272140503,0.5153036117553711,0.8747773766517639,0.06877914071083069,0.9013718366622925,0.4057939052581787,0.8890897035598755,0.0069875954650342464,0.90925133228302,0.504036545753479,0.8887122869491577,0.09397571533918381,0.7543234825134277,0.41715097427368164,0.9035224914550781,0.03193305432796478,0.7553938627243042,0.5334945321083069,0.9695550799369812,0.0017295191064476967,0.8827852010726929,0.38656753301620483,0.9779311418533325,-0.06672123819589615,0.8843557834625244,squat
0.4494679570198059,0.29799798130989075,-0.4435819685459137,0.9732105135917664,0.45509591698646545,0.27102524042129517,-0.42799925804138184,0.9307399988174438,0.46108993887901306,0.27094385027885437,-0.42829641699790955,0.9311724305152893,0.46640443801879883,0.27094796299934387,-0.428284227848053,0.9459002614021301,0.442086786031723,0.27208417654037476,-0.4274381995201111,0.9524036049842834,0.43738022446632385,0.2725367248058319,-0.42774519324302673,0.9629319310188293,0.43261298537254333,0.2733660638332367,-0.42794886231422424,0.9725789427757263,0.47371163964271545,0.2758397161960602,-0.3138149380683899,0.9650482535362244,0.42735791206359863,0.279866099357605,-0.3118901550769806,0.957572340965271,0.458987295627594,0.31554079055786133,-0.397198349237442,0.9878299236297607,0.4432442784309387,0.318000465631485,-0.3984168767929077,0.9899532198905945,0.5163065195083618,0.3932010531425476,-0.26143863797187805,0.9997410774230957,0.39490705728530884,0.38842231035232544,-0.25447332859039307,0.9996787905693054,0.5448582768440247,0.5323292016983032,-0.47074776887893677,0.92726731300354,0.35629764199256897,0.5373327136039734,-0.47130292654037476,0.9291056990623474,0.48155274987220764,0.4150477647781372,-0.6845735311508179,0.9080228805541992,0.41821080446243286,0.4107658267021179,-0.684694230556488,0.9493817687034607,0.4665118157863617,0.37489205598831177,-0.726564884185791,0.8943514227867126,0.4363977313041687,0.37020042538642883,-0.7335906624794006,0.9344336986541748,0.4662366509437561,0.3570069670677185,-0.7007309198379517,0.8933190703392029,0.4398321211338043,0.3494128882884979,-0.6971330046653748,0.9340044856071472,0.4674091339111328,0.37628456950187683,-0.6768581867218018,0.8583110570907593,0.4368080496788025,0.36866050958633423,-0.6755844950675964,0.9158292412757874,0.49512261152267456,0.6469811201095581,-3.758196180569939e-05,0.9996672868728638,0.4161725640296936,0.6472486257553101,-0.0001244239683728665,0.9998300075531006,0.5657576322555542,0.7758020758628845,-0.23294813930988312,0.9168089628219604,0.34649646282196045,0.778694748878479,-0.26028913259506226,0.9097956418991089,0.5166878700256348,0.8727129697799683,0.1018085703253746,0.8855380415916443,0.40399035811424255,0.8826773166656494,0.0498664416372776,0.9035207629203796,0.5031055212020874,0.877537190914154,0.13021963834762573,0.7470982670783997,0.4173766076564789,0.8896582126617432,0.07538608461618423,0.7542558312416077,0.5267648100852966,0.9682208299636841,0.0625142827630043,0.8617323637008667,0.38694196939468384,0.9779118895530701,0.007470227777957916,0.8681657910346985,squat
0.4529431462287903,0.36119338870048523,-0.2478751391172409,0.9758807420730591,0.4585028290748596,0.33688274025917053,-0.22479769587516785,0.9376551508903503,0.46352848410606384,0.3364696800708771,-0.22498595714569092,0.9380401968955994,0.4684895873069763,0.33602046966552734,-0.22495655715465546,0.9512984752655029,0.44378218054771423,0.338716983795166,-0.22585105895996094,0.9571576714515686,0.43911606073379517,0.33975157141685486,-0.22606924176216125,0.9666332006454468,0.4342386722564697,0.34104806184768677,-0.2262163907289505,0.9753170013427734,0.4738839566707611,0.34011659026145935,-0.10600117594003677,0.9685333967208862,0.4280518591403961,0.3469182550907135,-0.11103342473506927,0.9618062376976013,0.46227186918258667,0.3835630714893341,-0.20204010605812073,0.9890316128730774,0.4447545111179352,0.3880104124546051,-0.20523405075073242,0.9909453988075256,0.5163376927375793,0.4467841684818268,-0.0737755224108696,0.999754786491394,0.3949988782405853,0.44780921936035156,-0.0722857415676117,0.9997032284736633,0.5460159182548523,0.5943620204925537,-0.23880212008953094,0.9275804758071899,0.35643908381462097,0.6077820658683777,-0.26665186882019043,0.9338828921318054,0.4863525927066803,0.4804142713546753,-0.4071248471736908,0.905890703201294,0.4189773201942444,0.48664331436157227,-0.4374711513519287,0.9536733031272888,0.47581106424331665,0.4425815939903259,-0.4346824288368225,0.8883485794067383,0.4329686164855957,0.4473242461681366,-0.4732213020324707,0.9388209581375122,0.471459299325943,0.4284153878688812,-0.4075058102607727,0.8838824033737183,0.4376705288887024,0.42962828278541565,-0.4379965662956238,0.9376744627952576,0.4703642725944519,0.4469511806964874,-0.3965229392051697,0.841214120388031,0.4377216398715973,0.4470115602016449,-0.4263651967048645,0.9192432165145874,0.4965951442718506,0.6987571120262146,-0.0002940318954642862,0.9996894001960754,0.4199317991733551,0.7047094702720642,0.00014214748807717115,0.9998401999473572,0.573005735874176,0.7851420044898987,-0.27951958775520325,0.9169248342514038,0.3434605598449707,0.7915236353874207,-0.2900109887123108,0.9111483097076416,0.5165196061134338,0.8729171752929688,0.042092129588127136,0.8280711770057678,0.4060024619102478,0.8851760029792786,0.006881979759782553,0.8586761951446533,0.5012183785438538,0.8730211853981018,0.0761285275220871,0.710946261882782,0.42292389273643494,0.8901196122169495,0.03957287222146988,0.726356565952301,0.5243794322013855,0.9585400819778442,0.04293839633464813,0.7991507649421692,0.3872375190258026,0.977581262588501,0.001797129400074482,0.8103858232498169,squat
0.4547169804573059,0.3081754148006439,-0.48302119970321655,0.9782837629318237,0.46093136072158813,0.28561654686927795,-0.46324101090431213,0.9438803791999817,0.4659232497215271,0.286005437374115,-0.4635152816772461,0.9442232251167297,0.4703424572944641,0.2865889072418213,-0.4635104537010193,0.9561590552330017,0.44573497772216797,0.28569546341896057,-0.4648667871952057,0.9614370465278625,0.44079047441482544,0.2862066924571991,-0.46519869565963745,0.9699649810791016,0.4362315237522125,0.2868490517139435,-0.4653521478176117,0.9777814149856567,0.4745960235595703,0.29097500443458557,-0.32626697421073914,0.9716748595237732,0.42843443155288696,0.2943789064884186,-0.33326631784439087,0.9656186699867249,0.46392959356307983,0.3332892954349518,-0.42776745557785034,0.9901186227798462,0.44543972611427307,0.33391308784484863,-0.4313619136810303,0.9918429851531982,0.5165971517562866,0.4034477174282074,-0.2694224417209625,0.9997715950012207,0.3936315178871155,0.40965673327445984,-0.2621387839317322,0.9997208118438721,0.5492356419563293,0.5480008721351624,-0.5133305788040161,0.9338460564613342,0.363707959651947,0.5781858563423157,-0.5263264179229736,0.9399304389953613,0.48932361602783203,0.4447159767150879,-0.7656530141830444,0.9117774367332458,0.42025479674339294,0.458298921585083,-0.7865689992904663,0.9573952555656433,0.48036760091781616,0.41401833295822144,-0.8171685934066772,0.8902258276939392,0.43134254217147827,0.4230775237083435,-0.843487560749054,0.9416555166244507,0.4752311706542969,0.3976554572582245,-0.7888332605361938,0.8824084401130676,0.4357810914516449,0.40500813722610474,-0.8086926341056824,0.9385313391685486,0.47400742769241333,0.41181400418281555,-0.7590165734291077,0.8310405611991882,0.43577736616134644,0.4185293912887573,-0.7794926762580872,0.9154794216156006,0.4968315064907074,0.6459643840789795,-0.002333603100851178,0.9997159838676453,0.42022982239723206,0.6506034135818481,0.0021778829395771027,0.9998530149459839,0.5695773363113403,0.7759913206100464,-0.3020016551017761,0.920901358127594,0.35196933150291443,0.7949815392494202,-0.31272509694099426,0.9157541990280151,0.5170234441757202,0.8734833598136902,0.06818370521068573,0.8165520429611206,0.40601903200149536,0.8991440534591675,0.029949992895126343,0.8570559620857239,0.5008291006088257,0.8740650415420532,0.10069791972637177,0.702289879322052,0.42287397384643555,0.9051588177680969,0.06144630163908005,0.724992573261261,0.5246659517288208,0.9660353064537048,0.009012922644615173,0.7784431576728821,0.3865904211997986,0.9823088049888611,-0.03276187926530838,0.7968738675117493,squat
0.45438772439956665,0.21257179975509644,-0.32852259278297424,0.9804219603538513,0.4605291783809662,0.1893644481897354,-0.30557891726493835,0.9494352340698242,0.4656476080417633,0.1908031404018402,-0.30579155683517456,0.9497250914573669,0.470208078622818,0.19225281476974487,-0.305775910615921,0.9604877233505249,0.4455394148826599,0.18571427464485168,-0.30490532517433167,0.9652561545372009,0.44064992666244507,0.18500864505767822,-0.3051805794239044,0.9729328751564026,0.43605679273605347,0.18569403886795044,-0.30536118149757385,0.979973316192627,0.4755114018917084,0.20285119116306305,-0.16358095407485962,0.9744865894317627,0.42842230200767517,0.2001635879278183,-0.1608666181564331,0.9690148830413818,0.46365174651145935,0.23065315186977386,-0.2708909809589386,0.991094708442688,0.445381224155426,0.23218773305416107,-0.2717353403568268,0.9926450252532959,0.51659095287323,0.32184889912605286,-0.09368473291397095,0.9997886419296265,0.39534637331962585,0.33195987343788147,-0.07444498687982559,0.9997360110282898,0.5512351393699646,0.4553839862346649,-0.23207351565361023,0.9383719563484192,0.3695543706417084,0.5474154949188232,-0.24490997195243835,0.9431310296058655,0.49129921197891235,0.3909602165222168,-0.49938637018203735,0.918637752532959,0.4200255870819092,0.40489980578422546,-0.5448768138885498,0.9608118534088135,0.48166269063949585,0.3505723178386688,-0.5655284523963928,0.8987932801246643,0.4275234639644623,0.36503782868385315,-0.6332244277000427,0.9462621212005615,0.47667425870895386,0.33436474204063416,-0.5579224824905396,0.8914527893066406,0.4359965920448303,0.34689536690711975,-0.6161564588546753,0.9431582689285278,0.4739221930503845,0.3503555655479431,-0.5007635354995728,0.8419361114501953,0.43761974573135376,0.3602800667285919,-0.5465666055679321,0.9208823442459106,0.4978727400302887,0.5698658227920532,-0.0054888250306248665,0.9997416138648987,0.42079123854637146,0.5725928544998169,0.005381383001804352,0.9998647570610046,0.5602246522903442,0.7628255486488342,-0.22606781125068665,0.9280521869659424,0.35342293977737427,0.7768682837486267,-0.2504057288169861,0.9230538606643677,0.5169311165809631,0.8761869072914124,0.11554193496704102,0.8314377665519714,0.40625637769699097,0.8975107073783875,0.1193745881319046,0.8675514459609985,0.5000080466270447,0.8771749138832092,0.14606264233589172,0.7204303741455078,0.42279529571533203,0.9046367406845093,0.15086056292057037,0.7428101301193237,0.5264060497283936,0.9751220941543579,0.05236327648162842,0.7926039099693298,0.38507145643234253,0.9820674657821655,0.06549970805644989,0.8074510097503662,squat
0.45397844910621643,0.09341683983802795,-0.2741861045360565,0.9816770553588867,0.46060094237327576,0.0487833134829998,-0.25641095638275146,0.9519132971763611,0.46540531516075134,0.04798518866300583,-0.256677508354187,0.952053427696228,0.4700051248073578,0.04772148281335831,-0.2566849887371063,0.9625737071037292,0.44583940505981445,0.09284928441047668,-0.2553388178348541,0.9665874242782593,0.4413681924343109,0.09361676871776581,-0.2556549906730652,0.9738890528678894,0.43715089559555054,0.09425140917301178,-0.2558744549751282,0.9804232120513916,0.4755137860774994,0.09545326977968216,-0.13714861869812012,0.9765627384185791,0.43100887537002563,0.09371090680360794,-0.13153262436389923,0.9703686237335205,0.4628163278102875,0.10325786471366882,-0.22597770392894745,0.9918853640556335,0.44552645087242126,0.10431811213493347,-0.22619827091693878,0.9932360649108887,0.5178146362304688,0.18741001188755035,-0.07028574496507645,0.9998043179512024,0.3960433602333069,0.18438012897968292,-0.049836017191410065,0.9997365474700928,0.5500553846359253,0.32642605900764465,-0.14757457375526428,0.9434141516685486,0.3685665428638458,0.33012697100639343,-0.14356805384159088,0.9427595138549805,0.5046452283859253,0.36802369356155396,-0.37403127551078796,0.926128625869751,0.409856379032135,0.3797346353530884,-0.3998621106147766,0.9619161486625671,0.4991629123687744,0.36547279357910156,-0.4368281364440918,0.9081563949584961,0.4102247655391693,0.39081183075904846,-0.46750468015670776,0.9492684006690979,0.49127697944641113,0.3455362915992737,-0.4524049758911133,0.9016030430793762,0.41851988434791565,0.3746311068534851,-0.48309326171875,0.946584165096283,0.48880258202552795,0.3506897985935211,-0.3848555088043213,0.8563329577445984,0.4214556813240051,0.3676764667034149,-0.4128808379173279,0.9249330163002014,0.4966517388820648,0.4819846749305725,-0.004959957208484411,0.9997613430023193,0.4215666353702545,0.48439037799835205,0.004838172812014818,0.9998701810836792,0.5315855145454407,0.6989591121673584,-0.10004688799381256,0.9330313801765442,0.3877406120300293,0.7130846381187439,-0.1244201809167862,0.9285459518432617,0.5166844129562378,0.8821408748626709,0.11555816233158112,0.8457751274108887,0.4063057005405426,0.8969309329986572,0.09804282337427139,0.8778206706047058,0.5004292726516724,0.8949305415153503,0.13511469960212708,0.7297316789627075,0.4220656752586365,0.9060571193695068,0.12659241259098053,0.7504875063896179,0.5309950113296509,0.9747908711433411,-0.0009794540237635374,0.8079619407653809,0.3879237174987793,0.9818418025970459,-0.0046477122232317924,0.8196095824241638,squat
0.45229512453079224,0.010278444737195969,-0.2825128436088562,0.9808603525161743,0.45891499519348145,-0.009294344112277031,-0.26957547664642334,0.9469715356826782,0.4640354514122009,-0.010130422189831734,-0.2699090242385864,0.9468674659729004,0.469007670879364,-0.011048509739339352,-0.2699192464351654,0.9592354893684387,0.44531774520874023,-0.0045045968145132065,-0.2700183689594269,0.9631357192993164,0.440910279750824,-0.0035983240231871605,-0.27035966515541077,0.9711163640022278,0.43678173422813416,-0.0028303235303610563,-0.2706042230129242,0.9782915711402893,0.4754394590854645,0.001746126334182918,-0.14220966398715973,0.9757604598999023,0.43088850378990173,0.009348774328827858,-0.14381225407123566,0.9684688448905945,0.46226102113723755,0.029216868802905083,-0.24206848442554474,0.9922965168952942,0.4453834891319275,0.033884961158037186,-0.24408750236034393,0.9934855103492737,0.5189684629440308,0.1355971395969391,-0.09013839066028595,0.9998180866241455,0.39594507217407227,0.13759948313236237,-0.10254528373479843,0.9997484087944031,0.5499597191810608,0.27661922574043274,-0.18178655207157135,0.9459612369537354,0.3688731789588928,0.29249686002731323,-0.1622113585472107,0.9442769885063171,0.5290922522544861,0.3682316541671753,-0.3978891372680664,0.9316912889480591,0.377952516078949,0.4032577574253082,-0.31101903319358826,0.9640086889266968,0.5315558910369873,0.3978632688522339,-0.45290178060531616,0.9151327013969421,0.3695942759513855,0.44955286383628845,-0.3600623607635498,0.9520249962806702,0.5191009044647217,0.3848673105239868,-0.47549858689308167,0.9094608426094055,0.3831573724746704,0.44110870361328125,-0.3893694281578064,0.9498372673988342,0.5148857831954956,0.37338748574256897,-0.4120020270347595,0.8674232363700867,0.38935941457748413,0.425692081451416,-0.32734960317611694,0.9293493628501892,0.4962064325809479,0.44988611340522766,0.0024375314824283123,0.9997832775115967,0.4214795231819153,0.45708954334259033,-0.0026039404328912497,0.9998810887336731,0.5085668563842773,0.6727977991104126,0.04591166228055954,0.9328776597976685,0.40678200125694275,0.6909579634666443,-0.0559576041996479,0.9323328137397766,0.514234185218811,0.8794066309928894,0.22748085856437683,0.8592947721481323,0.40719208121299744,0.8967394232749939,0.09098680317401886,0.8883988261222839,0.5006464719772339,0.8950281739234924,0.2357933074235916,0.7349019050598145,0.4202258586883545,0.9086700677871704,0.1125282421708107,0.7563437223434448,0.5306351184844971,0.9619107842445374,0.0886160209774971,0.8240077495574951,0.3882948160171509,0.9812056422233582,-0.044835709035396576,0.8345134854316711,squat
0.45158666372299194,0.012535945512354374,-0.29369431734085083,0.9816268086433411,0.45842280983924866,-0.008918678387999535,-0.27990561723709106,0.9478179216384888,0.46373042464256287,-0.009778865613043308,-0.2803559899330139,0.9474118947982788,0.4688759744167328,-0.01067520584911108,-0.28040093183517456,0.960054337978363,0.44518885016441345,-0.006069484166800976,-0.2831168472766876,0.9640580415725708,0.44070371985435486,-0.004828472156077623,-0.28355854749679565,0.9717736840248108,0.4364504814147949,-0.0036097231786698103,-0.28386998176574707,0.9789353609085083,0.4753895699977875,-0.0023565911687910557,-0.19793687760829926,0.9765509366989136,0.4308609962463379,0.007299210410565138,-0.20236071944236755,0.9695733785629272,0.4619099199771881,0.03398054838180542,-0.24904406070709229,0.9928722381591797,0.44520726799964905,0.03546475991606712,-0.2538899779319763,0.9939520955085754,0.5195159912109375,0.1346992403268814,-0.1209549680352211,0.9998326301574707,0.3956443667411804,0.1359720528125763,-0.13556377589702606,0.9997659921646118,0.5498279929161072,0.2832848131656647,-0.16803881525993347,0.9489488005638123,0.3683067560195923,0.29754096269607544,-0.1574065387248993,0.948421835899353,0.540938675403595,0.38500121235847473,-0.35134199261665344,0.937049388885498,0.3638618588447571,0.42127811908721924,-0.287074476480484,0.9670458436012268,0.5443520545959473,0.43075159192085266,-0.4006141722202301,0.9215543866157532,0.3545134663581848,0.4725308418273926,-0.3321946859359741,0.9558796882629395,0.5331387519836426,0.4156210124492645,-0.4327692985534668,0.9167041182518005,0.367066890001297,0.4679759442806244,-0.36285853385925293,0.9540252685546875,0.5284150838851929,0.4013514220714569,-0.3677879869937897,0.8777872920036316,0.374657541513443,0.45166948437690735,-0.303259015083313,0.9351363778114319,0.4960166811943054,0.45316648483276367,0.0022560646757483482,0.99980229139328,0.42130908370018005,0.45644184947013855,-0.002434783848002553,0.9998904466629028,0.5020390748977661,0.6780780553817749,0.04614619165658951,0.9354523420333862,0.40969428420066833,0.692376971244812,0.027489740401506424,0.934402346611023,0.5139046311378479,0.879456102848053,0.23006555438041687,0.8716228008270264,0.4082685112953186,0.8957312703132629,0.18819889426231384,0.8974409699440002,0.502586305141449,0.896740198135376,0.23884475231170654,0.7363530993461609,0.4184446930885315,0.9095333814620972,0.19783169031143188,0.7535819411277771,0.5305285453796387,0.9624731540679932,0.09179430454969406,0.8390091061592102,0.3888557553291321,0.9811142683029175,0.05167402699589729,0.847533643245697,squat
0.44997841119766235,0.00430072657763958,-0.25544092059135437,0.9813019037246704,0.4573031961917877,-0.01580241695046425,-0.24313780665397644,0.9454324841499329,0.46281352639198303,-0.015553907491266727,-0.2435077726840973,0.944782555103302,0.4680442810058594,-0.015365755185484886,-0.2435092180967331,0.9582027792930603,0.44312065839767456,-0.013639602810144424,-0.24300312995910645,0.9626656770706177,0.43793410062789917,-0.011809778399765491,-0.24338304996490479,0.97091144323349,0.4332391321659088,-0.010270819067955017,-0.24364885687828064,0.978396475315094,0.4753299653530121,-0.00532004376873374,-0.15233132243156433,0.9759196639060974,0.42916256189346313,0.0013385761994868517,-0.1478443145751953,0.9686724543571472,0.4605177938938141,0.029180428013205528,-0.21585151553153992,0.9930106401443481,0.44317626953125,0.031455885618925095,-0.21698971092700958,0.9940175414085388,0.5194053649902344,0.13303731381893158,-0.08991668373346329,0.9998360276222229,0.3954959213733673,0.13129261136054993,-0.08909255266189575,0.999772846698761,0.5484100580215454,0.28006207942962646,-0.15035229921340942,0.9481092095375061,0.36750051379203796,0.2833758592605591,-0.139847993850708,0.9499818086624146,0.5300921201705933,0.3766591250896454,-0.3601006865501404,0.9395315647125244,0.374805212020874,0.416634202003479,-0.32968947291374207,0.9691333770751953,0.5295028686523438,0.4134742319583893,-0.4167964458465576,0.9253312945365906,0.37070971727371216,0.4439976215362549,-0.386113703250885,0.9588005542755127,0.5190567374229431,0.3963991403579712,-0.44159966707229614,0.9213619828224182,0.38285693526268005,0.43387100100517273,-0.4075731337070465,0.9572607278823853,0.5153259038925171,0.39024683833122253,-0.3745346963405609,0.8841360807418823,0.3883224129676819,0.4229019582271576,-0.34406405687332153,0.9393712878227234,0.4928523600101471,0.4591839611530304,0.0021364788990467787,0.9998185634613037,0.41961580514907837,0.45920220017433167,-0.0023129447363317013,0.9998982548713684,0.5022019147872925,0.678082287311554,0.050417203456163406,0.9351974725723267,0.41026967763900757,0.6929426193237305,0.06038524582982063,0.9333956241607666,0.5131446123123169,0.8789678812026978,0.2518562376499176,0.8821260333061218,0.4084271490573883,0.8950612545013428,0.22331058979034424,0.9052659273147583,0.5030319690704346,0.8962527513504028,0.2625976800918579,0.7406980395317078,0.4174135625362396,0.9106481671333313,0.23270228505134583,0.7540170550346375,0.5304495096206665,0.9630151391029358,0.11537345498800278,0.8515893816947937,0.3901779055595398,0.9797012209892273,0.08535269647836685,0.8584102988243103,squat
0.446004718542099,0.006271533202379942,-0.2755746841430664,0.9775682687759399,0.4530426859855652,-0.012049351818859577,-0.2625027298927307,0.9360809326171875,0.45862674713134766,-0.011328301392495632,-0.2628585994243622,0.936407208442688,0.46427053213119507,-0.01060240063816309,-0.2628592252731323,0.9518006443977356,0.43872690200805664,-0.010593824088573456,-0.26251375675201416,0.9555937051773071,0.4333767294883728,-0.009059338830411434,-0.26287931203842163,0.966244637966156,0.4283449053764343,-0.007662981282919645,-0.26313576102256775,0.9746297001838684,0.4732603430747986,0.0035721759777516127,-0.16234064102172852,0.9728739261627197,0.4256536066532135,0.00682396674528718,-0.15995381772518158,0.9614625573158264,0.4564392566680908,0.030642610043287277,-0.23347154259681702,0.9921079874038696,0.43848663568496704,0.032077498733997345,-0.23508436977863312,0.9929333329200745,0.5164008140563965,0.14374496042728424,-0.0951831191778183,0.9998261332511902,0.39397120475769043,0.14441077411174774,-0.09423615038394928,0.9997431039810181,0.5441967248916626,0.294371634721756,-0.15534695982933044,0.9385820627212524,0.36623415350914,0.30111807584762573,-0.17471371591091156,0.9376169443130493,0.5074752569198608,0.3193158209323883,-0.3661641478538513,0.9311395287513733,0.38715341687202454,0.3424268364906311,-0.3538682758808136,0.9642730355262756,0.4983176589012146,0.34268128871917725,-0.41950851678848267,0.9191103577613831,0.3936323821544647,0.3541867434978485,-0.43142610788345337,0.9561257362365723,0.4934160113334656,0.3159598410129547,-0.43734949827194214,0.9161501526832581,0.39448583126068115,0.32384392619132996,-0.46117526292800903,0.9550043344497681,0.4922296404838562,0.3107287585735321,-0.37681347131729126,0.8758151531219482,0.39453843235969543,0.31617414951324463,-0.35297220945358276,0.9345598220825195,0.4919188618659973,0.470853716135025,0.0025118738412857056,0.9998328685760498,0.41767024993896484,0.47498390078544617,-0.002658812329173088,0.9999041557312012,0.5055068731307983,0.683073878288269,-0.009895198047161102,0.9395197033882141,0.404339462518692,0.6996108293533325,-0.026684533804655075,0.9374719858169556,0.5128450393676758,0.878925085067749,0.20329025387763977,0.893051028251648,0.40886926651000977,0.8946015238761902,0.17063499987125397,0.9136767983436584,0.5030168294906616,0.8959697484970093,0.21707430481910706,0.7567976117134094,0.41746512055397034,0.911150336265564,0.18446126580238342,0.7665426135063171,0.5306508541107178,0.9633492231369019,0.07966510206460953,0.8648026585578918,0.3905267119407654,0.9790780544281006,0.04800485447049141,0.8702036142349243,squat
0.4459080100059509,0.010587168857455254,-0.24710819125175476,0.9797491431236267,0.4525020718574524,0.009213545359671116,-0.22799094021320343,0.942369818687439,0.457540363073349,0.01393984816968441,-0.22832079231739044,0.9426500797271729,0.4628899097442627,0.016842788085341454,-0.2282986342906952,0.956540048122406,0.43889951705932617,-0.0027785568963736296,-0.22715024650096893,0.9599605798721313,0.43360066413879395,0.00013392037362791598,-0.2274893820285797,0.9695524573326111,0.42870956659317017,0.003186554415151477,-0.2276909053325653,0.9771095514297485,0.47068604826927185,0.02193702943623066,-0.11261817067861557,0.9755292534828186,0.4254043698310852,0.022791365161538124,-0.10865917056798935,0.9651678800582886,0.45596083998680115,0.05545477941632271,-0.20106172561645508,0.9928421378135681,0.4380521774291992,0.04389669746160507,-0.20215117931365967,0.9935778975486755,0.5139930248260498,0.15425392985343933,-0.055778421461582184,0.9998344779014587,0.39071568846702576,0.14879396557807922,-0.045148078352212906,0.9997431039810181,0.5465290546417236,0.29910391569137573,-0.16486164927482605,0.9389888048171997,0.35885512828826904,0.307835191488266,-0.18915116786956787,0.9379466772079468,0.4933090806007385,0.28521350026130676,-0.3659974932670593,0.9327624440193176,0.39878755807876587,0.2813294529914856,-0.3874957859516144,0.9644660949707031,0.48019522428512573,0.26468712091445923,-0.40690216422080994,0.9213733077049255,0.41290268301963806,0.2637830972671509,-0.4509405493736267,0.955558717250824,0.47479742765426636,0.24314986169338226,-0.39896076917648315,0.9181292057037354,0.4166201055049896,0.2393258810043335,-0.4450894892215729,0.9537432193756104,0.47548913955688477,0.25202271342277527,-0.3650158941745758,0.877668023109436,0.4143388867378235,0.248210147023201,-0.3943234980106354,0.9323846697807312,0.4927053451538086,0.4860680401325226,0.002412979956716299,0.9998465776443481,0.4170830249786377,0.4986525774002075,-0.002563625108450651,0.9999101758003235,0.5167081356048584,0.7114521265029907,-0.1208699494600296,0.9434941411018372,0.3907170295715332,0.7122184634208679,-0.18370264768600464,0.9416095614433289,0.5111261606216431,0.8806142210960388,0.1303010880947113,0.9012743830680847,0.4077486991882324,0.8922606706619263,0.0646163672208786,0.9193158149719238,0.500654935836792,0.8973782062530518,0.1503031700849533,0.7700526714324951,0.4175466001033783,0.9074889421463013,0.08692041039466858,0.7761009931564331,0.5306999087333679,0.9735161662101746,0.050337933003902435,0.8735951781272888,0.3887936770915985,0.9794149398803711,-0.011374436318874359,0.8764445781707764,squat
0.44692525267601013,0.20257456600666046,-0.3163016438484192,0.9817427396774292,0.4526738226413727,0.1761912703514099,-0.2960740625858307,0.9480944871902466,0.4579539895057678,0.17630116641521454,-0.2964014708995819,0.9483418464660645,0.4634134769439697,0.17713665962219238,-0.2963952422142029,0.9608530402183533,0.4390445649623871,0.17667703330516815,-0.2943705916404724,0.9639378786087036,0.43390288949012756,0.1779051423072815,-0.2946634888648987,0.9725717902183533,0.42880764603614807,0.1800655573606491,-0.29484719038009644,0.979375958442688,0.4707257151603699,0.18522334098815918,-0.18164759874343872,0.9779486060142517,0.4254318177700043,0.19026696681976318,-0.1745542585849762,0.9685928225517273,0.45642513036727905,0.22197601199150085,-0.2718908190727234,0.993508517742157,0.43954700231552124,0.2268366664648056,-0.2721380889415741,0.9941709041595459,0.513271152973175,0.30593568086624146,-0.1526588499546051,0.9998289942741394,0.39077454805374146,0.3048568069934845,-0.12841683626174927,0.9997231960296631,0.5465947985649109,0.4337882995605469,-0.3423214554786682,0.9421660900115967,0.35877254605293274,0.4360528588294983,-0.3475380539894104,0.9401352405548096,0.4889402389526367,0.3084957003593445,-0.5348455905914307,0.9343869090080261,0.41682934761047363,0.31263574957847595,-0.5698389410972595,0.9651373028755188,0.4737776219844818,0.28629422187805176,-0.5739250183105469,0.9221212863922119,0.43519097566604614,0.2927599251270294,-0.6196421384811401,0.9544668197631836,0.4700806140899658,0.2710435688495636,-0.5519505739212036,0.918140172958374,0.43702802062034607,0.27653607726097107,-0.5915404558181763,0.9518200755119324,0.4705994129180908,0.2825015187263489,-0.5281423330307007,0.8772084712982178,0.43312448263168335,0.28633859753608704,-0.5655197501182556,0.929611325263977,0.4966050982475281,0.5856190919876099,0.0006741519318893552,0.9998528361320496,0.4185849726200104,0.593938946723938,-0.0008339703199453652,0.9999111294746399,0.5503524541854858,0.7561330199241638,-0.2235824167728424,0.9460310339927673,0.3731478452682495,0.7565984129905701,-0.2745469808578491,0.9447550773620605,0.5128344297409058,0.8807448744773865,0.06597820669412613,0.9005963802337646,0.40741604566574097,0.8920729160308838,-0.0007131563615985215,0.9200520515441895,0.5006592869758606,0.8928911685943604,0.09233444929122925,0.7692575454711914,0.4179891049861908,0.9066343307495117,0.02605661377310753,0.7777202129364014,0.5306729674339294,0.9775225520133972,0.014249993488192558,0.8704596161842346,0.3853830099105835,0.9816437363624573,-0.05669800564646721,0.8740547299385071,squat
0.4488521218299866,0.345048725605011,-0.4548715054988861,0.9835342168807983,0.4540974497795105,0.3159337639808655,-0.4395148754119873,0.9532556533813477,0.46057945489883423,0.3138289451599121,-0.43981900811195374,0.9534710049629211,0.4659620225429535,0.3129933178424835,-0.4398205876350403,0.9647359251976013,0.44044017791748047,0.32004353404045105,-0.43903619050979614,0.9675264954566956,0.4361317753791809,0.32017019391059875,-0.4393433928489685,0.9752978682518005,0.4308987259864807,0.3201167583465576,-0.43955808877944946,0.9814244508743286,0.47278347611427307,0.31711024045944214,-0.3226728141307831,0.9801305532455444,0.42637085914611816,0.32290953397750854,-0.32113000750541687,0.9717063307762146,0.4592689871788025,0.3586382269859314,-0.4068927764892578,0.994080662727356,0.44192633032798767,0.36623615026474,-0.4083248972892761,0.9946911334991455,0.5144926309585571,0.4248194098472595,-0.2751074731349945,0.9997947216033936,0.390499472618103,0.4171168804168701,-0.2607501149177551,0.9997004270553589,0.5460802912712097,0.5517933964729309,-0.48666733503341675,0.9424127340316772,0.35922688245773315,0.5618374943733215,-0.4787760376930237,0.9434559345245361,0.4847208857536316,0.4342276155948639,-0.6937912702560425,0.9191874861717224,0.4208405017852783,0.4401015043258667,-0.6948815584182739,0.9649571776390076,0.4684816002845764,0.3944266736507416,-0.7367492318153381,0.89966881275177,0.4382379651069641,0.4028646647930145,-0.7446456551551819,0.9505399465560913,0.46545886993408203,0.3737759590148926,-0.7120101451873779,0.891322672367096,0.4396224915981293,0.3805950880050659,-0.7111691236495972,0.9458316564559937,0.4674440324306488,0.39188557863235474,-0.6868113875389099,0.8433566093444824,0.43657177686691284,0.3965446949005127,-0.6873829960823059,0.9197191596031189,0.49797409772872925,0.6772693395614624,5.311453060130589e-05,0.9998500943183899,0.4191596508026123,0.6861321926116943,-0.00021510242368094623,0.9999088048934937,0.5687668323516846,0.7717345952987671,-0.2577197253704071,0.9477934241294861,0.34936389327049255,0.7800296545028687,-0.27068576216697693,0.9480390548706055,0.5127447843551636,0.8804517984390259,0.061267100274562836,0.8916667103767395,0.4073629379272461,0.8919441103935242,0.021738342940807343,0.9176086187362671,0.4997437000274658,0.8859480023384094,0.09206821769475937,0.7678725123405457,0.42010587453842163,0.906516432762146,0.05161189287900925,0.7805197834968567,0.5223079323768616,0.9747247695922852,0.017744380980730057,0.8549649119377136,0.3856695294380188,0.9808585047721863,-0.032480109483003616,0.8635497689247131,squat
0.45315322279930115,0.3801704943180084,-0.40585771203041077,0.9851771593093872,0.459069162607193,0.3560636341571808,-0.3863306939601898,0.9579265117645264,0.4644707143306732,0.35580432415008545,-0.38658687472343445,0.9581186771392822,0.46978917717933655,0.35539689660072327,-0.3865717053413391,0.9682585000991821,0.44353538751602173,0.35721805691719055,-0.38767576217651367,0.9707717895507812,0.439373642206192,0.3582637906074524,-0.38796696066856384,0.9777657985687256,0.43529295921325684,0.3596830666065216,-0.3881208598613739,0.9832802414894104,0.47437554597854614,0.35722845792770386,-0.265244722366333,0.9821140170097351,0.4284907281398773,0.36693012714385986,-0.27055367827415466,0.9745312929153442,0.4639011323451996,0.3956502377986908,-0.35752683877944946,0.9946625828742981,0.44468364119529724,0.4016939699649811,-0.3609521687030792,0.9952137470245361,0.5154379606246948,0.45807626843452454,-0.2249329537153244,0.9998039603233337,0.3933449685573578,0.4648987948894501,-0.2215992957353592,0.9997187852859497,0.5516642332077026,0.5900242924690247,-0.4496322274208069,0.9462345242500305,0.3593413829803467,0.6116330623626709,-0.44997134804725647,0.9483286142349243,0.4841422438621521,0.47894981503486633,-0.6568644046783447,0.919812023639679,0.42831701040267944,0.4817333221435547,-0.6444165110588074,0.9673565030097961,0.47346964478492737,0.43291088938713074,-0.6965277791023254,0.8917763233184814,0.43912234902381897,0.43755388259887695,-0.688186764717102,0.9508989453315735,0.46912693977355957,0.41848453879356384,-0.6651836037635803,0.8790763020515442,0.4425032138824463,0.42538779973983765,-0.6504445672035217,0.9446795582771301,0.46812310814857483,0.4398229718208313,-0.6470432877540588,0.8242524862289429,0.44166845083236694,0.44635823369026184,-0.634091317653656,0.9162581562995911,0.4989091455936432,0.7164248824119568,-0.00012894927931483835,0.9998480081558228,0.4203915596008301,0.7233948707580566,-4.3240936065558344e-05,0.9999067187309265,0.5764304399490356,0.7854194641113281,-0.2775960862636566,0.9355559349060059,0.34756988286972046,0.7918524146080017,-0.2972691059112549,0.938868522644043,0.5129877924919128,0.8783896565437317,0.04894447699189186,0.8252422213554382,0.4081384539604187,0.8918960690498352,0.008001897484064102,0.8622660636901855,0.49934467673301697,0.8781646490097046,0.08101844787597656,0.718311607837677,0.42182451486587524,0.9051449298858643,0.04014845937490463,0.7375468015670776,0.519932746887207,0.9656813740730286,0.02332407608628273,0.7886134386062622,0.38538187742233276,0.9786561727523804,-0.02412164770066738,0.8017196655273438,squat
0.4543951451778412,0.3089897036552429,-0.5494662523269653,0.9866576194763184,0.46077674627304077,0.286967396736145,-0.5306780338287354,0.9621318578720093,0.46587783098220825,0.2877463698387146,-0.5309661626815796,0.9623039960861206,0.47072649002075195,0.28825801610946655,-0.5309461355209351,0.9714301824569702,0.4448469579219818,0.283803790807724,-0.5321944952011108,0.9736936092376709,0.4403012692928314,0.2833751142024994,-0.53254634141922,0.9799882769584656,0.43635377287864685,0.2834421694278717,-0.5326989889144897,0.984951376914978,0.4751598834991455,0.29099753499031067,-0.39108505845069885,0.9839012622833252,0.4285721778869629,0.2926313281059265,-0.39783576130867004,0.9770768880844116,0.4640316367149353,0.3289058804512024,-0.4927888810634613,0.9951915144920349,0.44538888335227966,0.3352012038230896,-0.49631571769714355,0.9956890344619751,0.5166844129562378,0.39779800176620483,-0.32930314540863037,0.9998124837875366,0.3934553265571594,0.4055790901184082,-0.3284684717655182,0.9997376799583435,0.5542183518409729,0.5193111896514893,-0.5920132398605347,0.9506466388702393,0.3648950457572937,0.5497472882270813,-0.603651762008667,0.95315021276474,0.4866514801979065,0.4389430582523346,-0.8288732767105103,0.9228034019470215,0.42822712659835815,0.43861261010169983,-0.8450416326522827,0.9702229499816895,0.475716769695282,0.39350035786628723,-0.8783729672431946,0.8902338147163391,0.4390009343624115,0.3950822949409485,-0.8995634913444519,0.954257607460022,0.47071895003318787,0.383266419172287,-0.843254566192627,0.8738704323768616,0.4438251852989197,0.3893321454524994,-0.8578286170959473,0.9476082921028137,0.4702196717262268,0.41767770051956177,-0.819369912147522,0.8115898966789246,0.44349169731140137,0.4222504794597626,-0.8346363306045532,0.9190459847450256,0.4989285469055176,0.6523861885070801,-0.0006287647411227226,0.9998583197593689,0.42107725143432617,0.6583040952682495,0.00044299886212684214,0.999913215637207,0.5717740654945374,0.7823761105537415,-0.2816530466079712,0.9367890357971191,0.3477509617805481,0.7883371114730835,-0.29628902673721313,0.9411244988441467,0.515016496181488,0.8778015375137329,0.0715159997344017,0.8116164207458496,0.4081513285636902,0.8927313089370728,0.02933688461780548,0.8614835143089294,0.49928468465805054,0.8778985738754272,0.10245360434055328,0.7095512747764587,0.4232655465602875,0.9051424860954285,0.059731293469667435,0.7373289465904236,0.5215356349945068,0.9673423171043396,0.02114526741206646,0.7701747417449951,0.38514184951782227,0.9794570207595825,-0.02746598795056343,0.7922356724739075,squat
0.4540643095970154,0.18057206273078918,-0.25089189410209656,0.9879662990570068,0.4606386721134186,0.1575755923986435,-0.22632324695587158,0.9658734202384949,0.46579790115356445,0.15821565687656403,-0.22655749320983887,0.9660215377807617,0.4708161950111389,0.15972845256328583,-0.22652307152748108,0.9742448329925537,0.4447649121284485,0.1551024615764618,-0.2266424149274826,0.9762940406799316,0.440216600894928,0.15499424934387207,-0.22690896689891815,0.9819634556770325,0.43627437949180603,0.15509767830371857,-0.22706332802772522,0.9864314794540405,0.4770049452781677,0.16824911534786224,-0.09015906602144241,0.9854954481124878,0.4285517632961273,0.16672389209270477,-0.09154960513114929,0.9793388843536377,0.4639816880226135,0.2014736831188202,-0.19814977049827576,0.9956568479537964,0.44550156593322754,0.20562449097633362,-0.20046952366828918,0.9961033463478088,0.5167813301086426,0.28491732478141785,-0.04410521313548088,0.999822199344635,0.3962429165840149,0.28667789697647095,-0.03330240771174431,0.99974125623703,0.5535582304000854,0.4039020240306854,-0.2255941927433014,0.9538850784301758,0.36930051445961,0.4284715950489044,-0.2388102263212204,0.9537554979324341,0.48806342482566833,0.3072325885295868,-0.4745503067970276,0.9294337034225464,0.4257899224758148,0.2975631654262543,-0.49498575925827026,0.9726639986038208,0.47694820165634155,0.2635180652141571,-0.5265330076217651,0.8997852802276611,0.43419089913368225,0.2577823996543884,-0.5529816150665283,0.9580684304237366,0.472251832485199,0.2528350055217743,-0.508310854434967,0.884818434715271,0.4407637119293213,0.24423334002494812,-0.5275802612304688,0.9518498182296753,0.4713520109653473,0.2731218636035919,-0.47175779938697815,0.8270236849784851,0.4420221745967865,0.263799786567688,-0.49222904443740845,0.9254006147384644,0.499023973941803,0.5637311339378357,-0.0012935289414599538,0.9998707175254822,0.4220966696739197,0.5671253800392151,0.00111941690556705,0.9999199509620667,0.5642008781433105,0.7788709998130798,-0.21830996870994568,0.9423965811729431,0.35205844044685364,0.77994704246521,-0.22095827758312225,0.9460516571998596,0.5175164341926575,0.8778070211410522,0.1359006017446518,0.8280780911445618,0.407543808221817,0.8866378664970398,0.11931036412715912,0.8729382157325745,0.5006396770477295,0.8788586258888245,0.16534820199012756,0.7300680875778198,0.4231153428554535,0.8992247581481934,0.1509515792131424,0.7559150457382202,0.526910662651062,0.9734432697296143,0.07319274544715881,0.7888870239257812,0.3850640654563904,0.9793567061424255,0.06514253467321396,0.8075469732284546,squat
0.4537864625453949,0.05139514431357384,-0.22235533595085144,0.9889628887176514,0.460418164730072,0.04964543506503105,-0.20002606511116028,0.9687981009483337,0.4655332565307617,0.050471045076847076,-0.20030352473258972,0.9688206911087036,0.4706040918827057,0.05092553049325943,-0.20031633973121643,0.9764460325241089,0.44469934701919556,0.05061633884906769,-0.2007356584072113,0.9782754778862,0.4401787221431732,0.051691684871912,-0.20104587078094482,0.983389675617218,0.43614667654037476,0.05180651322007179,-0.20125052332878113,0.9874693751335144,0.47678956389427185,0.0544232577085495,-0.07135041803121567,0.9868137836456299,0.4285345673561096,0.056209322065114975,-0.07403555512428284,0.9808761477470398,0.4639391303062439,0.07104599475860596,-0.17201216518878937,0.9960337281227112,0.4454713463783264,0.07039973139762878,-0.17479078471660614,0.9964051842689514,0.5163564682006836,0.17264708876609802,-0.015538439154624939,0.999832808971405,0.3970441222190857,0.17520888149738312,-0.011378651484847069,0.9997279047966003,0.5447263121604919,0.3016165792942047,-0.11770717054605484,0.9530218839645386,0.37293195724487305,0.30798131227493286,-0.1648082286119461,0.9441878795623779,0.486614853143692,0.28546756505966187,-0.34510964155197144,0.9303783774375916,0.42547646164894104,0.2851141691207886,-0.43490082025527954,0.9627310037612915,0.4736592173576355,0.280481219291687,-0.3999095857143402,0.9031444191932678,0.43393367528915405,0.27130773663520813,-0.5009159445762634,0.9499223232269287,0.4676843583583832,0.2604810297489166,-0.40557408332824707,0.8896337151527405,0.4354507029056549,0.2520579397678375,-0.4989282190799713,0.9434537887573242,0.46888095140457153,0.26614925265312195,-0.35158127546310425,0.8320950865745544,0.43592292070388794,0.25850650668144226,-0.4420236051082611,0.911701500415802,0.4985775947570801,0.4810293912887573,-5.5278505897149444e-05,0.9998804926872253,0.4224797189235687,0.4863523244857788,-9.201477951137349e-05,0.9999239444732666,0.5349222421646118,0.7051202654838562,-0.10344693809747696,0.9449952840805054,0.38881468772888184,0.7219687700271606,-0.1569606065750122,0.9484955072402954,0.5174492597579956,0.8807424902915955,0.13706940412521362,0.8400656580924988,0.40738987922668457,0.8895474672317505,0.11826268583536148,0.8816360235214233,0.5007039308547974,0.8916635513305664,0.15663674473762512,0.7319228053092957,0.4204639494419098,0.9093571305274963,0.11327290534973145,0.7607406377792358,0.5295040011405945,0.9739962220191956,0.03778199106454849,0.7997792363166809,0.3853066563606262,0.9801735877990723,-0.030170226469635963,0.817538321018219,squat
0.4497024118900299,0.009184424765408039,-0.1794024258852005,0.9708822965621948,0.456498920917511,-0.008837013505399227,-0.1639825403690338,0.9225844740867615,0.46163344383239746,-0.009012922644615173,-0.16432762145996094,0.9224072694778442,0.46634984016418457,-0.008952629752457142,-0.16433776915073395,0.9364568591117859,0.44257354736328125,-0.005049902014434338,-0.16544610261917114,0.9411414861679077,0.43806490302085876,-0.0028044770006090403,-0.1657882183790207,0.9543488025665283,0.43380603194236755,-0.0012136760633438826,-0.16606953740119934,0.963619589805603,0.47361665964126587,0.0003547020605765283,-0.07018996775150299,0.9668298959732056,0.4282131791114807,0.00799637846648693,-0.07536774128675461,0.9549221992492676,0.46042728424072266,0.03122827410697937,-0.14184656739234924,0.9918374419212341,0.4431358873844147,0.033062443137168884,-0.14549021422863007,0.9920458197593689,0.516093373298645,0.12800124287605286,-0.028835782781243324,0.9998148679733276,0.39679205417633057,0.132145494222641,-0.04674717038869858,0.9997040629386902,0.5368473529815674,0.2703143358230591,-0.11636493355035782,0.9498599767684937,0.37397414445877075,0.27633216977119446,-0.14857518672943115,0.9439843893051147,0.49674978852272034,0.31541383266448975,-0.331218957901001,0.9321914315223694,0.409299373626709,0.32377752661705017,-0.3612470030784607,0.9648064970970154,0.4924904704093933,0.3562675416469574,-0.3871226906776428,0.908191442489624,0.40828293561935425,0.3973909914493561,-0.4233132004737854,0.953193187713623,0.4839169383049011,0.3455064296722412,-0.4062364101409912,0.8964741826057434,0.41897469758987427,0.38562193512916565,-0.4397922456264496,0.9475110173225403,0.4816994071006775,0.33134597539901733,-0.3435376286506653,0.8424254655838013,0.4226180911064148,0.3657200336456299,-0.37451475858688354,0.9179408550262451,0.49578437209129333,0.45069456100463867,0.009884999133646488,0.9998857378959656,0.4223945140838623,0.4518286883831024,-0.010017754510045052,0.9999253153800964,0.5064484477043152,0.6788634657859802,0.07814490795135498,0.934666633605957,0.4093935489654541,0.6913247108459473,-0.018479319289326668,0.9471594095230103,0.5120692253112793,0.8773224949836731,0.2909010648727417,0.8511321544647217,0.40891456604003906,0.887617826461792,0.13737334311008453,0.8899919390678406,0.5004082918167114,0.8917207717895508,0.3036055862903595,0.7264700531959534,0.41942232847213745,0.909326434135437,0.1449149250984192,0.753825306892395,0.5294088125228882,0.969749391078949,0.16726095974445343,0.8108841776847839,0.3931945264339447,0.9801488518714905,-0.004726883489638567,0.8278548121452332,squat
0.44785887002944946,0.004551040939986706,-0.23887570202350616,0.9729437232017517,0.4544098377227783,-0.015259872190654278,-0.22551381587982178,0.9272922277450562,0.45940279960632324,-0.01565687358379364,-0.22585304081439972,0.9269497990608215,0.4640786051750183,-0.016371022909879684,-0.22584529221057892,0.9405382871627808,0.44142451882362366,-0.013815374113619328,-0.2257765531539917,0.9452316164970398,0.43683725595474243,-0.012741914950311184,-0.22615113854408264,0.9575656056404114,0.4324656128883362,-0.011869371868669987,-0.22640486061573029,0.9663642048835754,0.4725714325904846,-0.00813305750489235,-0.12838897109031677,0.9687014818191528,0.42797622084617615,0.0001582153927301988,-0.12888386845588684,0.9579252004623413,0.4582735002040863,0.02646556869149208,-0.20023977756500244,0.9924614429473877,0.4419788718223572,0.028584178537130356,-0.20211359858512878,0.9926758408546448,0.5161126852035522,0.13423563539981842,-0.07214881479740143,0.9998282790184021,0.3962838351726532,0.1339038908481598,-0.07517869770526886,0.999727725982666,0.5355750322341919,0.2876407504081726,-0.10487638413906097,0.9502379298210144,0.3727186322212219,0.2903912663459778,-0.09338894486427307,0.9475170373916626,0.5185731649398804,0.3800114095211029,-0.2842358946800232,0.9363521933555603,0.381710946559906,0.4087234437465668,-0.23297639191150665,0.9676077365875244,0.5193344354629517,0.43081775307655334,-0.33189505338668823,0.914312481880188,0.37816542387008667,0.4708736538887024,-0.27897605299949646,0.9567668437957764,0.5080099701881409,0.4174470603466034,-0.3615644872188568,0.9040817022323608,0.3919582664966583,0.46130824089050293,-0.30796143412590027,0.9517547488212585,0.5046486854553223,0.402463436126709,-0.29920443892478943,0.8538885116577148,0.3971213698387146,0.44267797470092773,-0.24862027168273926,0.9246078729629517,0.49405917525291443,0.4535788297653198,0.009515807032585144,0.9998955130577087,0.4220798909664154,0.4557366371154785,-0.009710140526294708,0.9999314546585083,0.5003793239593506,0.6786130666732788,0.043291784822940826,0.9368557929992676,0.41048240661621094,0.6916095018386841,0.004969702567905188,0.949379563331604,0.5113982558250427,0.8762028813362122,0.24391789734363556,0.8642547726631165,0.40945205092430115,0.8884857296943665,0.15382058918476105,0.8997516632080078,0.5016828775405884,0.8915936946868896,0.2550783157348633,0.7301586270332336,0.418750137090683,0.9098597764968872,0.16189007461071014,0.7589781284332275,0.5293534994125366,0.9666281938552856,0.11557932198047638,0.8272182941436768,0.39480677247047424,0.9785333275794983,0.014046618714928627,0.842893123626709,squat
0.44472894072532654,0.003504497231915593,-0.24237975478172302,0.9746355414390564,0.45183056592941284,-0.015875888988375664,-0.22947828471660614,0.9311568737030029,0.45692962408065796,-0.016410386189818382,-0.22984270751476288,0.9307176470756531,0.4618322253227234,-0.017029302194714546,-0.22983555495738983,0.9438779950141907,0.43903908133506775,-0.01263810507953167,-0.2292327582836151,0.948617696762085,0.434317022562027,-0.010958202183246613,-0.22961196303367615,0.9602821469306946,0.42985111474990845,-0.00998945627361536,-0.22986766695976257,0.9686613082885742,0.47101229429244995,-0.00838301982730627,-0.1363266110420227,0.9702237248420715,0.4269845485687256,5.935751323704608e-05,-0.13324953615665436,0.9602817893028259,0.45447826385498047,0.027536485344171524,-0.20413465797901154,0.9929102063179016,0.43972164392471313,0.028783554211258888,-0.20528724789619446,0.9931449890136719,0.5153679251670837,0.134052112698555,-0.08044124394655228,0.9998364448547363,0.3942825198173523,0.13347800076007843,-0.07496131956577301,0.999744176864624,0.5351969003677368,0.28311073780059814,-0.12946240603923798,0.950317919254303,0.3716730773448944,0.29160553216934204,-0.10653766244649887,0.9505046010017395,0.5205801725387573,0.3785631060600281,-0.32661449909210205,0.9399377703666687,0.3766976296901703,0.40878185629844666,-0.2705787122249603,0.9702215790748596,0.5200690031051636,0.42281872034072876,-0.3794615864753723,0.9198482632637024,0.372767835855484,0.4589490294456482,-0.3211129903793335,0.9602094888687134,0.507790207862854,0.4072624742984772,-0.404726505279541,0.9109168648719788,0.38756465911865234,0.4476088285446167,-0.3468550443649292,0.9557809829711914,0.5038529634475708,0.39450204372406006,-0.3405856788158417,0.8641456961631775,0.3925590217113495,0.4328131377696991,-0.28576982021331787,0.9308825135231018,0.4928412437438965,0.4582430124282837,0.006342162378132343,0.9999035596847534,0.4205787181854248,0.46367987990379333,-0.006572077516466379,0.9999362230300903,0.5014089941978455,0.6782004833221436,0.04582953453063965,0.9385845065116882,0.4114667773246765,0.692800760269165,0.041884344071149826,0.9495977163314819,0.5111469626426697,0.8752232789993286,0.24321632087230682,0.876028299331665,0.41000834107398987,0.8886853456497192,0.2110780030488968,0.9078422784805298,0.501961886882782,0.891495406627655,0.25398051738739014,0.7366808652877808,0.41866087913513184,0.9099558591842651,0.22156772017478943,0.7624475359916687,0.5294739007949829,0.965067982673645,0.11282255500555038,0.8417808413505554,0.3967486023902893,0.9772628545761108,0.08223654329776764,0.8552785515785217,squat
0.44189316034317017,-0.00028072285931557417,-0.22973647713661194,0.9760794043540955,0.4489983916282654,-0.018235906958580017,-0.21578839421272278,0.9343584775924683,0.4540998339653015,-0.018170734867453575,-0.21614482998847961,0.9337388277053833,0.45936256647109985,-0.018336836248636246,-0.21613696217536926,0.9464297294616699,0.4370265007019043,-0.015912411734461784,-0.21517357230186462,0.9515536427497864,0.43272241950035095,-0.014213920570909977,-0.2155548632144928,0.962705671787262,0.428555428981781,-0.013035817071795464,-0.21581456065177917,0.9706807136535645,0.4695277810096741,-0.007104766555130482,-0.12088066339492798,0.9713854789733887,0.4266933798789978,-0.0005884245620109141,-0.11580010503530502,0.9622892141342163,0.45206910371780396,0.023746199905872345,-0.1905675232410431,0.9931312203407288,0.4381105303764343,0.024650460109114647,-0.19137153029441833,0.9934215545654297,0.5133088231086731,0.13182981312274933,-0.06863387674093246,0.9998313188552856,0.393724262714386,0.13340343534946442,-0.061561208218336105,0.9997524619102478,0.5337093472480774,0.2759871482849121,-0.13592886924743652,0.9479033350944519,0.3711097538471222,0.28376859426498413,-0.13176247477531433,0.9523465633392334,0.5203853249549866,0.3440232276916504,-0.34619140625,0.9406881332397461,0.3850756585597992,0.377191424369812,-0.3425864279270172,0.9724323153495789,0.5144480466842651,0.405254989862442,-0.402482271194458,0.9230741262435913,0.3859468102455139,0.43294355273246765,-0.4017139971256256,0.9633158445358276,0.5059909820556641,0.39001455903053284,-0.42412933707237244,0.9155055284500122,0.3954164981842041,0.4225597083568573,-0.4179147183895111,0.9594042897224426,0.503555953502655,0.3658793568611145,-0.35915976762771606,0.8711391687393188,0.39791184663772583,0.4195968210697174,-0.3554372489452362,0.9364259243011475,0.49180251359939575,0.45470428466796875,0.0023647199850529432,0.999907910823822,0.4202541410923004,0.4629431366920471,-0.002580252941697836,0.9999381899833679,0.500625491142273,0.6686556935310364,0.020714182406663895,0.9373592138290405,0.40990227460861206,0.694308340549469,0.04865112900733948,0.9452400207519531,0.5111532211303711,0.8752880692481995,0.2038460224866867,0.8853381872177124,0.4102763235569,0.8894191980361938,0.20335760712623596,0.913670539855957,0.5022618174552917,0.8925873637199402,0.2226845771074295,0.7372738718986511,0.41867542266845703,0.9111984968185425,0.21231301128864288,0.7594566941261292,0.5297938585281372,0.9645598530769348,0.06773895025253296,0.8531444072723389,0.3962864279747009,0.9772626161575317,0.072525255382061,0.8638554811477661,squat
0.44576495885849,0.03708919882774353,-0.24218496680259705,0.9781303405761719,0.4521917402744293,0.01743948645889759,-0.21676430106163025,0.940229594707489,0.457672655582428,0.01791299134492874,-0.21723096072673798,0.9396138787269592,0.4618452191352844,0.01830395683646202,-0.21716105937957764,0.9512519240379333,0.4387938976287842,0.018317250534892082,-0.22271490097045898,0.955929160118103,0.43430328369140625,0.019552739337086678,-0.2230665683746338,0.9660420417785645,0.4298095107078552,0.020897790789604187,-0.22330248355865479,0.9732792973518372,0.4696691632270813,0.02865140698850155,-0.13373728096485138,0.9738779067993164,0.42640089988708496,0.03276004642248154,-0.1294676810503006,0.9652600288391113,0.4544912278652191,0.06035592406988144,-0.2012602537870407,0.9935711026191711,0.43940362334251404,0.061143774539232254,-0.19409021735191345,0.9938235878944397,0.5130624771118164,0.1602833867073059,-0.07482022047042847,0.999832034111023,0.3931751847267151,0.16259951889514923,-0.07210031896829605,0.9997321367263794,0.5407361388206482,0.30156806111335754,-0.17082098126411438,0.9415690302848816,0.36808860301971436,0.31448429822921753,-0.21044090390205383,0.9440571665763855,0.49612873792648315,0.2760121524333954,-0.3645090162754059,0.933158814907074,0.40394291281700134,0.2845268249511719,-0.4565109312534332,0.9663910865783691,0.48078984022140503,0.2642490267753601,-0.4296189844608307,0.917561948299408,0.41926246881484985,0.27246662974357605,-0.5122683048248291,0.9567866325378418,0.4741309583187103,0.24776023626327515,-0.4428117871284485,0.9100858569145203,0.4249039590358734,0.2519869804382324,-0.4996435046195984,0.9521266222000122,0.4767838418483734,0.2529419958591461,-0.38706791400909424,0.8621366620063782,0.4206565022468567,0.2586182653903961,-0.45763200521469116,0.925544261932373,0.4917167127132416,0.47538265585899353,0.0029344286303967237,0.999913215637207,0.4185217320919037,0.4825569689273834,-0.0031210912857204676,0.9999396204948425,0.5028530359268188,0.6790377497673035,-0.10183539241552353,0.9405044317245483,0.40939444303512573,0.6977590322494507,-0.1801387369632721,0.9475952982902527,0.5110403299331665,0.8772048950195312,0.10379934310913086,0.8950435519218445,0.41017308831214905,0.8892560601234436,0.03430681303143501,0.9200437664985657,0.5005559325218201,0.8955248594284058,0.1180507093667984,0.7535078525543213,0.41865402460098267,0.9106369614601135,0.05144096538424492,0.7703491449356079,0.5314677357673645,0.9666076898574829,-0.014557721093297005,0.864520788192749,0.39585158228874207,0.9772663712501526,-0.07619045674800873,0.8723912239074707,squat
0.44766148924827576,0.1569875329732895,-0.2380657196044922,0.9802229404449463,0.45280298590660095,0.13397938013076782,-0.2145080268383026,0.9460636973381042,0.4587239623069763,0.1336411088705063,-0.21481958031654358,0.9454906582832336,0.4631442427635193,0.13360144197940826,-0.21478667855262756,0.9560027122497559,0.44011005759239197,0.13462363183498383,-0.21440882980823517,0.9602329730987549,0.43634429574012756,0.13527512550354004,-0.2147250920534134,0.9693429470062256,0.4322434067726135,0.13627198338508606,-0.21491023898124695,0.9758688807487488,0.4711649417877197,0.14082598686218262,-0.0987396240234375,0.9763930439949036,0.4276932179927826,0.14711961150169373,-0.09410800784826279,0.9685251116752625,0.45639878511428833,0.1739448755979538,-0.19275698065757751,0.9940729141235352,0.4419919550418854,0.18224802613258362,-0.19257724285125732,0.9942914247512817,0.5138767957687378,0.26484790444374084,-0.06349564343690872,0.9998087882995605,0.3967127203941345,0.2630183696746826,-0.056108325719833374,0.9996907711029053,0.5464810729026794,0.38331013917922974,-0.23844671249389648,0.9431614279747009,0.3679473400115967,0.3701658546924591,-0.2608589231967926,0.9439574480056763,0.4893020689487457,0.29441913962364197,-0.44714266061782837,0.9330108761787415,0.4176815450191498,0.28111732006073,-0.48556798696517944,0.96546471118927,0.4739855229854584,0.2570817172527313,-0.4899669289588928,0.916522204875946,0.43475690484046936,0.25792667269706726,-0.5362374186515808,0.9535557627677917,0.46948665380477905,0.24509620666503906,-0.4704257547855377,0.908449649810791,0.4412955641746521,0.24574773013591766,-0.5105260014533997,0.9478757977485657,0.4715713560581207,0.26038333773612976,-0.44401055574417114,0.8602449297904968,0.4381437301635742,0.25761520862579346,-0.48191577196121216,0.9202962517738342,0.49230319261550903,0.5492106676101685,0.0029027676209807396,0.9999125599861145,0.4185282588005066,0.5532819032669067,-0.0030871392227709293,0.9999363422393799,0.536972165107727,0.7190083265304565,-0.22935661673545837,0.9436277151107788,0.3858157992362976,0.7491847276687622,-0.24916806817054749,0.9495447874069214,0.5110577344894409,0.882958710193634,0.011283552274107933,0.8961109519004822,0.40998929738998413,0.890872597694397,-0.013138622045516968,0.9196510314941406,0.4992191195487976,0.8975641131401062,0.031074047088623047,0.7515153884887695,0.4211534857749939,0.9105628728866577,0.008157296106219292,0.7670572400093079,0.5316733717918396,0.9756731390953064,-0.06382869184017181,0.8617600202560425,0.3904115855693817,0.98237544298172,-0.08673601597547531,0.8670676350593567,squat
0.4513823091983795,0.29981866478919983,-0.42447203397750854,0.9821694493293762,0.45847517251968384,0.27179139852523804,-0.4080537259578705,0.9514291286468506,0.4644503593444824,0.2720784842967987,-0.4083678126335144,0.9509074687957764,0.4698818624019623,0.27292361855506897,-0.40836113691329956,0.9603727459907532,0.44366583228111267,0.27166977524757385,-0.40845155715942383,0.9641929268836975,0.439901202917099,0.2717149555683136,-0.4087599217891693,0.972393274307251,0.4361940920352936,0.2717716693878174,-0.4089636206626892,0.9782691597938538,0.4756264090538025,0.27901995182037354,-0.2901323437690735,0.9787324666976929,0.42903703451156616,0.27930566668510437,-0.2922723591327667,0.9716477394104004,0.46173086762428284,0.3163345158100128,-0.3763616681098938,0.9946086406707764,0.4445326328277588,0.3213300406932831,-0.3788265883922577,0.9948177933692932,0.5149105787277222,0.3844853639602661,-0.24345116317272186,0.9997934699058533,0.39564642310142517,0.3812844157218933,-0.2319379597902298,0.9996869564056396,0.5462910532951355,0.5170494914054871,-0.4577520489692688,0.945303201675415,0.3674621284008026,0.5265465378761292,-0.4558245539665222,0.9472554326057434,0.4837760925292969,0.4017102122306824,-0.6748168468475342,0.928510844707489,0.4229886531829834,0.39204949140548706,-0.6781301498413086,0.9671178460121155,0.4691711366176605,0.35824155807495117,-0.7178751230239868,0.9080011248588562,0.44233614206314087,0.35195356607437134,-0.7278487682342529,0.954033374786377,0.4673246741294861,0.337737500667572,-0.6928678750991821,0.8971783518791199,0.44246333837509155,0.3238934874534607,-0.6938976645469666,0.9475552439689636,0.4689413607120514,0.3572227358818054,-0.6678457260131836,0.844062864780426,0.43954142928123474,0.3463100790977478,-0.6705546379089355,0.9190560579299927,0.4934646487236023,0.6402767896652222,0.0015131530817598104,0.999910295009613,0.41867250204086304,0.6449680924415588,-0.0016848534578457475,0.9999349117279053,0.5687187910079956,0.7629043459892273,-0.2461477518081665,0.947116494178772,0.35640132427215576,0.7802662253379822,-0.26791784167289734,0.9529714584350586,0.5158904790878296,0.8816322088241577,0.0693022832274437,0.8953590989112854,0.4082016050815582,0.8890835046768188,0.02755255065858364,0.9209504723548889,0.49924349784851074,0.8913801312446594,0.09537484496831894,0.7566962242126465,0.4212755262851715,0.9013727903366089,0.05479194596409798,0.7745209336280823,0.5313924551010132,0.9761860370635986,-0.003910993225872517,0.8572648167610168,0.3891156315803528,0.982444167137146,-0.05170432850718498,0.8645597696304321,squat
0.455316960811615,0.3722720146179199,-0.12821009755134583,0.9838979840278625,0.4623543322086334,0.34692350029945374,-0.10393388569355011,0.9562255144119263,0.46795645356178284,0.34643954038619995,-0.10410350561141968,0.9557325839996338,0.472921222448349,0.3461298942565918,-0.10406281054019928,0.9642763137817383,0.4465197026729584,0.3472782075405121,-0.10543032735586166,0.967741072177887,0.4420880675315857,0.34808215498924255,-0.10566447675228119,0.9751205444335938,0.43858227133750916,0.34914520382881165,-0.1058325543999672,0.9804214835166931,0.47854238748550415,0.35084080696105957,0.004718153737485409,0.9808048605918884,0.4313652515411377,0.35884588956832886,-0.002153559122234583,0.9744361042976379,0.4662676751613617,0.38941463828086853,-0.08698683232069016,0.9950451254844666,0.44714340567588806,0.3944370746612549,-0.09082797914743423,0.9952511787414551,0.5172678232192993,0.45829424262046814,0.028824904933571815,0.9997619390487671,0.3984958231449127,0.4517785906791687,0.01577085256576538,0.9996878504753113,0.5483147501945496,0.5941380858421326,-0.09049341082572937,0.9339479804039001,0.3656488060951233,0.6046932935714722,-0.11840443313121796,0.9493177533149719,0.4849635064601898,0.4810645282268524,-0.21385884284973145,0.91063392162323,0.42485493421554565,0.47844094038009644,-0.22932402789592743,0.9684929251670837,0.472606897354126,0.43864181637763977,-0.2302691489458084,0.8832095861434937,0.4390203356742859,0.44121161103248596,-0.25324776768684387,0.952970027923584,0.4692295491695404,0.4223857522010803,-0.2046697586774826,0.8673068284988403,0.4422733783721924,0.4214833676815033,-0.22074243426322937,0.9453088641166687,0.4702015519142151,0.44293782114982605,-0.203229159116745,0.8079689741134644,0.4426853656768799,0.43964970111846924,-0.2183016836643219,0.9155316948890686,0.494816392660141,0.7053292989730835,0.0038278773427009583,0.9999097585678101,0.4207058846950531,0.7092230319976807,-0.003962226212024689,0.999934732913971,0.5778668522834778,0.7752191424369812,-0.2400757074356079,0.948007345199585,0.3467833995819092,0.7870924472808838,-0.27449798583984375,0.9539103507995605,0.5156688094139099,0.8815797567367554,0.028699710965156555,0.8618658781051636,0.40841469168663025,0.8873465061187744,-0.001816415460780263,0.8888099789619446,0.4972374439239502,0.8819951415061951,0.057773489505052567,0.7349143624305725,0.4236058294773102,0.8949440121650696,0.030028576031327248,0.7527315020561218,0.5263205766677856,0.9737436771392822,0.007188636809587479,0.8099576234817505,0.3884497284889221,0.9774691462516785,-0.03149471804499626,0.8171685338020325,squat
0.4564180374145508,0.34174349904060364,-0.44861340522766113,0.9854815006256104,0.4629327654838562,0.31761738657951355,-0.4310247302055359,0.9605767726898193,0.4685368537902832,0.3178195357322693,-0.4312846064567566,0.9601216316223145,0.4735627770423889,0.3186325430870056,-0.43127554655075073,0.9678208827972412,0.4476699233055115,0.3179996609687805,-0.42893338203430176,0.9709526300430298,0.4433963894844055,0.3187785744667053,-0.4292711615562439,0.9775933623313904,0.440007746219635,0.31992605328559875,-0.4294489324092865,0.9823681116104126,0.48033270239830017,0.32475870847702026,-0.3087281286716461,0.9827070832252502,0.43287745118141174,0.3289564251899719,-0.29936352372169495,0.9769732356071472,0.46735167503356934,0.3635260760784149,-0.39967507123947144,0.9955018162727356,0.4488220810890198,0.36620765924453735,-0.3984832465648651,0.9956969618797302,0.5208153128623962,0.4377952516078949,-0.26055246591567993,0.9997683167457581,0.3986796438694,0.4343302845954895,-0.24497771263122559,0.9997034072875977,0.551052451133728,0.5723104476928711,-0.5089184641838074,0.9367853403091431,0.3649551272392273,0.5852051377296448,-0.503361165523529,0.9519904851913452,0.48581990599632263,0.4617505669593811,-0.739411473274231,0.9095940589904785,0.4263896346092224,0.459036648273468,-0.745909571647644,0.9694433808326721,0.47431454062461853,0.4212944805622101,-0.7864117622375488,0.8765443563461304,0.4378019869327545,0.41882869601249695,-0.7991282939910889,0.9512453079223633,0.4702436029911041,0.4056268334388733,-0.7558527588844299,0.8564605116844177,0.4426823556423187,0.4019494652748108,-0.7603685259819031,0.9408064484596252,0.47098058462142944,0.4237233102321625,-0.7310922145843506,0.7863160967826843,0.4428807199001312,0.4200601279735565,-0.7369104027748108,0.905460774898529,0.49624577164649963,0.676304280757904,0.0012276452034711838,0.999904990196228,0.4213683009147644,0.6792719960212708,-0.00141712196636945,0.9999323487281799,0.5744739770889282,0.7760194540023804,-0.2874002754688263,0.9184237122535706,0.34819167852401733,0.7899078130722046,-0.3125568628311157,0.9329423904418945,0.517531156539917,0.8779247999191284,0.04873570799827576,0.7969803214073181,0.40800705552101135,0.8880417943000793,0.010785246267914772,0.8319652080535889,0.49831151962280273,0.8744494915008545,0.07923877239227295,0.6833672523498535,0.4235036373138428,0.8960151076316833,0.04294656962156296,0.7039487957954407,0.5265082716941833,0.9727048277854919,0.0001081316004274413,0.7461118698120117,0.38851702213287354,0.9775242209434509,-0.037560153752565384,0.7548381090164185,squat
0.4571083188056946,0.23037131130695343,-0.2105933427810669,0.9869158864021301,0.46321049332618713,0.21147732436656952,-0.18601152300834656,0.96448814868927,0.4686838686466217,0.21258966624736786,-0.1862184852361679,0.964070737361908,0.4735860824584961,0.21428817510604858,-0.18617303669452667,0.9710075259208679,0.4483289122581482,0.2068602442741394,-0.18580713868141174,0.973840057849884,0.443901926279068,0.2056685835123062,-0.18605729937553406,0.9798189997673035,0.440089613199234,0.2055322229862213,-0.18621549010276794,0.9841183423995972,0.4803404211997986,0.23366083204746246,-0.05441490560770035,0.9844220876693726,0.43273216485977173,0.21974444389343262,-0.054041095077991486,0.979258120059967,0.467049777507782,0.25239139795303345,-0.1601189374923706,0.9959431290626526,0.4491441249847412,0.2523151934146881,-0.16175642609596252,0.9961192011833191,0.5204592347145081,0.3513278365135193,-0.011460674926638603,0.9997867345809937,0.3987237811088562,0.362716943025589,0.008964086882770061,0.9997257590293884,0.5512681603431702,0.49175897240638733,-0.15916992723941803,0.9395090937614441,0.3685048222541809,0.552280843257904,-0.1674644947052002,0.9512341022491455,0.4868161678314209,0.3965483009815216,-0.40099501609802246,0.9166781902313232,0.42373353242874146,0.39202582836151123,-0.43167972564697266,0.971928596496582,0.4821825623512268,0.3454420268535614,-0.4504464268684387,0.8868520259857178,0.4321303963661194,0.3486310541629791,-0.4892963767051697,0.9554230570793152,0.4718049466609955,0.33091461658477783,-0.4375101923942566,0.8684877157211304,0.44140201807022095,0.33184143900871277,-0.46981891989707947,0.9458267092704773,0.47139206528663635,0.3486509621143341,-0.3993573784828186,0.8028017282485962,0.44091805815696716,0.3476939797401428,-0.4308437705039978,0.9132800102233887,0.49804311990737915,0.5842600464820862,-0.002628546440973878,0.9999129176139832,0.4214332699775696,0.5851075649261475,0.00246806419454515,0.9999375939369202,0.564640998840332,0.7669814229011536,-0.20754249393939972,0.9250658750534058,0.35654860734939575,0.776959240436554,-0.267048716545105,0.9381712675094604,0.5176985859870911,0.877905011177063,0.14707724750041962,0.8123406171798706,0.4082082211971283,0.8858893513679504,0.10721728950738907,0.8440259099006653,0.5014618039131165,0.8766499161720276,0.17742368578910828,0.7019490599632263,0.4238421320915222,0.8950289487838745,0.1406945139169693,0.7223284840583801,0.5278815031051636,0.9755409359931946,0.09160511940717697,0.7625991702079773,0.38853657245635986,0.9780307412147522,0.06173088401556015,0.7685688138008118,squat
0.4551977515220642,0.12108375877141953,-0.23871883749961853,0.9871678948402405,0.4619809091091156,0.11741090565919876,-0.2051745355129242,0.9636453986167908,0.4684402048587799,0.07288069278001785,-0.20523855090141296,0.9628080725669861,0.4724876284599304,0.07182426750659943,-0.20535710453987122,0.9703800082206726,0.4482613503932953,0.11744439601898193,-0.1924753487110138,0.9732570052146912,0.4446283280849457,0.1175263375043869,-0.1926998794078827,0.9793355464935303,0.44136205315589905,0.11754698306322098,-0.1930730789899826,0.9835924506187439,0.479984849691391,0.11749234795570374,-0.12061439454555511,0.9850021600723267,0.4383220076560974,0.11693572252988815,-0.08502622693777084,0.9792526364326477,0.46320685744285583,0.127836212515831,-0.1845509558916092,0.9961695075035095,0.4488220810890198,0.12942469120025635,-0.19566002488136292,0.9962806105613708,0.5205684304237366,0.17929454147815704,-0.054304637014865875,0.9998023509979248,0.39922308921813965,0.18080851435661316,-0.058013759553432465,0.9997369647026062,0.5449750423431396,0.317735493183136,-0.1849309206008911,0.9437347650527954,0.37253502011299133,0.325944721698761,-0.1653170883655548,0.9509522318840027,0.49980106949806213,0.3822665810585022,-0.4030892848968506,0.9238856434822083,0.41370177268981934,0.3909406065940857,-0.4079228341579437,0.973143458366394,0.49711185693740845,0.39013323187828064,-0.46315473318099976,0.8968806862831116,0.4170686602592468,0.4071873426437378,-0.47114843130111694,0.9584750533103943,0.48392781615257263,0.3710079491138458,-0.46827802062034607,0.8804593086242676,0.42780613899230957,0.38646265864372253,-0.4817773401737213,0.9499379396438599,0.4812973141670227,0.366042822599411,-0.4122571051120758,0.8201199173927307,0.42863911390304565,0.3779422342777252,-0.4196297526359558,0.9194705486297607,0.49799877405166626,0.48365554213523865,-0.0037493384443223476,0.9999139904975891,0.42350196838378906,0.48685577511787415,0.0036229577381163836,0.9999355673789978,0.5370348691940308,0.6995564103126526,-0.10797111690044403,0.9234154224395752,0.3957691788673401,0.6929836869239807,-0.1642049103975296,0.9384914636611938,0.517196536064148,0.8825530409812927,0.10488261282444,0.8220394253730774,0.40817561745643616,0.8856844305992126,0.03737521544098854,0.850432276725769,0.5017772912979126,0.895599901676178,0.11218031495809555,0.6934255361557007,0.4224828779697418,0.8996297121047974,0.049454715102910995,0.7163958549499512,0.5307974219322205,0.9752391576766968,-0.020068982616066933,0.770851194858551,0.388580858707428,0.9781450033187866,-0.07600922882556915,0.7748317718505859,squat
0.45101451873779297,0.019809246063232422,-0.34593212604522705,0.9800441861152649,0.4590233266353607,-0.0005622754688374698,-0.3362036645412445,0.9409541487693787,0.46505221724510193,-0.0047722081653773785,-0.33656057715415955,0.9397351741790771,0.4698437750339508,-0.006375116761773825,-0.33658868074417114,0.954269528388977,0.44578641653060913,0.0022364933975040913,-0.33641618490219116,0.9559893608093262,0.4414597153663635,0.002870992524549365,-0.33679673075675964,0.964845597743988,0.4374552369117737,0.002926473505795002,-0.33710718154907227,0.9732829928398132,0.47923073172569275,0.004790155682712793,-0.24761836230754852,0.9771609306335449,0.43676814436912537,0.012027078308165073,-0.24814710021018982,0.9674602150917053,0.46088138222694397,0.03802153095602989,-0.3060663044452667,0.9954900741577148,0.4450412690639496,0.04012373462319374,-0.309780091047287,0.9955396056175232,0.520989716053009,0.1359889805316925,-0.15945042669773102,0.9998137950897217,0.3987092971801758,0.13600270450115204,-0.1766437590122223,0.9997408390045166,0.5448439717292786,0.2901163697242737,-0.19165682792663574,0.945961594581604,0.3733454644680023,0.3008680045604706,-0.1803053766489029,0.9519166946411133,0.5267565250396729,0.3981069028377533,-0.3685133457183838,0.9284343719482422,0.3837563693523407,0.4297636151313782,-0.28172165155410767,0.9727972745895386,0.529850959777832,0.44535768032073975,-0.4168568253517151,0.9030135273933411,0.38333356380462646,0.4859265983104706,-0.3247239887714386,0.9576785564422607,0.5146394371986389,0.4365597069263458,-0.4465339183807373,0.8887037634849548,0.3970801532268524,0.47381237149238586,-0.35384756326675415,0.9505276083946228,0.5101025104522705,0.4209716022014618,-0.3836970031261444,0.8322577476501465,0.399949848651886,0.45566922426223755,-0.2963804602622986,0.9212490916252136,0.49706101417541504,0.44921693205833435,0.0009450719808228314,0.9999204874038696,0.4233432412147522,0.4539797008037567,-0.001136611681431532,0.9999397397041321,0.5055242776870728,0.6807795763015747,0.06614045798778534,0.925902783870697,0.41083818674087524,0.6839178800582886,0.001224690699018538,0.9406363368034363,0.514785885810852,0.882336437702179,0.25275760889053345,0.8387073278427124,0.4089752733707428,0.8857982158660889,0.16022169589996338,0.8641901016235352,0.5024058222770691,0.8968664407730103,0.2606293559074402,0.7045824527740479,0.42136040329933167,0.9044108986854553,0.16836188733577728,0.7260851263999939,0.5297778248786926,0.9687680006027222,0.09872251749038696,0.7918570041656494,0.39063459634780884,0.9749998450279236,0.008772073313593864,0.7951031923294067,squat
0.4494529664516449,0.007987936958670616,-0.34523847699165344,0.9783422350883484,0.4573872685432434,-0.012678639031946659,-0.3358754515647888,0.9340912103652954,0.4629681706428528,-0.013328496366739273,-0.33626410365104675,0.9328279495239258,0.46783247590065,-0.014004041440784931,-0.33626917004585266,0.9498805999755859,0.4438169002532959,-0.011016483418643475,-0.3373089134693146,0.9519399404525757,0.43876567482948303,-0.009908899664878845,-0.337708055973053,0.9616855978965759,0.43419933319091797,-0.009187966585159302,-0.3379976153373718,0.9714373350143433,0.47763022780418396,-0.005089332815259695,-0.2462942898273468,0.9734495878219604,0.4340144693851471,0.002362015889957547,-0.24914172291755676,0.9630483984947205,0.45983976125717163,0.030190976336598396,-0.30618277192115784,0.9950992465019226,0.44327646493911743,0.03292373940348625,-0.30936306715011597,0.9952002763748169,0.5213054418563843,0.13873744010925293,-0.16482262313365936,0.9998238682746887,0.39690297842025757,0.13939514756202698,-0.17292307317256927,0.9997447729110718,0.5448065996170044,0.2963626980781555,-0.17920540273189545,0.9454447031021118,0.3727802038192749,0.3083701729774475,-0.15456466376781464,0.9521740674972534,0.5387448072433472,0.414803683757782,-0.34999847412109375,0.9303067922592163,0.37393489480018616,0.44552168250083923,-0.23640616238117218,0.9724247455596924,0.5421440005302429,0.4659949541091919,-0.39568066596984863,0.9059488773345947,0.3702254593372345,0.505894660949707,-0.27324026823043823,0.9568624496459961,0.5274880528450012,0.45689043402671814,-0.42870235443115234,0.8937617540359497,0.38125425577163696,0.4959738552570343,-0.30487963557243347,0.9509351849555969,0.5230525135993958,0.4420544505119324,-0.36605483293533325,0.8400468826293945,0.385480135679245,0.4746611714363098,-0.25140437483787537,0.9227877855300903,0.496319442987442,0.45969974994659424,0.0009370761108584702,0.9999256134033203,0.4233071804046631,0.4645116925239563,-0.0011241183383390307,0.9999427795410156,0.5023704767227173,0.6788085699081421,0.031033838167786598,0.9279597997665405,0.41182273626327515,0.6904016733169556,0.059749312698841095,0.9381101727485657,0.5137337446212769,0.8815525770187378,0.21215207874774933,0.8527779579162598,0.4093071520328522,0.8904086351394653,0.21019716560840607,0.8756450414657593,0.5029557943344116,0.8965616822242737,0.2207992523908615,0.7071844935417175,0.42006999254226685,0.9133456945419312,0.2178751677274704,0.7267922759056091,0.5297876596450806,0.9685530066490173,0.07223650068044662,0.8094868659973145,0.39089977741241455,0.9729883670806885,0.07077203691005707,0.8119032382965088,squat
0.446249783039093,0.005475805606693029,-0.24539422988891602,0.9794321656227112,0.4532334804534912,-0.013290327042341232,-0.23738305270671844,0.9370512366294861,0.45791181921958923,-0.013417544774711132,-0.23777863383293152,0.9361037611961365,0.46257609128952026,-0.014020511880517006,-0.23778243362903595,0.9523167014122009,0.44126564264297485,-0.008928468450903893,-0.2389446198940277,0.9544408917427063,0.43682748079299927,-0.006208411417901516,-0.23934845626354218,0.9638643264770508,0.4326353967189789,-0.004202863667160273,-0.2396310269832611,0.9730865359306335,0.47291049361228943,-0.003163551213219762,-0.16650286316871643,0.9746443629264832,0.4328145980834961,0.009529723785817623,-0.17021077871322632,0.9648616909980774,0.4561309218406677,0.031453024595975876,-0.21264438331127167,0.9952934384346008,0.4417269229888916,0.03305365517735481,-0.21578915417194366,0.9953999519348145,0.5208563208580017,0.13471096754074097,-0.112385094165802,0.9998355507850647,0.39482367038726807,0.134019136428833,-0.11038633435964584,0.999757707118988,0.542551577091217,0.29131394624710083,-0.13768023252487183,0.9474064707756042,0.3708374500274658,0.30034491419792175,-0.11683502048254013,0.9547997117042542,0.5284994840621948,0.4080098867416382,-0.3169192969799042,0.9352229833602905,0.37366002798080444,0.43009689450263977,-0.2464478760957718,0.9743902683258057,0.5275588631629944,0.4439120292663574,-0.36492055654525757,0.9129893183708191,0.3702136278152466,0.4766295254230499,-0.2899412512779236,0.9600334167480469,0.5152379274368286,0.43188896775245667,-0.3927110731601715,0.9022229909896851,0.3845568299293518,0.4640007019042969,-0.31559568643569946,0.9547889828681946,0.511527955532074,0.42094531655311584,-0.33121201395988464,0.8526472449302673,0.3888165354728699,0.44813358783721924,-0.26051920652389526,0.9289156198501587,0.49543651938438416,0.4600992798805237,-0.0013318333076313138,0.9999309182167053,0.42087522149086,0.4656524360179901,0.0011320282937958837,0.9999462962150574,0.5016543865203857,0.677466869354248,0.04356932267546654,0.9329182505607605,0.4089876115322113,0.6911840438842773,0.059986554086208344,0.9410086870193481,0.5125022530555725,0.8813173770904541,0.21040180325508118,0.866615891456604,0.4102197289466858,0.8919157981872559,0.20789280533790588,0.8869214057922363,0.5028699636459351,0.8973155617713928,0.21795573830604553,0.7228936553001404,0.42032790184020996,0.9142538905143738,0.21631364524364471,0.7403303384780884,0.5300006866455078,0.9686126112937927,0.08175265789031982,0.8269690275192261,0.39108532667160034,0.9731355309486389,0.0876929759979248,0.8285985589027405,squat
0.4447256028652191,0.0066158352419734,-0.26147207617759705,0.9795827865600586,0.4515611231327057,-0.012035602703690529,-0.24986934661865234,0.9369843006134033,0.4563310146331787,-0.011857581324875355,-0.2502461075782776,0.9365253448486328,0.461304247379303,-0.011939148418605328,-0.25024768710136414,0.9522693753242493,0.4390321373939514,-0.010266466997563839,-0.2503229081630707,0.9549988508224487,0.43405240774154663,-0.008374032564461231,-0.25071287155151367,0.9648815393447876,0.4291229248046875,-0.0065022800117731094,-0.2509804368019104,0.9737282395362854,0.47165459394454956,-0.0009356399532407522,-0.15957796573638916,0.9746772050857544,0.429019033908844,0.006461525801569223,-0.15895630419254303,0.9649562239646912,0.45446211099624634,0.030289001762866974,-0.22209684550762177,0.9950934052467346,0.4390542507171631,0.030730001628398895,-0.22422432899475098,0.9952830672264099,0.5185624957084656,0.1345205456018448,-0.10081909596920013,0.9998351335525513,0.3922375738620758,0.13898727297782898,-0.09082457423210144,0.9997616410255432,0.541096568107605,0.28818416595458984,-0.158899188041687,0.947393000125885,0.3685976564884186,0.29617035388946533,-0.1515870988368988,0.9565041065216064,0.5126196146011353,0.34787696599960327,-0.3628080189228058,0.9378915429115295,0.37919920682907104,0.37262341380119324,-0.3130170702934265,0.9763343334197998,0.5070468187332153,0.38783344626426697,-0.41438397765159607,0.9180402159690857,0.3791351914405823,0.4154510796070099,-0.34260648488998413,0.9633699059486389,0.4938313364982605,0.3651117980480194,-0.4295465052127838,0.9086512327194214,0.38540855050086975,0.3881639242172241,-0.4100116789340973,0.9587014317512512,0.49254685640335083,0.35479986667633057,-0.37340348958969116,0.862075686454773,0.39112618565559387,0.3741408884525299,-0.2827751040458679,0.9349382519721985,0.49401575326919556,0.4616623818874359,-0.001572800800204277,0.9999334812164307,0.4194249212741852,0.46986356377601624,0.0013914101291447878,0.9999476671218872,0.5038913488388062,0.6746427416801453,-0.02011837251484394,0.9374892711639404,0.40727394819259644,0.6873555779457092,-0.026577074080705643,0.9446465969085693,0.5117605924606323,0.8805484175682068,0.17807435989379883,0.8788041472434998,0.4111265242099762,0.8934648036956787,0.15801315009593964,0.8971524834632874,0.5028458833694458,0.8972086310386658,0.1922692507505417,0.7381727695465088,0.42055049538612366,0.9156512022018433,0.19166840612888336,0.754249632358551,0.5299862623214722,0.9686453938484192,0.05173386260867119,0.8423067331314087,0.39212995767593384,0.9732387065887451,0.016547314822673798,0.8435354828834534,squat
0.44493556022644043,0.04438174143433571,-0.2792775630950928,0.981343686580658,0.45188984274864197,0.02214912511408329,-0.2610679566860199,0.9427204728126526,0.4567810893058777,0.021410582587122917,-0.2614768445491791,0.9422802329063416,0.46173277497291565,0.02111862041056156,-0.2614695727825165,0.956624448299408,0.4391354024410248,0.02383822575211525,-0.2620851695537567,0.9590875506401062,0.43395504355430603,0.025218365713953972,-0.2624388635158539,0.9680476784706116,0.4290030598640442,0.02663741447031498,-0.2626589834690094,0.9760550260543823,0.4696059226989746,0.031440068036317825,-0.1599007546901703,0.9769318699836731,0.4240794777870178,0.036939460784196854,-0.16127264499664307,0.9677404165267944,0.4548203945159912,0.0666680634021759,-0.2255999594926834,0.9953855872154236,0.4393095076084137,0.06902173161506653,-0.23033647239208221,0.995538592338562,0.5158926248550415,0.16463999450206757,-0.09633057564496994,0.9998382329940796,0.3897544741630554,0.16776913404464722,-0.08698005229234695,0.9997420310974121,0.542240560054779,0.31360161304473877,-0.17511074244976044,0.943770706653595,0.36186856031417847,0.3238782286643982,-0.22082705795764923,0.9513094425201416,0.4889696538448334,0.3012007474899292,-0.41418808698654175,0.9344705939292908,0.3946664333343506,0.29327911138534546,-0.4610259532928467,0.9720083475112915,0.47632527351379395,0.2892908453941345,-0.4622301459312439,0.916341245174408,0.41066327691078186,0.28928011655807495,-0.5156223773956299,0.9590662121772766,0.4673578143119812,0.2661103904247284,-0.4570087492465973,0.9074655175209045,0.4110630452632904,0.2589476704597473,-0.5091941356658936,0.9541599154472351,0.46916288137435913,0.2715594172477722,-0.41472163796424866,0.8590039014816284,0.4077776074409485,0.26255035400390625,-0.45988789200782776,0.9279419779777527,0.4938167631626129,0.48034510016441345,-0.0010099426144734025,0.9999352097511292,0.41860294342041016,0.4855252206325531,0.0008415824850089848,0.9999469518661499,0.5068321824073792,0.6753889918327332,-0.1399790495634079,0.9409694671630859,0.39994630217552185,0.6928394436836243,-0.18350616097450256,0.9466747045516968,0.5107267498970032,0.8829522132873535,0.09073413908481598,0.8885192275047302,0.41113799810409546,0.8942053318023682,0.04831537976861,0.9044492840766907,0.5019123554229736,0.8994058966636658,0.10745584964752197,0.7528392672538757,0.4215327799320221,0.9151222109794617,0.06929979473352432,0.7639788389205933,0.5303437113761902,0.9741625189781189,-0.016993774101138115,0.8537540435791016,0.39282673597335815,0.9783883690834045,-0.05625464767217636,0.8527266979217529,squat
0.4437682628631592,0.1701585054397583,-0.34166476130485535,0.9831774830818176,0.4502721428871155,0.1450529545545578,-0.3223825991153717,0.9484052062034607,0.45515042543411255,0.1446543037891388,-0.32271498441696167,0.9480024576187134,0.46032804250717163,0.14387977123260498,-0.3226948082447052,0.9609230756759644,0.43739810585975647,0.14639519155025482,-0.32048970460891724,0.9631479382514954,0.43251752853393555,0.1461990773677826,-0.32081443071365356,0.971214234828949,0.428309828042984,0.14604617655277252,-0.32101887464523315,0.9784241318702698,0.4689856469631195,0.15045079588890076,-0.20187422633171082,0.9792057275772095,0.42374172806739807,0.15083935856819153,-0.19393087923526764,0.9708982110023499,0.4540196359157562,0.18857769668102264,-0.29220473766326904,0.9957967400550842,0.43812283873558044,0.19477663934230804,-0.29225486516952515,0.995934784412384,0.5146197080612183,0.26810377836227417,-0.1463150531053543,0.9998337626457214,0.38993698358535767,0.2708391547203064,-0.13098207116127014,0.9997342824935913,0.5436545610427856,0.406386137008667,-0.32119113206863403,0.9457901120185852,0.3575567603111267,0.4112858176231384,-0.328823983669281,0.9523510336875916,0.4850448966026306,0.31798163056373596,-0.5432808995246887,0.9351866841316223,0.4048854410648346,0.30161619186401367,-0.564508318901062,0.9723877906799316,0.4672625958919525,0.29016944766044617,-0.5885134935379028,0.9175955057144165,0.4230206608772278,0.2816862463951111,-0.6188618540763855,0.9588792324066162,0.4627392292022705,0.27113062143325806,-0.5718473196029663,0.9088125824928284,0.4260926842689514,0.26433417201042175,-0.5948299765586853,0.9537603855133057,0.4655344486236572,0.2858310043811798,-0.5391212105751038,0.8602874279022217,0.42183607816696167,0.2772212624549866,-0.561452329158783,0.9275239109992981,0.49451056122779846,0.5546945929527283,-0.0008335596648976207,0.999930202960968,0.41795477271080017,0.560392439365387,0.0006639162311330438,0.9999419450759888,0.5417057275772095,0.7369108200073242,-0.20996424555778503,0.9417650103569031,0.38036903738975525,0.7570218443870544,-0.25625526905059814,0.94749516248703,0.5109620690345764,0.8842529058456421,0.060879506170749664,0.8849497437477112,0.41113004088401794,0.8935868144035339,0.017989713698625565,0.9010242223739624,0.5015865564346313,0.8991367816925049,0.08441507816314697,0.7484058737754822,0.42286568880081177,0.9085054397583008,0.04412642866373062,0.7572780847549438,0.5307694673538208,0.9783928990364075,-0.0065274350345134735,0.8464472889900208,0.38716280460357666,0.978222131729126,-0.04728808254003525,0.8427339792251587,squat
0.446795791387558,0.33283084630966187,-0.3944520056247711,0.9848149418830872,0.45219382643699646,0.30810704827308655,-0.376085489988327,0.9535251259803772,0.4579751491546631,0.30686405301094055,-0.3763997256755829,0.9531518816947937,0.4633753299713135,0.30629444122314453,-0.3763960003852844,0.9647904634475708,0.43948930501937866,0.31013602018356323,-0.3741295337677002,0.9668076634407043,0.4353543221950531,0.31029748916625977,-0.3744225800037384,0.9740667939186096,0.43072232604026794,0.3102865517139435,-0.3746334910392761,0.9805619716644287,0.470376580953598,0.3094502389431,-0.2594972848892212,0.9812445640563965,0.4252285957336426,0.31341350078582764,-0.250725656747818,0.9737569093704224,0.4557885229587555,0.35036563873291016,-0.34790876507759094,0.9961156845092773,0.44090700149536133,0.35594069957733154,-0.3473866581916809,0.9962568283081055,0.5146512389183044,0.41937530040740967,-0.21509484946727753,0.9997988939285278,0.391678124666214,0.4136197865009308,-0.19556179642677307,0.9997113347053528,0.5383010506629944,0.5619332790374756,-0.4095463752746582,0.9424991607666016,0.3603943884372711,0.5674744844436646,-0.39060139656066895,0.9533663392066956,0.48371943831443787,0.4384831190109253,-0.6154212355613708,0.9221855401992798,0.4154648780822754,0.4404257833957672,-0.6051615476608276,0.9724633097648621,0.4687216281890869,0.40762820839881897,-0.657204806804657,0.9006659388542175,0.4329221248626709,0.408934623003006,-0.6551834344863892,0.95702064037323,0.4647970199584961,0.3846341073513031,-0.6389821767807007,0.8894310593605042,0.4362974762916565,0.3860463500022888,-0.6285814642906189,0.9513393640518188,0.4668065011501312,0.4051204323768616,-0.610836386680603,0.8351803421974182,0.43171319365501404,0.4009849429130554,-0.6006819009780884,0.9232427477836609,0.4953133463859558,0.6768198013305664,-0.0009006431209854782,0.9999166131019592,0.4183245301246643,0.6803746223449707,0.0007373990374617279,0.9999338984489441,0.5640668272972107,0.7767168879508972,-0.24622514843940735,0.9423835873603821,0.3573358952999115,0.7792384624481201,-0.2830114960670471,0.9493306875228882,0.5142757296562195,0.8822931051254272,0.06871139258146286,0.8712055087089539,0.4102795720100403,0.8912345170974731,0.0171652864664793,0.8954283595085144,0.5017397403717041,0.8875473737716675,0.09799307584762573,0.7396460771560669,0.42295193672180176,0.9008041620254517,0.04805242270231247,0.7543750405311584,0.526854932308197,0.9748458862304688,0.016835564747452736,0.8285795450210571,0.38434821367263794,0.975612223148346,-0.034403201192617416,0.8311370611190796,squat
0.4517728388309479,0.38432490825653076,-0.22753813862800598,0.9863166809082031,0.45855817198753357,0.3626287281513214,-0.20581968128681183,0.9581542015075684,0.4632903039455414,0.3624168038368225,-0.2060122787952423,0.9578109383583069,0.4689212739467621,0.36242786049842834,-0.20599770545959473,0.9682933688163757,0.4437105655670166,0.36248666048049927,-0.20497731864452362,0.9701170325279236,0.43945804238319397,0.36299511790275574,-0.20520314574241638,0.9766495227813721,0.4349755644798279,0.36389318108558655,-0.20535656809806824,0.9824988842010498,0.4758397936820984,0.36675572395324707,-0.0981370210647583,0.9831025004386902,0.4290808141231537,0.37093162536621094,-0.09422473609447479,0.9763634204864502,0.4614393711090088,0.40699493885040283,-0.18632259964942932,0.9964773058891296,0.44328784942626953,0.40958642959594727,-0.1870345175266266,0.9966077208518982,0.5174201726913452,0.4717620015144348,-0.07679426670074463,0.999803900718689,0.39519447088241577,0.4716261625289917,-0.06380769610404968,0.9997287392616272,0.5461010932922363,0.6188512444496155,-0.24945037066936493,0.9404761791229248,0.3647506833076477,0.6305205225944519,-0.2466537058353424,0.9552162289619446,0.48619070649147034,0.5024179816246033,-0.4096662998199463,0.9144784808158875,0.42562422156333923,0.507070004940033,-0.41153544187545776,0.9740613698959351,0.47219118475914,0.4656533896923065,-0.4359048306941986,0.8853487968444824,0.43690934777259827,0.46904563903808594,-0.4462525248527527,0.9577358961105347,0.46627727150917053,0.4476267397403717,-0.4080163538455963,0.8701316118240356,0.44055452942848206,0.4466021955013275,-0.4129141867160797,0.9514786601066589,0.46905121207237244,0.46647506952285767,-0.3987830877304077,0.8090973496437073,0.4406171441078186,0.4638344645500183,-0.4017626643180847,0.9229621887207031,0.49660524725914,0.7199821472167969,-0.001494996133260429,0.9999116063117981,0.41923514008522034,0.7240084409713745,0.001351888058707118,0.9999319314956665,0.5692486763000488,0.7925252318382263,-0.2811800539493561,0.9339476227760315,0.3487498164176941,0.7950481176376343,-0.312862753868103,0.9430734515190125,0.5128273963928223,0.88067227602005,0.01880265399813652,0.8043652772903442,0.4149863123893738,0.8938758969306946,-0.02665444277226925,0.8333353400230408,0.498765230178833,0.8751468062400818,0.05075567215681076,0.6908767819404602,0.4301167130470276,0.8992061018943787,0.006060717161744833,0.7093993425369263,0.5221956968307495,0.9650302529335022,0.009788738563656807,0.7613315582275391,0.39578375220298767,0.9739853739738464,-0.0389566533267498,0.7661324739456177,squat
0.4552037715911865,0.31240490078926086,-0.5229368805885315,0.9876634478569031,0.4620836675167084,0.2929780185222626,-0.5044183135032654,0.9623165726661682,0.46748384833335876,0.29354286193847656,-0.5047116279602051,0.9619989991188049,0.47212958335876465,0.2940477728843689,-0.5047106146812439,0.9714406132698059,0.4463798999786377,0.2893920838832855,-0.5056562423706055,0.9730935096740723,0.4412672519683838,0.28869062662124634,-0.506004810333252,0.9789730906486511,0.4370959401130676,0.2885362505912781,-0.5061807036399841,0.9842397570610046,0.47896307706832886,0.29758140444755554,-0.36825644969940186,0.9847798347473145,0.43061113357543945,0.2975901663303375,-0.373914510011673,0.9787113070487976,0.4646170139312744,0.33557432889938354,-0.46774086356163025,0.9968010783195496,0.44605883955955505,0.3389407992362976,-0.4709393382072449,0.9969243407249451,0.5201831459999084,0.41258177161216736,-0.3062385022640228,0.9998062252998352,0.39470386505126953,0.4182003140449524,-0.3042708933353424,0.9997323751449585,0.5540667772293091,0.544055700302124,-0.5565595030784607,0.9447492361068726,0.37478524446487427,0.5706757307052612,-0.5688451528549194,0.9588674902915955,0.48682546615600586,0.4485573172569275,-0.8128533363342285,0.9142994284629822,0.4285556674003601,0.4517506957054138,-0.8344185948371887,0.9755896329879761,0.47460970282554626,0.4251203238964081,-0.8659152984619141,0.877663791179657,0.4399392604827881,0.436585396528244,-0.8949511647224426,0.9584389925003052,0.4717220664024353,0.4068904519081116,-0.8380224108695984,0.8578469157218933,0.4426226019859314,0.4141113758087158,-0.8617202043533325,0.9508342146873474,0.47294020652770996,0.4192450940608978,-0.8066209554672241,0.7846587896347046,0.4415016770362854,0.4200117290019989,-0.8283475637435913,0.9179097414016724,0.4967721998691559,0.6572685241699219,-0.0015167896635830402,0.9999129772186279,0.4207708239555359,0.6640584468841553,0.001372118596918881,0.9999332427978516,0.5677209496498108,0.7834004163742065,-0.2896304130554199,0.9307000041007996,0.35318076610565186,0.7894788384437561,-0.3362550437450409,0.9410398006439209,0.516372561454773,0.8806406855583191,0.059267330914735794,0.7783761024475098,0.41275525093078613,0.8899479508399963,0.013606217689812183,0.8165475726127625,0.5000128149986267,0.8776298761367798,0.08246982842683792,0.6703152060508728,0.4296446442604065,0.8969420790672302,0.04229740425944328,0.693017840385437,0.5223862528800964,0.9675116539001465,0.008728141896426678,0.7283179759979248,0.39495301246643066,0.9715504050254822,-0.03798281028866768,0.7361637949943542,squat
0.4548889994621277,0.1865326315164566,-0.2531539499759674,0.9888343811035156,0.4619952142238617,0.16203786432743073,-0.22955910861492157,0.9659826755523682,0.4675765633583069,0.16178444027900696,-0.22979331016540527,0.9656631946563721,0.47210177779197693,0.16153796017169952,-0.22973203659057617,0.9741964936256409,0.44651541113853455,0.1614433228969574,-0.22999098896980286,0.9757182002067566,0.44174712896347046,0.16073811054229736,-0.23027703166007996,0.9810152649879456,0.43743276596069336,0.16044984757900238,-0.23044581711292267,0.9857643246650696,0.4788287281990051,0.1703835427761078,-0.08968724310398102,0.9862613677978516,0.43067798018455505,0.16873957216739655,-0.09156166017055511,0.9807729721069336,0.464568555355072,0.20750463008880615,-0.19793713092803955,0.9970995783805847,0.4463120400905609,0.20732106268405914,-0.2003902941942215,0.9972087144851685,0.5193957090377808,0.28703150153160095,-0.030354201793670654,0.9998183846473694,0.3966495990753174,0.30148473381996155,-0.015087415464222431,0.9997420310974121,0.5529437065124512,0.42656436562538147,-0.18407054245471954,0.9451645612716675,0.3766438961029053,0.46876052021980286,-0.19040599465370178,0.9568201303482056,0.4909542202949524,0.3605479300022125,-0.46998804807662964,0.9207718968391418,0.4238835275173187,0.36075112223625183,-0.48203128576278687,0.9772394299507141,0.48558053374290466,0.32750189304351807,-0.5337279438972473,0.887876033782959,0.43635088205337524,0.3296011686325073,-0.5525093078613281,0.961709201335907,0.4759694039821625,0.30915477871894836,-0.5269634127616882,0.8698194026947021,0.43854203820228577,0.3127140402793884,-0.5392157435417175,0.9546520709991455,0.4736146330833435,0.3269270062446594,-0.4725711941719055,0.8010163903236389,0.4387661814689636,0.32787278294563293,-0.4848369061946869,0.9238650798797607,0.4988272786140442,0.5602580308914185,-0.003859995398670435,0.9999204277992249,0.4236528277397156,0.565835177898407,0.0037363427691161633,0.9999385476112366,0.5603214502334595,0.7717676758766174,-0.16136614978313446,0.9371185898780823,0.35672467947006226,0.7775582075119019,-0.18814969062805176,0.9462774395942688,0.5170518755912781,0.8805847764015198,0.17915180325508118,0.7996103763580322,0.4099690318107605,0.882062554359436,0.16179898381233215,0.8337124586105347,0.5018633604049683,0.8789560198783875,0.20840799808502197,0.6976086497306824,0.4273456633090973,0.891168475151062,0.19478389620780945,0.7181766033172607,0.5253387093544006,0.9707860350608826,0.10732945054769516,0.7532455921173096,0.3909299373626709,0.9719254970550537,0.10423211008310318,0.7592402100563049,squat
0.45454663038253784,0.07427728176116943,-0.2826194167137146,0.9876789450645447,0.46239861845970154,0.02243998646736145,-0.2646084427833557,0.9598836898803711,0.46722936630249023,0.021343011409044266,-0.2648872435092926,0.9593766331672668,0.4716147482395172,0.020743610337376595,-0.26487013697624207,0.9695157408714294,0.4491759240627289,0.025072535499930382,-0.264755517244339,0.9705024361610413,0.44518500566482544,0.025964045897126198,-0.2650773823261261,0.9768252372741699,0.439580500125885,0.07215968519449234,-0.26530152559280396,0.9817637205123901,0.4782828688621521,0.07224969565868378,-0.14553765952587128,0.9853441119194031,0.43576082587242126,0.07106738537549973,-0.1450478732585907,0.9775372743606567,0.46356457471847534,0.08121687918901443,-0.23512697219848633,0.9969879388809204,0.44684964418411255,0.08468888700008392,-0.23705008625984192,0.996976375579834,0.519626796245575,0.16055122017860413,-0.0823303684592247,0.9998283982276917,0.3990841209888458,0.15481337904930115,-0.0780283734202385,0.9997394680976868,0.5525331497192383,0.29993343353271484,-0.16176459193229675,0.9487349390983582,0.37492644786834717,0.3023588955402374,-0.1611754149198532,0.955675482749939,0.5099571943283081,0.36075228452682495,-0.373277872800827,0.9278587102890015,0.411566823720932,0.37213677167892456,-0.36193913221359253,0.9773833751678467,0.5059786438941956,0.3616161644458771,-0.4295637607574463,0.8981626629829407,0.4139503538608551,0.40449443459510803,-0.41994720697402954,0.9633331298828125,0.4962400496006012,0.3479618430137634,-0.44819211959838867,0.8820047378540039,0.42462605237960815,0.3860737681388855,-0.4365474283695221,0.9571518898010254,0.4929245412349701,0.33345189690589905,-0.3847271502017975,0.8193272352218628,0.4274318814277649,0.3690107464790344,-0.3738889992237091,0.9281701445579529,0.4982399046421051,0.4672467112541199,0.000381513120373711,0.9999184012413025,0.42542868852615356,0.4668901264667511,-0.0004983021644875407,0.999933123588562,0.5196964740753174,0.6770570278167725,-0.027132725343108177,0.9342985153198242,0.40372395515441895,0.6756115555763245,-0.13850775361061096,0.9477697610855103,0.5163966417312622,0.8806190490722656,0.14884713292121887,0.8168091177940369,0.4091881215572357,0.8786789774894714,0.051665253937244415,0.8471006155014038,0.5030686855316162,0.8897793889045715,0.1630041003227234,0.7061336636543274,0.42211562395095825,0.8924235701560974,0.058775585144758224,0.7261322140693665,0.5265570282936096,0.970357358455658,0.03477444499731064,0.7726699709892273,0.39049455523490906,0.9720399379730225,-0.08267209678888321,0.7770513296127319,squat
0.45232462882995605,0.009163298644125462,-0.2950679659843445,0.9816822409629822,0.45880556106567383,-0.012795225717127323,-0.2748526632785797,0.9401291012763977,0.46339988708496094,-0.013881886377930641,-0.2753804326057434,0.9401794075965881,0.4677899479866028,-0.014981856569647789,-0.27543237805366516,0.9552845358848572,0.4474100172519684,-0.009898912161588669,-0.27702176570892334,0.9567789435386658,0.4433310031890869,-0.008552066050469875,-0.277527779340744,0.9661715626716614,0.438184916973114,-0.004661121405661106,-0.27792948484420776,0.974053144454956,0.47706979513168335,-0.004759686999022961,-0.2089703381061554,0.9778112769126892,0.4353209137916565,0.00524488277733326,-0.20925256609916687,0.9678336977958679,0.4617699086666107,0.02996625192463398,-0.24760115146636963,0.9961109161376953,0.44584089517593384,0.03337335214018822,-0.2508018910884857,0.996123731136322,0.5195433497428894,0.1365431547164917,-0.13374319672584534,0.9998376965522766,0.3988453447818756,0.13580547273159027,-0.13778240978717804,0.999746561050415,0.5514734983444214,0.28858667612075806,-0.1624986231327057,0.9474711418151855,0.37385931611061096,0.29945409297943115,-0.15004105865955353,0.9544119238853455,0.5368409752845764,0.3800239861011505,-0.3189636766910553,0.9292983412742615,0.3759754002094269,0.4234482944011688,-0.25189971923828125,0.9764845371246338,0.5399665236473083,0.42959684133529663,-0.3604208827018738,0.9012579917907715,0.3710104823112488,0.4814574718475342,-0.29066386818885803,0.9623903036117554,0.5310748219490051,0.4231768250465393,-0.3912222385406494,0.8873835802078247,0.3836280107498169,0.4755416810512543,-0.32014331221580505,0.9572375416755676,0.5260493159294128,0.4059428870677948,-0.33368414640426636,0.8279374837875366,0.3886941373348236,0.45575976371765137,-0.26676028966903687,0.9294991493225098,0.4965832829475403,0.45870792865753174,0.000360148202162236,0.9999246597290039,0.4249836802482605,0.4634442925453186,-0.0004745130427181721,0.999937891960144,0.5023388862609863,0.6770889163017273,0.08241231739521027,0.9371108412742615,0.4121319651603699,0.6830509901046753,0.018947243690490723,0.9502723813056946,0.5154709219932556,0.8804166316986084,0.27162185311317444,0.8342978954315186,0.40974077582359314,0.8805307149887085,0.14849182963371277,0.8617453575134277,0.5036495327949524,0.8933321833610535,0.2805001735687256,0.7199941873550415,0.42144671082496643,0.9064740538597107,0.1533813178539276,0.7417794466018677,0.5266264081001282,0.9670482277870178,0.13752561807632446,0.793840229511261,0.39029011130332947,0.9721466898918152,0.0024898669216781855,0.798034131526947,squat
0.45090579986572266,0.0018666846444830298,-0.3136998414993286,0.9786109328269958,0.4576694071292877,-0.016632044687867165,-0.30427324771881104,0.9293739199638367,0.4625774025917053,-0.016853004693984985,-0.3047413229942322,0.9283013343811035,0.46726521849632263,-0.017405329272150993,-0.3047540485858917,0.9471338987350464,0.44577914476394653,-0.015203745104372501,-0.3064448833465576,0.9511648416519165,0.4413096010684967,-0.014061768539249897,-0.3069167137145996,0.9618149399757385,0.4363462030887604,-0.013009792193770409,-0.3072578012943268,0.9716185927391052,0.476905882358551,-0.008354529738426208,-0.22501187026500702,0.9712501168251038,0.4344750940799713,0.00017414221656508744,-0.2278592884540558,0.9627149105072021,0.4609697461128235,0.026500144973397255,-0.27612146735191345,0.9953566789627075,0.4447573721408844,0.028487155213952065,-0.2797967493534088,0.9955855011940002,0.5206841826438904,0.14068767428398132,-0.14640070497989655,0.9998401403427124,0.3978034555912018,0.1406237781047821,-0.15126816928386688,0.9997493624687195,0.5515120625495911,0.2947918176651001,-0.15584442019462585,0.9408394694328308,0.37252938747406006,0.3084973990917206,-0.140304297208786,0.9502210021018982,0.5532466173171997,0.4059510827064514,-0.30681413412094116,0.9217519760131836,0.3600485622882843,0.44653069972991943,-0.22689273953437805,0.9739344716072083,0.5582383871078491,0.46289342641830444,-0.3467526137828827,0.8938016891479492,0.35349276661872864,0.5075068473815918,-0.2627912163734436,0.9589456915855408,0.5478082895278931,0.4523361325263977,-0.38026514649391174,0.8828985691070557,0.3629888594150543,0.5031335353851318,-0.2951546311378479,0.954923689365387,0.5413980484008789,0.4369095265865326,-0.32284194231033325,0.8244157433509827,0.37035036087036133,0.48099851608276367,-0.24263834953308105,0.9276066422462463,0.49656161665916443,0.466082900762558,5.4957799875410274e-05,0.9999305009841919,0.42473429441452026,0.471457839012146,-0.00021325296256691217,0.9999426007270813,0.5024293661117554,0.6843234896659851,0.08384301513433456,0.9393002986907959,0.41259661316871643,0.6905312538146973,0.07342033088207245,0.9497161507606506,0.5134565234184265,0.8794552087783813,0.2896069884300232,0.8496419191360474,0.41042447090148926,0.8877031207084656,0.21997804939746857,0.8746240139007568,0.5035811066627502,0.8937804102897644,0.30025744438171387,0.7292605638504028,0.42114025354385376,0.9136587977409363,0.22687630355358124,0.7518355846405029,0.5269014835357666,0.9668796062469482,0.1544693410396576,0.8123975992202759,0.39016562700271606,0.973518967628479,0.07644816488027573,0.8164477944374084,squat
0.44926899671554565,0.005659597460180521,-0.27153655886650085,0.9788246750831604,0.45550665259361267,-0.013328739441931248,-0.26063963770866394,0.9298359751701355,0.46023231744766235,-0.013728915713727474,-0.2610630393028259,0.9287915229797363,0.4649966359138489,-0.014387409202754498,-0.2610680162906647,0.9475148320198059,0.44390803575515747,-0.01023686770349741,-0.26295316219329834,0.9520217180252075,0.43931421637535095,-0.008361146785318851,-0.2633531391620636,0.9626473188400269,0.43446245789527893,-0.0069928658194839954,-0.26363351941108704,0.972276508808136,0.47462671995162964,-0.005554703995585442,-0.1760077029466629,0.9711401462554932,0.432905912399292,0.004909028764814138,-0.18378500640392303,0.9627814292907715,0.45852452516555786,0.029830018058419228,-0.2344498187303543,0.9953134655952454,0.4437851011753082,0.03284994885325432,-0.23868055641651154,0.9955723285675049,0.5204305648803711,0.13715533912181854,-0.11481814086437225,0.9998462796211243,0.3954485058784485,0.1379624605178833,-0.11987730115652084,0.999754786491394,0.5509234070777893,0.28826507925987244,-0.1506321132183075,0.9408260583877563,0.3690871596336365,0.3008265495300293,-0.15231874585151672,0.9506608843803406,0.5478827357292175,0.4041978120803833,-0.3431917726993561,0.9260730743408203,0.35786503553390503,0.43451085686683655,-0.31205126643180847,0.9751263856887817,0.550311267375946,0.4456200897693634,-0.39312320947647095,0.9003946185112,0.35015982389450073,0.48365703225135803,-0.36088255047798157,0.9611708521842957,0.539177656173706,0.4334198832511902,-0.4223930835723877,0.890995442867279,0.3637305498123169,0.47434523701667786,-0.3861871361732483,0.9577320218086243,0.5346347689628601,0.42232921719551086,-0.3591834008693695,0.8365037441253662,0.3703942596912384,0.45592567324638367,-0.32757818698883057,0.9322391748428345,0.4953685700893402,0.46790310740470886,-0.0008048346498981118,0.9999347925186157,0.42188555002212524,0.47462350130081177,0.0006201962241902947,0.9999455809593201,0.5020054578781128,0.6868322491645813,0.07244428247213364,0.9413561224937439,0.4128298759460449,0.6966355443000793,0.08233097940683365,0.9476324319839478,0.5127536654472351,0.8793767094612122,0.26592856645584106,0.8633748888969421,0.4111238420009613,0.8896232843399048,0.25056102871894836,0.8853923082351685,0.5036030411720276,0.8944623470306396,0.27546244859695435,0.738702118396759,0.42114806175231934,0.9147264361381531,0.2601257264614105,0.757119357585907,0.5271888375282288,0.9670165181159973,0.13141292333602905,0.8290424942970276,0.39056316018104553,0.9735523462295532,0.12060598284006119,0.8317555785179138,squat
0.44744962453842163,0.004172091837972403,-0.2659681737422943,0.9794295430183411,0.45358309149742126,-0.015647465363144875,-0.25260621309280396,0.9316989779472351,0.4582730233669281,-0.0157809779047966,-0.25300103425979614,0.9308072924613953,0.4632367491722107,-0.0160942692309618,-0.25300487875938416,0.9487451910972595,0.4422938823699951,-0.013829121366143227,-0.25352221727371216,0.9534940719604492,0.43747276067733765,-0.012528280727565289,-0.2539076805114746,0.9640539288520813,0.4323640465736389,-0.011549513787031174,-0.2541755437850952,0.9732293486595154,0.47311267256736755,-0.00571596110239625,-0.15638825297355652,0.971651017665863,0.4305185377597809,0.0006287277210503817,-0.15825219452381134,0.9632999897003174,0.4563480019569397,0.027552835643291473,-0.22566556930541992,0.9951461553573608,0.44200101494789124,0.028318975120782852,-0.2284545600414276,0.9954555034637451,0.5176016688346863,0.13856346905231476,-0.09632568061351776,0.9998417496681213,0.3917425870895386,0.1399538218975067,-0.09922169893980026,0.999756395816803,0.5481801629066467,0.28593888878822327,-0.1665010154247284,0.9404353499412537,0.36606425046920776,0.29568538069725037,-0.16449297964572906,0.9525547027587891,0.5367504358291626,0.35714781284332275,-0.3803005516529083,0.9290502071380615,0.3651260733604431,0.39307886362075806,-0.3552590310573578,0.9767221212387085,0.5378555059432983,0.4037628471851349,-0.41780680418014526,0.9061569571495056,0.3608808219432831,0.45020636916160583,-0.39388683438301086,0.964002251625061,0.5271639227867126,0.3880442678928375,-0.44940656423568726,0.8980944752693176,0.3683261275291443,0.43126681447029114,-0.41849690675735474,0.9609993696212769,0.5233262181282043,0.373626172542572,-0.3894173800945282,0.8470192551612854,0.374138742685318,0.40639567375183105,-0.3636499047279358,0.9374126195907593,0.4927416443824768,0.4643379747867584,-0.0006218233029358089,0.9999366998672485,0.4187764525413513,0.467081755399704,0.000441047886852175,0.9999467134475708,0.4997529089450836,0.6730494499206543,0.03781308978796005,0.9422668814659119,0.40843844413757324,0.6946426630020142,0.033803991973400116,0.9477788805961609,0.5119767785072327,0.8794084191322327,0.21541555225849152,0.8754639029502869,0.4114534854888916,0.8908193707466125,0.1848635971546173,0.8951348066329956,0.5034183263778687,0.8965911865234375,0.23004338145256042,0.7477942109107971,0.4211835265159607,0.9161071181297302,0.194281205534935,0.7641100883483887,0.5282856822013855,0.9680035710334778,0.08605199307203293,0.8435375690460205,0.39099258184432983,0.9736801385879517,0.06292445957660675,0.8451825976371765,squat
0.4476633071899414,0.03304114565253258,-0.2887592911720276,0.9813520312309265,0.4536527991294861,0.010366548784077168,-0.26942774653434753,0.9382563233375549,0.45835089683532715,0.01102056261152029,-0.26980575919151306,0.9374279975891113,0.4634940028190613,0.011645426973700523,-0.26979511976242065,0.9536652565002441,0.4420507848262787,0.010889895260334015,-0.27016913890838623,0.9579468965530396,0.436777263879776,0.011981433257460594,-0.27050402760505676,0.9674757122993469,0.43158355355262756,0.01351706963032484,-0.2706977128982544,0.9757599234580994,0.47257599234580994,0.02394339255988598,-0.16510923206806183,0.9743290543556213,0.4272976815700531,0.026986636221408844,-0.16655045747756958,0.966571033000946,0.4565708637237549,0.056905295699834824,-0.2348339557647705,0.9955325722694397,0.44155555963516235,0.057681795209646225,-0.23914198577404022,0.9958010911941528,0.5149868130683899,0.15940715372562408,-0.09941065311431885,0.9998471736907959,0.3908117413520813,0.1641521155834198,-0.10047594457864761,0.9997488856315613,0.5481353998184204,0.30883994698524475,-0.17219538986682892,0.9399617314338684,0.36435848474502563,0.32246726751327515,-0.23354630172252655,0.9503094553947449,0.49721890687942505,0.2951511740684509,-0.4231392741203308,0.9290707111358643,0.4052746891975403,0.3017750680446625,-0.4757121205329895,0.9723859429359436,0.48667892813682556,0.28231072425842285,-0.4694979190826416,0.9074605703353882,0.41526666283607483,0.2897418737411499,-0.5328342914581299,0.9590189456939697,0.4781990647315979,0.2624136507511139,-0.47180938720703125,0.8999118208885193,0.4180852770805359,0.26770728826522827,-0.5249437689781189,0.9556757807731628,0.47846898436546326,0.2685966491699219,-0.4249795973300934,0.8484975695610046,0.41661834716796875,0.2732407748699188,-0.47841015458106995,0.9289892315864563,0.49277520179748535,0.4785831570625305,0.0018037983682006598,0.9999384880065918,0.41850465536117554,0.48543697595596313,-0.001944257179275155,0.9999465346336365,0.5060502886772156,0.6817636489868164,-0.14456525444984436,0.9450258016586304,0.4040980935096741,0.6997254490852356,-0.1812465935945511,0.9495112299919128,0.5111106038093567,0.8825355768203735,0.07487838715314865,0.8850125670433044,0.41127529740333557,0.8934011459350586,0.03857403248548508,0.9023838043212891,0.5025855302810669,0.8992286920547485,0.089943528175354,0.759577214717865,0.4211260676383972,0.916521430015564,0.05576173588633537,0.7703505158424377,0.5290225148200989,0.9713302850723267,-0.043852485716342926,0.8543776869773865,0.3952479660511017,0.9782243371009827,-0.0761096403002739,0.8540065884590149,squat
0.44815462827682495,0.14165157079696655,-0.30483880639076233,0.9830894470214844,0.4541781544685364,0.1184936910867691,-0.2839643955230713,0.9442446827888489,0.459308922290802,0.11899081617593765,-0.2843025326728821,0.9434758424758911,0.4641973078250885,0.11919371038675308,-0.28427350521087646,0.9581378102302551,0.4422031342983246,0.11645293980836868,-0.28385433554649353,0.9620084762573242,0.4373350143432617,0.11553074419498444,-0.2841758131980896,0.9705978631973267,0.43215274810791016,0.1149211898446083,-0.28436630964279175,0.9780674576759338,0.47247132658958435,0.1251770257949829,-0.16869594156742096,0.9767647385597229,0.4274185597896576,0.1234155222773552,-0.16977284848690033,0.9696062803268433,0.4566013813018799,0.15889166295528412,-0.2497595101594925,0.9957942366600037,0.441661536693573,0.16135551035404205,-0.2529503107070923,0.9960256218910217,0.5148758292198181,0.23731300234794617,-0.1045817881822586,0.9998310804367065,0.3926951289176941,0.2318318635225296,-0.10362416505813599,0.9997127056121826,0.5454543232917786,0.38227373361587524,-0.26969030499458313,0.9394017457962036,0.3670833706855774,0.36123204231262207,-0.30122748017311096,0.9483312368392944,0.4845964014530182,0.29778000712394714,-0.5030189752578735,0.9269188642501831,0.4193035066127777,0.2782425880432129,-0.5356695652008057,0.9701027870178223,0.47239917516708374,0.26304158568382263,-0.5478483438491821,0.9063758254051208,0.43258199095726013,0.25162747502326965,-0.5900444984436035,0.9554260969161987,0.46825939416885376,0.24584665894508362,-0.5354518294334412,0.8986057043075562,0.4365091323852539,0.2326657474040985,-0.568632185459137,0.9512709379196167,0.4689372479915619,0.2588205337524414,-0.5007128119468689,0.8459129929542542,0.43504756689071655,0.24687832593917847,-0.5338471531867981,0.9228928685188293,0.4928634762763977,0.5275576114654541,0.0026376908645033836,0.9999341368675232,0.41845831274986267,0.5296693444252014,-0.0027848565950989723,0.9999412894248962,0.5306063890457153,0.7128093242645264,-0.18258517980575562,0.9467500448226929,0.3844018280506134,0.7389460206031799,-0.22092704474925995,0.950108528137207,0.5105388164520264,0.883876383304596,0.05404828116297722,0.8891134858131409,0.4100775122642517,0.8933873772621155,0.01913878321647644,0.9041910767555237,0.5004006624221802,0.8997682332992554,0.0730784460902214,0.7641787528991699,0.4211418032646179,0.9159135818481445,0.040225107222795486,0.768855631351471,0.5294612050056458,0.9726505875587463,-0.024240370839834213,0.8561094999313354,0.39002642035484314,0.9783236384391785,-0.059760354459285736,0.851134181022644,squat
0.4514545798301697,0.30515438318252563,-0.35214027762413025,0.9847434163093567,0.458585262298584,0.28181004524230957,-0.3318958282470703,0.9497855305671692,0.46423035860061646,0.2818039059638977,-0.3321823179721832,0.9490799903869629,0.4692568778991699,0.2821241319179535,-0.33217236399650574,0.9622875452041626,0.44496870040893555,0.2828938961029053,-0.3310689330101013,0.9657883048057556,0.4407424032688141,0.28283220529556274,-0.3313513696193695,0.973517656326294,0.43637076020240784,0.2827072739601135,-0.3315368890762329,0.9802464246749878,0.47545185685157776,0.2872404158115387,-0.2138892114162445,0.9790468215942383,0.42892542481422424,0.28652775287628174,-0.21096578240394592,0.9726044535636902,0.46029120683670044,0.326652854681015,-0.3046341836452484,0.9961268305778503,0.44484081864356995,0.33042672276496887,-0.30590373277664185,0.9963586926460266,0.5162013173103333,0.4009186327457428,-0.17725661396980286,0.9997977614402771,0.3926244080066681,0.39625346660614014,-0.15816815197467804,0.9997031688690186,0.5434496998786926,0.5512597560882568,-0.37534764409065247,0.9347391724586487,0.3671157658100128,0.5523186922073364,-0.3605359196662903,0.9495877027511597,0.4849889874458313,0.42268621921539307,-0.578957200050354,0.9084128141403198,0.42372751235961914,0.42284339666366577,-0.5700671076774597,0.9703946113586426,0.47110486030578613,0.38000786304473877,-0.6176358461380005,0.8820585608482361,0.4381799101829529,0.37372055649757385,-0.6168071627616882,0.9535061120986938,0.4679059088230133,0.36292770504951477,-0.5962081551551819,0.8704302906990051,0.4428609311580658,0.3567250072956085,-0.5882030725479126,0.9484442472457886,0.46865373849868774,0.38647139072418213,-0.5726343393325806,0.8115209341049194,0.43958988785743713,0.37909621000289917,-0.564306378364563,0.9179983735084534,0.49648723006248474,0.6582229137420654,0.0011564664309844375,0.9999216198921204,0.4189550280570984,0.6628468632698059,-0.0012948081130161881,0.9999348521232605,0.564423680305481,0.7690576910972595,-0.2753223776817322,0.9449013471603394,0.3593609631061554,0.7707866430282593,-0.3279503583908081,0.9501285552978516,0.5118913054466248,0.8824544548988342,0.032761409878730774,0.8662643432617188,0.40940719842910767,0.8933732509613037,-0.03169683367013931,0.8926258087158203,0.49917587637901306,0.8914907574653625,0.06222653388977051,0.7450420260429382,0.42156514525413513,0.9121603965759277,-0.0006955009885132313,0.7584943175315857,0.5265203714370728,0.9726523756980896,-0.011101645417511463,0.8272365927696228,0.3894927501678467,0.9766048789024353,-0.07379569113254547,0.8311595916748047,squat
0.4558536410331726,0.3858909606933594,-0.24678194522857666,0.9862158298492432,0.4636416435241699,0.36307859420776367,-0.22537696361541748,0.9547551274299622,0.4692975878715515,0.36278361082077026,-0.2256024181842804,0.9540974497795105,0.47431087493896484,0.36283591389656067,-0.22559583187103271,0.9660115242004395,0.4483579695224762,0.3620060682296753,-0.2247869223356247,0.9691791534423828,0.44384509325027466,0.3617020547389984,-0.22502362728118896,0.9761316776275635,0.4399971067905426,0.360944539308548,-0.22520451247692108,0.9821996688842773,0.47981444001197815,0.3690098226070404,-0.11189259588718414,0.9810907244682312,0.4324347972869873,0.3674083650112152,-0.10975116491317749,0.9752750396728516,0.4664745330810547,0.40786489844322205,-0.20256944000720978,0.9964344501495361,0.44861119985580444,0.4074833393096924,-0.20382246375083923,0.996648371219635,0.5173639059066772,0.47539764642715454,-0.07687394320964813,0.9997893571853638,0.39528051018714905,0.4781368374824524,-0.06683316826820374,0.999694287776947,0.5473926663398743,0.6246918439865112,-0.22137439250946045,0.9285487532615662,0.37856942415237427,0.6419587731361389,-0.2303781509399414,0.9484044313430786,0.4891737997531891,0.5332152247428894,-0.39343786239624023,0.8928457498550415,0.42909425497055054,0.5202323198318481,-0.4034503996372223,0.9679269194602966,0.47823768854141235,0.4893135130405426,-0.42220693826675415,0.8586004972457886,0.44152331352233887,0.4840109646320343,-0.44005149602890015,0.9446595907211304,0.4730517864227295,0.4691249132156372,-0.4012753963470459,0.8431227207183838,0.443884938955307,0.462219774723053,-0.4138697683811188,0.9372330904006958,0.47336703538894653,0.48329290747642517,-0.38563767075538635,0.7764760255813599,0.4423903822898865,0.4748089611530304,-0.3968518078327179,0.9009929895401001,0.49909138679504395,0.7142817974090576,0.0011613225797191262,0.9999111294746399,0.4232904314994812,0.7198951840400696,-0.0012980217579752207,0.9999270439147949,0.5740870237350464,0.7828208208084106,-0.2676188349723816,0.9373327493667603,0.35216930508613586,0.7836703062057495,-0.30803385376930237,0.9430655837059021,0.5129634141921997,0.8822776675224304,0.01617213897407055,0.8132490515708923,0.4111606180667877,0.8910979628562927,-0.019940698519349098,0.8424563407897949,0.4973324239253998,0.8853688836097717,0.04531906545162201,0.7071288824081421,0.4265344738960266,0.897921085357666,0.011587942019104958,0.7217814326286316,0.526635468006134,0.9679968357086182,-0.014483502134680748,0.7694741487503052,0.39307403564453125,0.9726871848106384,-0.052070070058107376,0.7734190225601196,squat
0.46009039878845215,0.3342282772064209,-0.5001658201217651,0.9875715374946594,0.46655893325805664,0.31458109617233276,-0.4811151921749115,0.9592593908309937,0.47192344069480896,0.3156425952911377,-0.4813930094242096,0.958658754825592,0.47662878036499023,0.31662556529045105,-0.4813931882381439,0.969388484954834,0.45192933082580566,0.3115997612476349,-0.48051780462265015,0.9722506403923035,0.44695544242858887,0.31093695759773254,-0.4808729290962219,0.9785077571868896,0.4426766335964203,0.31059473752975464,-0.48105376958847046,0.9839717745780945,0.48322853446006775,0.3212907016277313,-0.3481830060482025,0.9829676747322083,0.4343584179878235,0.3165751099586487,-0.34610098600387573,0.9777332544326782,0.4691879153251648,0.3555729389190674,-0.4469636380672455,0.9967607855796814,0.45208048820495605,0.3540714383125305,-0.4478437304496765,0.9969631433486938,0.5222398042678833,0.44299474358558655,-0.2859812378883362,0.9997920393943787,0.3970320224761963,0.42955219745635986,-0.2799176871776581,0.999709963798523,0.5462341904640198,0.5903136134147644,-0.5284174084663391,0.9331483840942383,0.37876275181770325,0.6069128513336182,-0.5355453491210938,0.9524062275886536,0.49123653769493103,0.4830701947212219,-0.779947817325592,0.8971543908119202,0.42861801385879517,0.4795711040496826,-0.7994767427444458,0.9699085354804993,0.4812646508216858,0.44650501012802124,-0.8309475183486938,0.8600736856460571,0.43933624029159546,0.4450882077217102,-0.8577879071235657,0.9464359879493713,0.4757590889930725,0.4282246530056,-0.8063680529594421,0.8416157960891724,0.44564858078956604,0.4245906472206116,-0.8246506452560425,0.9376301765441895,0.47472691535949707,0.44264304637908936,-0.7748590111732483,0.7661834359169006,0.44589361548423767,0.4363898038864136,-0.7931617498397827,0.8981919288635254,0.4988645017147064,0.6719512343406677,0.0009430142235942185,0.9999132752418518,0.4230786859989166,0.6754177808761597,-0.0010938381310552359,0.9999300837516785,0.5737603902816772,0.7769575119018555,-0.2981714606285095,0.933116614818573,0.351637601852417,0.7890701293945312,-0.3487197160720825,0.941885232925415,0.5159585475921631,0.8793014287948608,0.05011676624417305,0.7956328392028809,0.41043439507484436,0.8965604305267334,-0.00894105713814497,0.8353431224822998,0.49744147062301636,0.8819654583930969,0.0791826918721199,0.6926460862159729,0.4263904094696045,0.9032887816429138,0.02350487932562828,0.7135055065155029,0.5267292261123657,0.9704679846763611,-0.015221292153000832,0.7463338971138,0.38989508152008057,0.9804533123970032,-0.07612873613834381,0.75631183385849,squat
0.45978888869285583,0.23840492963790894,-0.2671918272972107,0.9887736439704895,0.4659506380558014,0.2202100157737732,-0.24452714622020721,0.9632561206817627,0.4713694453239441,0.22133781015872955,-0.2447434961795807,0.962696373462677,0.47593051195144653,0.22238534688949585,-0.24470987915992737,0.9723735451698303,0.4515296518802643,0.21611431241035461,-0.24609136581420898,0.9749832153320312,0.4467537999153137,0.21542873978614807,-0.24635633826255798,0.9806213974952698,0.44251251220703125,0.21368251740932465,-0.24653232097625732,0.985543966293335,0.4826061725616455,0.23281392455101013,-0.11179398000240326,0.9846410155296326,0.4342103600502014,0.22666317224502563,-0.11865431070327759,0.9799225926399231,0.4688625931739807,0.2546103894710541,-0.21506436169147491,0.9970687627792358,0.4517868161201477,0.2562049329280853,-0.21880929172039032,0.9972516894340515,0.5219992399215698,0.3604620099067688,-0.054490942507982254,0.9998074173927307,0.39880111813545227,0.37567561864852905,-0.045857496559619904,0.9997302293777466,0.5490991473197937,0.4857029914855957,-0.1884327232837677,0.9354246258735657,0.37723881006240845,0.5332696437835693,-0.2236589938402176,0.9513716697692871,0.4921223521232605,0.3961839973926544,-0.41776853799819946,0.9046266078948975,0.426314115524292,0.3877807557582855,-0.4939575791358948,0.9722172617912292,0.4829370081424713,0.35125839710235596,-0.4651033878326416,0.8712446689605713,0.4353409707546234,0.35213178396224976,-0.5555721521377563,0.9509384036064148,0.4768351912498474,0.33460208773612976,-0.45341235399246216,0.8542625308036804,0.44185322523117065,0.33327317237854004,-0.5304533243179321,0.9427677392959595,0.4751971662044525,0.35398098826408386,-0.41619738936424255,0.7828294038772583,0.44280439615249634,0.3477983772754669,-0.4908576011657715,0.9063146114349365,0.5000251531600952,0.5880664587020874,-0.002386741805821657,0.999920129776001,0.4234098494052887,0.5858529806137085,0.0022464445792138577,0.9999354481697083,0.563768744468689,0.7682031393051147,-0.22034761309623718,0.93824702501297,0.3595753312110901,0.775411069393158,-0.34024524688720703,0.9461261630058289,0.5171421766281128,0.8793236017227173,0.14014847576618195,0.8116289377212524,0.4092079997062683,0.8903118371963501,0.07942654192447662,0.8484082818031311,0.5009530186653137,0.8828855156898499,0.16979436576366425,0.7111049890518188,0.42610663175582886,0.8992072343826294,0.11078667640686035,0.7333455681800842,0.5287657976150513,0.9732025861740112,0.08308825641870499,0.7636152505874634,0.38833650946617126,0.9810765385627747,0.02641131542623043,0.772659957408905,squat
0.45965123176574707,0.13151483237743378,-0.26878803968429565,0.9880340099334717,0.46510785818099976,0.08468137681484222,-0.2529575228691101,0.959899365901947,0.47088074684143066,0.08363325148820877,-0.2532094419002533,0.9586780667304993,0.4754369258880615,0.08309338241815567,-0.25321152806282043,0.9699894785881042,0.4513281285762787,0.12878593802452087,-0.2520621120929718,0.9722995162010193,0.44743967056274414,0.12889117002487183,-0.2523699998855591,0.9784160852432251,0.44383367896080017,0.1285715103149414,-0.2525777518749237,0.9837477803230286,0.4821603298187256,0.12999588251113892,-0.13773086667060852,0.9847128987312317,0.4374823570251465,0.1291670799255371,-0.13277024030685425,0.9781389832496643,0.46618276834487915,0.13870176672935486,-0.22157379984855652,0.9970709085464478,0.45117735862731934,0.13964028656482697,-0.22184257209300995,0.9971542358398438,0.5219717025756836,0.1959126591682434,-0.07253398001194,0.9998199939727783,0.4000709652900696,0.20306381583213806,-0.04932541027665138,0.9997347593307495,0.5488194227218628,0.32596123218536377,-0.14765317738056183,0.9377747774124146,0.3763822019100189,0.33352917432785034,-0.13873468339443207,0.9457569122314453,0.49242106080055237,0.3611835837364197,-0.3562674820423126,0.9104105234146118,0.4240390360355377,0.3738112449645996,-0.3778897225856781,0.9698265194892883,0.4839535355567932,0.3616388142108917,-0.41398945450782776,0.880073070526123,0.43355098366737366,0.3528062403202057,-0.439706027507782,0.9515582919120789,0.47797590494155884,0.34376147389411926,-0.4240311086177826,0.8649712204933167,0.4416089653968811,0.34282150864601135,-0.4486759603023529,0.9442774057388306,0.4764396548271179,0.35511288046836853,-0.36426031589508057,0.7969000339508057,0.4419003427028656,0.3556389808654785,-0.3875097632408142,0.9077579975128174,0.49980100989341736,0.49251458048820496,-0.0036014870274811983,0.999923825263977,0.4239616394042969,0.49362996220588684,0.0034761696588248014,0.9999368786811829,0.5388256311416626,0.701819658279419,-0.1615743339061737,0.9386471509933472,0.39111337065696716,0.7091583609580994,-0.1890646070241928,0.9465720653533936,0.5156300067901611,0.8805752396583557,0.08964955806732178,0.8214566707611084,0.4085768759250641,0.8892233967781067,0.04450172185897827,0.8569182753562927,0.5008891820907593,0.8905455470085144,0.10463930666446686,0.7030051350593567,0.42329031229019165,0.8993628025054932,0.059311192482709885,0.7320252060890198,0.5288161635398865,0.9727978110313416,-0.02511308714747429,0.7718997597694397,0.38836991786956787,0.9810254573822021,-0.06885068863630295,0.7821933031082153,squat
0.45795005559921265,0.01644306816160679,-0.4019586443901062,0.9889132976531982,0.46307697892189026,-0.0031262999400496483,-0.3888009786605835,0.9627895355224609,0.46931472420692444,-0.004611056298017502,-0.3891644775867462,0.9616722464561462,0.4743737280368805,-0.0056228116154670715,-0.3891814351081848,0.9722080826759338,0.4501115381717682,0.002433217829093337,-0.392668217420578,0.9742094278335571,0.44605129957199097,0.003173393663018942,-0.39301320910453796,0.9798356294631958,0.44192615151405334,0.0038305216003209352,-0.39325958490371704,0.9847592115402222,0.48142537474632263,0.004704592749476433,-0.2748773992061615,0.9859200716018677,0.43645596504211426,0.014107315801084042,-0.289682000875473,0.9794961214065552,0.4656142592430115,0.036566656082868576,-0.3542211651802063,0.9973106980323792,0.45010799169540405,0.03940620645880699,-0.3605716824531555,0.9973726272583008,0.5209829211235046,0.13695159554481506,-0.17753274738788605,0.9998362064361572,0.398377388715744,0.13895706832408905,-0.1992490291595459,0.9997515082359314,0.548191487789154,0.28538158535957336,-0.2039433717727661,0.9432469010353088,0.3751487135887146,0.30097079277038574,-0.20945914089679718,0.9495200514793396,0.5249452590942383,0.36997514963150024,-0.4024806022644043,0.9188722968101501,0.3898838460445404,0.4081059396266937,-0.3493466079235077,0.9714727401733398,0.5254980325698853,0.42324692010879517,-0.4552978575229645,0.8912846446037292,0.3892706632614136,0.4627080261707306,-0.39877432584762573,0.95419842004776,0.5139702558517456,0.4146515727043152,-0.4691740870475769,0.8777852058410645,0.40276479721069336,0.4544163942337036,-0.4260140061378479,0.947877049446106,0.509977400302887,0.40056049823760986,-0.4156246781349182,0.8160398006439209,0.4076368808746338,0.43839362263679504,-0.36403900384902954,0.9140534996986389,0.49618417024612427,0.44439634680747986,0.0020181911531835794,0.9999299645423889,0.4227754473686218,0.4507559835910797,-0.002184332814067602,0.999941349029541,0.502134382724762,0.6742396950721741,0.04705050587654114,0.943231463432312,0.4082736372947693,0.6869068741798401,-0.007917353883385658,0.9506055116653442,0.5136345028877258,0.8783400058746338,0.23892435431480408,0.838822603225708,0.40952667593955994,0.8875154852867126,0.15272535383701324,0.8707703351974487,0.5017463564872742,0.8909990191459656,0.2476433515548706,0.7227203249931335,0.4216427206993103,0.9018474817276001,0.16101080179214478,0.7501299381256104,0.5274983644485474,0.9677029848098755,0.08747240155935287,0.7938920259475708,0.39018070697784424,0.9791091680526733,0.0027267332188785076,0.8030498027801514,squat
0.44985929131507874,0.007963505573570728,-0.35987794399261475,0.9886046648025513,0.4566393792629242,-0.011984744109213352,-0.34642788767814636,0.9613075852394104,0.4619022309780121,-0.01278382446616888,-0.3467763662338257,0.9600269198417664,0.46678978204727173,-0.013829337432980537,-0.34677237272262573,0.9712686538696289,0.44415053725242615,-0.00894189067184925,-0.3474773168563843,0.9735172986984253,0.4396456778049469,-0.00742309307679534,-0.34783366322517395,0.9792177081108093,0.435299813747406,-0.0062147038988769054,-0.3480789065361023,0.9845476150512695,0.4770968556404114,-0.0067312950268387794,-0.25334498286247253,0.9846147894859314,0.4337754249572754,0.004394558258354664,-0.25252968072891235,0.9784854650497437,0.4596574306488037,0.030948342755436897,-0.31629472970962524,0.9972632527351379,0.4434593617916107,0.03258857876062393,-0.318962037563324,0.9973491430282593,0.5208214521408081,0.14326469600200653,-0.17462804913520813,0.9998471140861511,0.39664632081985474,0.1421494334936142,-0.17596080899238586,0.9997649788856506,0.5470293760299683,0.30131372809410095,-0.20225457847118378,0.9448038339614868,0.37291932106018066,0.3086950182914734,-0.16488763689994812,0.9515345096588135,0.539093017578125,0.39747512340545654,-0.3895053565502167,0.9237405061721802,0.37014132738113403,0.4341297149658203,-0.26102742552757263,0.9723981618881226,0.5428226590156555,0.45680364966392517,-0.4395392835140228,0.8979358673095703,0.3655346930027008,0.49587681889533997,-0.3015327453613281,0.9553897380828857,0.5295521020889282,0.44846311211586,-0.4703042507171631,0.8862479329109192,0.3798236846923828,0.4890308678150177,-0.3334561288356781,0.9500689506530762,0.5248705148696899,0.4328054189682007,-0.405936062335968,0.8285566568374634,0.38471633195877075,0.4676925539970398,-0.2768250107765198,0.9183398485183716,0.49466854333877563,0.4543798267841339,0.0015898237470537424,0.9999348521232605,0.42199739813804626,0.46002280712127686,-0.001786504639312625,0.9999452233314514,0.5005927085876465,0.6769546270370483,0.047491200268268585,0.9424179792404175,0.4105260968208313,0.6911959052085876,0.03946341574192047,0.9492610692977905,0.5127912163734436,0.8775042295455933,0.236896350979805,0.8527119755744934,0.40967780351638794,0.8897170424461365,0.18625594675540924,0.8819176554679871,0.5025078654289246,0.8910961747169495,0.24576596915721893,0.7193576097488403,0.41989073157310486,0.9082710146903992,0.19354373216629028,0.7495033740997314,0.5275822877883911,0.9648816585540771,0.09521207213401794,0.8111875653266907,0.3906880021095276,0.9777002334594727,0.04410304129123688,0.8197439312934875,squat
0.44553303718566895,0.01223511528223753,-0.31032976508140564,0.9885582327842712,0.45304933190345764,-0.009782214649021626,-0.3011515438556671,0.9610098600387573,0.458282470703125,-0.010602697730064392,-0.3015510141849518,0.9598730206489563,0.4633997976779938,-0.011506125330924988,-0.3015501797199249,0.9711431264877319,0.43916258215904236,-0.006329293828457594,-0.302623987197876,0.9735309481620789,0.4342171251773834,-0.004888652358204126,-0.3030305504798889,0.9793254137039185,0.4296383261680603,-0.004030505660921335,-0.3033115863800049,0.9846948981285095,0.473865807056427,-0.005052916239947081,-0.2287837564945221,0.9841362833976746,0.4294153153896332,0.00494881859049201,-0.23248493671417236,0.9781139492988586,0.4566139578819275,0.03522719070315361,-0.2725166082382202,0.9972004890441895,0.43959298729896545,0.037116650491952896,-0.2755628824234009,0.9973176121711731,0.5197486877441406,0.14024457335472107,-0.1431923657655716,0.9998554587364197,0.3931518495082855,0.13959082961082458,-0.16033567488193512,0.9997753500938416,0.5440787076950073,0.2964978814125061,-0.16790732741355896,0.9464851021766663,0.36796024441719055,0.3100208044052124,-0.14557358622550964,0.9541689157485962,0.5335980653762817,0.3972470462322235,-0.36778682470321655,0.9294864535331726,0.37321847677230835,0.43028712272644043,-0.282476007938385,0.9742997288703918,0.533352792263031,0.4438226521015167,-0.4203454852104187,0.9058991074562073,0.3699573874473572,0.4836747348308563,-0.3293997049331665,0.9585261940956116,0.5223073959350586,0.4313277006149292,-0.4500180184841156,0.8956233859062195,0.3847041726112366,0.47176191210746765,-0.35639864206314087,0.9538829922676086,0.5186811685562134,0.4200684428215027,-0.3834517300128937,0.8424767255783081,0.3892984986305237,0.4548781216144562,-0.2973507046699524,0.9246587753295898,0.4933311343193054,0.45964813232421875,0.001519425306469202,0.9999378323554993,0.41794776916503906,0.46469318866729736,-0.0017148429760709405,0.9999473094940186,0.4972749650478363,0.6771060228347778,0.04796767979860306,0.9423732757568359,0.4109177589416504,0.6911459565162659,0.05021389201283455,0.9482092261314392,0.5119732022285461,0.8765609860420227,0.23290404677391052,0.8654199242591858,0.41006365418434143,0.8908958435058594,0.20966199040412903,0.8916560411453247,0.5025566816329956,0.8912516832351685,0.2418641299009323,0.7233932018280029,0.41907256841659546,0.9110202193260193,0.21877369284629822,0.750353217124939,0.5276641249656677,0.964341402053833,0.09316320717334747,0.8271788358688354,0.394073486328125,0.9761515855789185,0.07349386066198349,0.8343418836593628,squat
0.4435458183288574,0.014236504212021828,-0.2887014150619507,0.9877088069915771,0.450661838054657,-0.006322589237242937,-0.2779158353805542,0.9585046768188477,0.4558565020561218,-0.006324791815131903,-0.2782895565032959,0.9580708146095276,0.4611840844154358,-0.006632795557379723,-0.2782939076423645,0.9694864749908447,0.4368472993373871,-0.003968753386288881,-0.27685314416885376,0.9717226028442383,0.4316510260105133,-0.0022273354697972536,-0.2772538363933563,0.9784732460975647,0.4266449809074402,-0.0008488136809319258,-0.2775232195854187,0.9839160442352295,0.47180694341659546,0.0037946985103189945,-0.18349704146385193,0.9832777380943298,0.42625918984413147,0.009961347095668316,-0.17491410672664642,0.9758179187774658,0.45441144704818726,0.03589121252298355,-0.24609656631946564,0.996740996837616,0.43662604689598083,0.03669686242938042,-0.2463042289018631,0.9968796372413635,0.5176621079444885,0.13941213488578796,-0.10337448120117188,0.9998522400856018,0.3923804759979248,0.13965125381946564,-0.09315779060125351,0.9997705817222595,0.5435264110565186,0.28953319787979126,-0.14857405424118042,0.9452489614486694,0.36715397238731384,0.3005857765674591,-0.14918366074562073,0.9536489248275757,0.5076917409896851,0.3320808410644531,-0.3523189127445221,0.9308198094367981,0.38679635524749756,0.35539600253105164,-0.35281044244766235,0.974600076675415,0.49715113639831543,0.36419248580932617,-0.4064709544181824,0.9092370867729187,0.3993692100048065,0.38139644265174866,-0.3983863294124603,0.9603277444839478,0.4887177348136902,0.34330350160598755,-0.4259585738182068,0.9003855586051941,0.4061879515647888,0.3554879426956177,-0.40180641412734985,0.9562975764274597,0.4892120361328125,0.332800030708313,-0.3633781373500824,0.8491835594177246,0.4046934247016907,0.3462851941585541,-0.36207300424575806,0.9282974600791931,0.4924601912498474,0.4558950662612915,0.0007164338603615761,0.9999386668205261,0.41695594787597656,0.46198511123657227,-0.0008885638671927154,0.9999469518661499,0.5005090236663818,0.6624378561973572,-0.02251775935292244,0.94681316614151,0.4075263440608978,0.6895508170127869,-0.007620207034051418,0.9509864449501038,0.5116519331932068,0.8765495419502258,0.11308310180902481,0.8779402375221252,0.41015467047691345,0.8929414749145508,0.16163107752799988,0.9014967083930969,0.5025559067726135,0.89312744140625,0.12063320726156235,0.7403404712677002,0.4191502034664154,0.914300262928009,0.1722286194562912,0.7626255750656128,0.5284756422042847,0.9645640254020691,-0.042877789586782455,0.8428816795349121,0.3943847417831421,0.97614985704422,0.041020747274160385,0.8487582802772522,squat
0.44363197684288025,0.05214935913681984,-0.29801827669143677,0.9887784719467163,0.45126742124557495,0.029643140733242035,-0.28362947702407837,0.9623671770095825,0.4564778804779053,0.028764737769961357,-0.28398656845092773,0.961958646774292,0.46163803339004517,0.027675842866301537,-0.2839793562889099,0.9723127484321594,0.43703025579452515,0.03374721109867096,-0.283075749874115,0.9743506908416748,0.43207722902297974,0.03494277969002724,-0.2834346890449524,0.9804611206054688,0.42709270119667053,0.03618789091706276,-0.2836708724498749,0.985380232334137,0.47155269980430603,0.038399677723646164,-0.17239177227020264,0.9848023653030396,0.42640823125839233,0.0457678958773613,-0.16850456595420837,0.9778985381126404,0.45482349395751953,0.07099524885416031,-0.2530306577682495,0.9969525933265686,0.43730974197387695,0.07369185984134674,-0.2541528046131134,0.9970742464065552,0.5171033143997192,0.17153403162956238,-0.09945102781057358,0.9998542666435242,0.3915529251098633,0.17061282694339752,-0.09815108776092529,0.9997650980949402,0.5465037226676941,0.3202487826347351,-0.20738334953784943,0.9411193132400513,0.3644946217536926,0.33042120933532715,-0.2530941665172577,0.9512314796447754,0.4952417314052582,0.2820320427417755,-0.4469177722930908,0.9294473528862,0.4090103507041931,0.27495238184928894,-0.48729243874549866,0.972976565361023,0.4834078252315521,0.25528690218925476,-0.49479594826698303,0.9102779626846313,0.4246205687522888,0.25700387358665466,-0.5414367318153381,0.9587368965148926,0.47725415229797363,0.2328152358531952,-0.48626089096069336,0.9017491340637207,0.42815786600112915,0.23037204146385193,-0.5236985683441162,0.954258918762207,0.47782236337661743,0.2429371476173401,-0.4463634490966797,0.8497768044471741,0.42558255791664124,0.24007780849933624,-0.48653680086135864,0.9252375364303589,0.4940894544124603,0.47499918937683105,0.0026877522468566895,0.9999415874481201,0.4185984134674072,0.47724974155426025,-0.0028725306037813425,0.9999487400054932,0.513388454914093,0.6863717436790466,-0.13386952877044678,0.9495912790298462,0.40431657433509827,0.7011354565620422,-0.13831737637519836,0.9523670673370361,0.5104920864105225,0.8790410161018372,0.10304275900125504,0.8878298401832581,0.41030773520469666,0.8930298686027527,0.08958606421947479,0.9090407490730286,0.49997958540916443,0.8947857618331909,0.11995819956064224,0.7568228244781494,0.42048636078834534,0.9143326878547668,0.10785628855228424,0.7740837335586548,0.5287810564041138,0.9682803750038147,-0.008449729532003403,0.8547697067260742,0.3938385546207428,0.9785258769989014,-0.012734876945614815,0.8587563037872314,squat
0.45004796981811523,0.22630895674228668,-0.35552915930747986,0.9898415207862854,0.45701247453689575,0.20293481647968292,-0.3371034264564514,0.9660587310791016,0.46270403265953064,0.2030823826789856,-0.33742672204971313,0.965679943561554,0.46736225485801697,0.203604057431221,-0.3373972773551941,0.9750105142593384,0.4429199695587158,0.20568086206912994,-0.33319970965385437,0.9768738150596619,0.4389016628265381,0.20700526237487793,-0.33351200819015503,0.9823793172836304,0.4350363314151764,0.20823799073696136,-0.33372944593429565,0.9868132472038269,0.47516918182373047,0.2110387533903122,-0.22232291102409363,0.9862605333328247,0.429090678691864,0.21542726457118988,-0.2049407660961151,0.9800413846969604,0.46102839708328247,0.2451276332139969,-0.3104017972946167,0.9971681237220764,0.4452637732028961,0.24901148676872253,-0.30764240026474,0.9972965121269226,0.5199912786483765,0.33295583724975586,-0.17727594077587128,0.9998331665992737,0.39463284611701965,0.3218165636062622,-0.14706875383853912,0.9997647404670715,0.5472210645675659,0.4679783284664154,-0.3576570153236389,0.9395130276679993,0.3669115900993347,0.4519228935241699,-0.3486174941062927,0.9509848356246948,0.4913741648197174,0.3467164635658264,-0.5556868314743042,0.9229308366775513,0.42341357469558716,0.3064943253993988,-0.5860578417778015,0.9745578169822693,0.47771573066711426,0.3085281252861023,-0.5955926775932312,0.9048375487327576,0.43668070435523987,0.31391361355781555,-0.6395519971847534,0.961024820804596,0.474964439868927,0.2907148003578186,-0.577802300453186,0.895317554473877,0.4436243176460266,0.2940636873245239,-0.612815797328949,0.9566212892532349,0.47604623436927795,0.2540346682071686,-0.5503301620483398,0.8409872651100159,0.44154953956604004,0.3012988269329071,-0.5822707414627075,0.9291915893554688,0.4959540367126465,0.5950402617454529,-0.0011089423205703497,0.999938428401947,0.41923683881759644,0.5894506573677063,0.0009283644030801952,0.9999477863311768,0.5523282289505005,0.7598082423210144,-0.21914272010326385,0.9510483741760254,0.37369805574417114,0.7652678489685059,-0.2610427439212799,0.9546186923980713,0.5116822719573975,0.8791143894195557,0.08157248795032501,0.890910804271698,0.40985220670700073,0.8937612175941467,0.01277964562177658,0.912775456905365,0.49999260902404785,0.8911061882972717,0.10842499881982803,0.7625609040260315,0.42146557569503784,0.9119387269020081,0.03985510393977165,0.7804440259933472,0.5287771224975586,0.9742057919502258,-0.0068533755838871,0.8577223420143127,0.3869216740131378,0.9839009642601013,-0.05323966220021248,0.8619356155395508,squat
0.45492157340049744,0.34528201818466187,-0.48074397444725037,0.9907869696617126,0.46249833703041077,0.32303863763809204,-0.4653017520904541,0.9693808555603027,0.4677501320838928,0.32280445098876953,-0.46559104323387146,0.9690247178077698,0.47296714782714844,0.3228738605976105,-0.4655868113040924,0.9774301052093506,0.4469413161277771,0.32244226336479187,-0.4622426927089691,0.9791485071182251,0.44262441992759705,0.32257428765296936,-0.4625614285469055,0.9841087460517883,0.43885284662246704,0.32304951548576355,-0.46278661489486694,0.988106369972229,0.47913679480552673,0.3265335261821747,-0.34937044978141785,0.9875715970993042,0.4321255087852478,0.33095043897628784,-0.33599239587783813,0.9819895625114441,0.46525850892066956,0.3642582297325134,-0.43347877264022827,0.997306227684021,0.4482731223106384,0.36958473920822144,-0.43142595887184143,0.9974676370620728,0.5217748284339905,0.4444417357444763,-0.2950623035430908,0.9997822642326355,0.3973018527030945,0.4301994740962982,-0.27709633111953735,0.9997556805610657,0.5443772077560425,0.5883105993270874,-0.5115290284156799,0.941168487071991,0.3706093430519104,0.5986775159835815,-0.49314379692077637,0.9548372030258179,0.4892251491546631,0.4666711688041687,-0.7258893251419067,0.9159708619117737,0.4267943501472473,0.455313116312027,-0.724420964717865,0.97646164894104,0.4756627082824707,0.4278097450733185,-0.769585132598877,0.8927012085914612,0.4394987225532532,0.4200156331062317,-0.7786288857460022,0.9630513191223145,0.4759073853492737,0.4116329550743103,-0.7469140291213989,0.8802199959754944,0.44562119245529175,0.403184711933136,-0.7466109991073608,0.9585484266281128,0.4766339361667633,0.4244324564933777,-0.7196730971336365,0.8203891515731812,0.4441335201263428,0.4188762605190277,-0.7179816961288452,0.9319086670875549,0.49691566824913025,0.6805933713912964,-0.0011186895426362753,0.9999105930328369,0.4193384647369385,0.68091881275177,0.0009398719994351268,0.9999354481697083,0.5624324679374695,0.7753692865371704,-0.2943055331707001,0.9501534104347229,0.3539281189441681,0.7704572677612305,-0.3295060992240906,0.9564845561981201,0.5124379992485046,0.8791242241859436,0.03557437285780907,0.877433717250824,0.4070967137813568,0.8918802738189697,-0.011631782166659832,0.9078556895256042,0.49932724237442017,0.8894603252410889,0.06652314215898514,0.7575594782829285,0.42075085639953613,0.9078782200813293,0.020433226600289345,0.7791098356246948,0.5238057374954224,0.9741464257240295,-0.025155460461974144,0.8386301398277283,0.38667595386505127,0.982343316078186,-0.07271704077720642,0.8490804433822632,squat
0.45821675658226013,0.36368703842163086,-0.47342556715011597,0.991672694683075,0.46547502279281616,0.34106895327568054,-0.45399317145347595,0.9724060893058777,0.4707488417625427,0.34078294038772583,-0.45425790548324585,0.972074031829834,0.475595086812973,0.34068697690963745,-0.4542574882507324,0.9796450138092041,0.4496876299381256,0.3414093255996704,-0.45483845472335815,0.9812167286872864,0.4451090395450592,0.3418615162372589,-0.45515409111976624,0.985683023929596,0.4409836232662201,0.3427548408508301,-0.4553433358669281,0.9892841577529907,0.4806506037712097,0.345255047082901,-0.3263489603996277,0.9887880086898804,0.43461593985557556,0.35094910860061646,-0.3295433819293976,0.9837712645530701,0.46874237060546875,0.3826964795589447,-0.42230144143104553,0.9975209832191467,0.4505910873413086,0.38509029150009155,-0.4248631000518799,0.9976844787597656,0.5219139456748962,0.4594934582710266,-0.2747516334056854,0.9997707605361938,0.39841166138648987,0.4551887810230255,-0.2710931897163391,0.9997617602348328,0.5440037846565247,0.6166419982910156,-0.5147713422775269,0.9446523785591125,0.3765735328197479,0.6314228177070618,-0.5146907567977905,0.9586121439933777,0.4862983226776123,0.49971017241477966,-0.7521831393241882,0.9162291884422302,0.4303104281425476,0.49262329936027527,-0.7506521344184875,0.9784507751464844,0.4750203490257263,0.4543723165988922,-0.7978272438049316,0.8866326212882996,0.43874192237854004,0.44975247979164124,-0.8034980893135071,0.9654188752174377,0.4748569130897522,0.43809932470321655,-0.7698906064033508,0.8700917363166809,0.4451301097869873,0.43172869086265564,-0.7687203884124756,0.960684597492218,0.47522932291030884,0.45170581340789795,-0.7449272871017456,0.8032683730125427,0.4450836181640625,0.4464135766029358,-0.7428408265113831,0.9346633553504944,0.4969105124473572,0.6898120641708374,-0.0016207208391278982,0.9998981952667236,0.419411838054657,0.6897302865982056,0.0014356279280036688,0.9999307990074158,0.5694777369499207,0.7867718935012817,-0.33262714743614197,0.9416046142578125,0.34312933683395386,0.7760387659072876,-0.3515324592590332,0.950497031211853,0.5123387575149536,0.8822261095046997,0.019415490329265594,0.8252391219139099,0.4067564010620117,0.8923090696334839,-0.022106347605586052,0.8704238533973694,0.4982421398162842,0.8886827230453491,0.05212552100419998,0.7191808819770813,0.4209209978580475,0.9051206111907959,0.010408472269773483,0.7488305568695068,0.5219724774360657,0.97408127784729,-0.03214680030941963,0.7804200649261475,0.38815292716026306,0.9785704612731934,-0.07917404174804688,0.7963354587554932,squat
0.45759326219558716,0.2712622582912445,-0.3432837426662445,0.9924697279930115,0.4646163582801819,0.24968549609184265,-0.3241930603981018,0.9751189351081848,0.4698998034000397,0.24991914629936218,-0.324418306350708,0.9748036861419678,0.47477036714553833,0.2501237094402313,-0.32441043853759766,0.9816315174102783,0.4494017958641052,0.24954378604888916,-0.3233697712421417,0.983071506023407,0.4450361728668213,0.2497870922088623,-0.3236719071865082,0.9870933890342712,0.44070297479629517,0.2503775656223297,-0.3238355815410614,0.9903393387794495,0.4805051386356354,0.2565528154373169,-0.19970566034317017,0.9898877739906311,0.4342880845069885,0.2584482729434967,-0.19591768085956573,0.9853739738464355,0.467723548412323,0.2911825180053711,-0.29368942975997925,0.9977483153343201,0.45015692710876465,0.292579710483551,-0.29407694935798645,0.9979000687599182,0.5217657685279846,0.37484562397003174,-0.1537202000617981,0.9997849464416504,0.3990754187107086,0.370850533246994,-0.13350966572761536,0.9997783899307251,0.5439985990524292,0.5251426100730896,-0.43167024850845337,0.9467727541923523,0.377382755279541,0.5342121720314026,-0.46832042932510376,0.960962176322937,0.48757725954055786,0.47313547134399414,-0.6711217164993286,0.9205078482627869,0.42726606130599976,0.451615571975708,-0.6065948009490967,0.9802666902542114,0.47833332419395447,0.4044947624206543,-0.7587859630584717,0.8914313912391663,0.43498414754867554,0.3905278146266937,-0.6592316031455994,0.9681186676025391,0.47651076316833496,0.3891940712928772,-0.6328085660934448,0.8744712471961975,0.44251951575279236,0.3728714883327484,-0.6488977074623108,0.9634563326835632,0.4760068356990814,0.4109083414077759,-0.6989339590072632,0.8053169250488281,0.44327110052108765,0.3944012224674225,-0.6054602861404419,0.9387730360031128,0.4969969689846039,0.6321607828140259,-0.005399785470217466,0.9999054670333862,0.42020469903945923,0.6330129504203796,0.005210097413510084,0.9999358654022217,0.5689669251441956,0.7763093113899231,-0.25019076466560364,0.9436790347099304,0.34620219469070435,0.7682756781578064,-0.26501110196113586,0.9520984292030334,0.5169757604598999,0.8813235759735107,0.04736596718430519,0.8218291401863098,0.40330061316490173,0.8918653726577759,0.006042103748768568,0.8704967498779297,0.49988117814064026,0.885984480381012,0.10016816854476929,0.7169512510299683,0.42045941948890686,0.9046578407287598,0.05851423740386963,0.7525482773780823,0.5281638503074646,0.9764787554740906,0.03645075857639313,0.7725317478179932,0.3850398659706116,0.9785810112953186,-0.007089430931955576,0.791985034942627,squat
0.4565558433532715,0.1082303375005722,-0.25046223402023315,0.9929994940757751,0.46456900238990784,0.10971194505691528,-0.2281072437763214,0.9770920872688293,0.4694133400917053,0.11055976152420044,-0.22835573554039001,0.9766672253608704,0.4742349684238434,0.11111051589250565,-0.2283429354429245,0.9830564856529236,0.4489172399044037,0.11004889011383057,-0.22732067108154297,0.9843747019767761,0.4439934194087982,0.11115332692861557,-0.22764179110527039,0.9880107045173645,0.4388783872127533,0.11194153130054474,-0.22784776985645294,0.9910237193107605,0.4801410138607025,0.11293037235736847,-0.09336565434932709,0.9907383918762207,0.43274837732315063,0.11418343335390091,-0.08981135487556458,0.9864279627799988,0.46592146158218384,0.125179260969162,-0.19734743237495422,0.9979258179664612,0.44934767484664917,0.12301605194807053,-0.19824402034282684,0.9980489015579224,0.5204418897628784,0.22588449716567993,-0.028586095198988914,0.9998005628585815,0.39882031083106995,0.22665344178676605,-0.007494714111089706,0.9997830986976624,0.5436564683914185,0.370743989944458,-0.11133766174316406,0.9494320154190063,0.37646082043647766,0.3656979501247406,-0.11482436954975128,0.9581032395362854,0.4891985356807709,0.39483240246772766,-0.3357771337032318,0.9262921810150146,0.4263560175895691,0.3955878019332886,-0.3729420304298401,0.9793965816497803,0.4783414900302887,0.39880794286727905,-0.3937280774116516,0.8998947143554688,0.4327625632286072,0.3904837667942047,-0.4381376802921295,0.9685838222503662,0.47289982438087463,0.37672141194343567,-0.39935773611068726,0.8846219182014465,0.4403511881828308,0.37212732434272766,-0.44404539465904236,0.9642831087112427,0.47316017746925354,0.37735414505004883,-0.3441772758960724,0.8198760747909546,0.4421212077140808,0.3770044445991516,-0.3819834589958191,0.939659059047699,0.49639892578125,0.5238193869590759,-0.005284551996737719,0.9999133348464966,0.42005807161331177,0.5231341123580933,0.005137476604431868,0.9999405145645142,0.5644854307174683,0.7527415752410889,-0.12151221930980682,0.9486742615699768,0.35172316431999207,0.7504700422286987,-0.2505626082420349,0.9564428329467773,0.516661524772644,0.88141930103302,0.17876407504081726,0.8385365605354309,0.40220731496810913,0.8850142359733582,0.0914536789059639,0.8819503784179688,0.5002113580703735,0.887847363948822,0.20513638854026794,0.7356092929840088,0.41910895705223083,0.8970531225204468,0.12420175224542618,0.7682921886444092,0.5306042432785034,0.9765346050262451,0.09042800962924957,0.7925260066986084,0.38538527488708496,0.9783867001533508,0.0209237989038229,0.8091661930084229,squat
0.45298996567726135,0.01570850983262062,-0.29884153604507446,0.99210125207901,0.4597562253475189,0.002171320142224431,-0.2803238034248352,0.9736217260360718,0.46464961767196655,0.0011700702598318458,-0.28046226501464844,0.973228394985199,0.46985378861427307,1.1814547178801149e-05,-0.2804184556007385,0.9805165529251099,0.4463140368461609,0.00437581492587924,-0.25986745953559875,0.9816746115684509,0.4411904811859131,0.005139517597854137,-0.2599201202392578,0.9859076142311096,0.4358290731906891,0.006078393664211035,-0.2596812844276428,0.9892773628234863,0.47830668091773987,0.004180592950433493,-0.16820715367794037,0.989944338798523,0.43001946806907654,0.01571914367377758,-0.14422811567783356,0.9846436977386475,0.4622436463832855,0.037684258073568344,-0.25595778226852417,0.9978518486022949,0.44695883989334106,0.039769597351551056,-0.2391543686389923,0.9979475736618042,0.5189625024795532,0.1429552137851715,-0.10265469551086426,0.9998130798339844,0.3959455192089081,0.1425291746854782,-0.059692591428756714,0.9997850060462952,0.540733277797699,0.2995547950267792,-0.14249061048030853,0.9526203274726868,0.37299567461013794,0.30780094861984253,-0.16530907154083252,0.9608233571052551,0.5040432214736938,0.38954997062683105,-0.34807419776916504,0.9329347014427185,0.4013334810733795,0.4031509459018707,-0.32250726222991943,0.9808927774429321,0.49884289503097534,0.4197375774383545,-0.4014473557472229,0.9089910387992859,0.402275413274765,0.4497583508491516,-0.3771171271800995,0.9708966612815857,0.4885680079460144,0.40151336789131165,-0.4261292815208435,0.895331084728241,0.4167710840702057,0.4337364733219147,-0.3987138867378235,0.9671052098274231,0.48707491159439087,0.3897768557071686,-0.3617263734340668,0.8364425897598267,0.4202536940574646,0.41733530163764954,-0.3352973461151123,0.9444566369056702,0.4948241710662842,0.45214349031448364,0.009815647266805172,0.9999151229858398,0.4206710755825043,0.4617377817630768,-0.009964185766875744,0.9999398589134216,0.5216754674911499,0.6855185627937317,0.037361837923526764,0.9499443173408508,0.3962114155292511,0.695120632648468,-0.08182474225759506,0.9591901302337646,0.5157343149185181,0.8793559670448303,0.25765329599380493,0.8531873822212219,0.4060620665550232,0.8884122967720032,0.10753849893808365,0.8925766944885254,0.5002272129058838,0.8893296718597412,0.2709504961967468,0.7461064457893372,0.41837793588638306,0.9042543768882751,0.12242380529642105,0.7763810753822327,0.53077232837677,0.9751417636871338,0.12351316213607788,0.8104559779167175,0.3962082266807556,0.9793727397918701,0.008716916665434837,0.8255642056465149,squat
0.44535890221595764,0.01088362094014883,-0.3420705199241638,0.9866714477539062,0.45411428809165955,-0.01203662808984518,-0.34032484889030457,0.9546173214912415,0.4590381681919098,-0.012714392505586147,-0.3407284617424011,0.9545872807502747,0.4640115797519684,-0.01358357910066843,-0.34071114659309387,0.9666355848312378,0.43974924087524414,-0.009149277582764626,-0.33881109952926636,0.9689490795135498,0.4345729947090149,-0.007668467238545418,-0.33921903371810913,0.9764952659606934,0.42965197563171387,-0.006518809590488672,-0.33948102593421936,0.9830870032310486,0.4743630886077881,-0.005296218674629927,-0.26180708408355713,0.9788999557495117,0.42743435502052307,0.0035892087034881115,-0.26698607206344604,0.9736053347587585,0.4560442566871643,0.034108154475688934,-0.3108978867530823,0.9963914155960083,0.43882179260253906,0.03788638487458229,-0.31185171008110046,0.9967676401138306,0.5183998942375183,0.14238926768302917,-0.16628071665763855,0.9998193383216858,0.3921857476234436,0.13984180986881256,-0.18858760595321655,0.9997873902320862,0.5403482913970947,0.3049542307853699,-0.16466133296489716,0.9515411853790283,0.3709889054298401,0.3165375292301178,-0.17153172194957733,0.9619317650794983,0.5202692747116089,0.41376596689224243,-0.3054293990135193,0.9342101216316223,0.38583940267562866,0.4482017457485199,-0.24573084712028503,0.9809561371803284,0.5187047719955444,0.46040603518486023,-0.3448631763458252,0.9109950065612793,0.3853559195995331,0.5063422918319702,-0.2840852737426758,0.9704611897468567,0.5082841515541077,0.448784202337265,-0.37679287791252136,0.8994286060333252,0.39994755387306213,0.4944670796394348,-0.31118395924568176,0.9673784375190735,0.5049656629562378,0.43436580896377563,-0.31971773505210876,0.843630313873291,0.4038901925086975,0.4752730131149292,-0.2583637535572052,0.9456126093864441,0.48946866393089294,0.4614989459514618,0.00828692875802517,0.9999201893806458,0.41766995191574097,0.46405598521232605,-0.008447350934147835,0.9999428391456604,0.5025947690010071,0.6768871545791626,0.09974588453769684,0.9483826756477356,0.4056767523288727,0.6915972232818604,0.05435549467802048,0.9581230878829956,0.515608012676239,0.8788557052612305,0.2786561846733093,0.8666378855705261,0.40689414739608765,0.8886361122131348,0.20651578903198242,0.9021278023719788,0.502305269241333,0.8917298316955566,0.2861558794975281,0.7523931860923767,0.41836047172546387,0.9091553688049316,0.21437418460845947,0.7805781960487366,0.5305882692337036,0.9692921042442322,0.12888143956661224,0.8273395895957947,0.39823439717292786,0.9786160588264465,0.06109755486249924,0.8408319354057312,squat
0.4430198073387146,0.0012632457073777914,-0.3460421562194824,0.9811606407165527,0.4522457718849182,-0.020290112122893333,-0.3414642810821533,0.937732994556427,0.4574414789676666,-0.02030014991760254,-0.3418983519077301,0.938442051410675,0.46251457929611206,-0.020547768101096153,-0.3418900966644287,0.9547855257987976,0.4367390275001526,-0.018219580873847008,-0.3425770401954651,0.9569013118743896,0.43130096793174744,-0.01656833291053772,-0.34301626682281494,0.9673677086830139,0.4263213276863098,-0.015364523977041245,-0.3433280885219574,0.9768441915512085,0.4726528227329254,-0.011943202465772629,-0.2581291198730469,0.9691628813743591,0.425434410572052,-0.00393826887011528,-0.2667761743068695,0.9618287682533264,0.4541357457637787,0.0275052972137928,-0.31232646107673645,0.9947672486305237,0.4356158375740051,0.02954244613647461,-0.3158789277076721,0.9953275322914124,0.5178173780441284,0.14018329977989197,-0.16933761537075043,0.9998223185539246,0.39016231894493103,0.13961660861968994,-0.19582003355026245,0.9997777342796326,0.5402737259864807,0.3107779324054718,-0.17705038189888,0.9478362798690796,0.37018391489982605,0.32043614983558655,-0.17309829592704773,0.9617624878883362,0.52576744556427,0.4186323285102844,-0.3467543125152588,0.9344613552093506,0.38336634635925293,0.45165494084358215,-0.24858763813972473,0.9801303148269653,0.5255321264266968,0.466778427362442,-0.39138057827949524,0.9123310446739197,0.3839070796966553,0.5067952275276184,-0.28622525930404663,0.968817949295044,0.5136728286743164,0.45634925365448,-0.4222918152809143,0.9026922583580017,0.397736519575119,0.4948137104511261,-0.31424933671951294,0.966495156288147,0.5095208883285522,0.4427366852760315,-0.36179834604263306,0.8494365215301514,0.4015626907348633,0.47651243209838867,-0.26171112060546875,0.9449788331985474,0.48896241188049316,0.4578819274902344,0.007997291162610054,0.9999238848686218,0.41596508026123047,0.460341215133667,-0.00818383228033781,0.9999440908432007,0.49824291467666626,0.6689395308494568,0.04620073363184929,0.9458805322647095,0.40597158670425415,0.6882541179656982,0.06445204466581345,0.9534180760383606,0.5149463415145874,0.8793547749519348,0.20932254195213318,0.8780362010002136,0.40765810012817383,0.8888170123100281,0.20989754796028137,0.9096059203147888,0.5028999447822571,0.8956915736198425,0.219620943069458,0.7531481981277466,0.4180987477302551,0.9121290445327759,0.21728172898292542,0.7746832370758057,0.5305461883544922,0.969323456287384,0.08699685335159302,0.8414657711982727,0.39832282066345215,0.9755427241325378,0.06764297187328339,0.852459728717804,squat
0.44255131483078003,0.005663224030286074,-0.31641942262649536,0.9770594835281372,0.4504004418849945,-0.015946034342050552,-0.30881839990615845,0.9253122210502625,0.4553147256374359,-0.015645666047930717,-0.3092394769191742,0.9265856742858887,0.4602210521697998,-0.01588902249932289,-0.30923426151275635,0.9458112716674805,0.435924768447876,-0.013818197883665562,-0.3115232586860657,0.9483194351196289,0.4306316375732422,-0.011707120575010777,-0.31194770336151123,0.961209774017334,0.4256513714790344,-0.009833218529820442,-0.3122565448284149,0.9724709391593933,0.47036275267601013,-0.007577743846923113,-0.22791318595409393,0.962897002696991,0.4245472550392151,0.001861139782704413,-0.2414112389087677,0.9542278051376343,0.4527282118797302,0.030441727489233017,-0.27952298521995544,0.9934988021850586,0.43537911772727966,0.0330527126789093,-0.28445741534233093,0.9942282438278198,0.5162110328674316,0.13803142309188843,-0.1447361558675766,0.9998245239257812,0.388467937707901,0.13779889047145844,-0.17727598547935486,0.999769926071167,0.5399297475814819,0.3059186339378357,-0.15529170632362366,0.9455103874206543,0.3680337071418762,0.31650686264038086,-0.15777425467967987,0.9623491168022156,0.5213602185249329,0.4182106554508209,-0.33014827966690063,0.9358141422271729,0.3848593831062317,0.44225892424583435,-0.2629336714744568,0.9805219769477844,0.5185043811798096,0.4576819837093353,-0.3763628602027893,0.9152615070343018,0.38622602820396423,0.4878634214401245,-0.30557242035865784,0.9695029854774475,0.5080894231796265,0.44189170002937317,-0.4044435918331146,0.9071081280708313,0.3996695876121521,0.47474047541618347,-0.32965803146362305,0.9676477313041687,0.5049023628234863,0.4305495023727417,-0.3440769612789154,0.8565395474433899,0.40318751335144043,0.4591693580150604,-0.2753790020942688,0.9470904469490051,0.48880594968795776,0.4627017080783844,0.007479164749383926,0.9999263286590576,0.415435791015625,0.4673846662044525,-0.007669159211218357,0.9999446272850037,0.49926504492759705,0.6773747205734253,0.06765896826982498,0.9447424411773682,0.4069085121154785,0.692667543888092,0.07615915685892105,0.9500464797019958,0.5132604241371155,0.8792833089828491,0.23519301414489746,0.8886381387710571,0.40815240144729614,0.890076220035553,0.23486709594726562,0.9165859818458557,0.5028444528579712,0.8962832093238831,0.2423541098833084,0.7579905986785889,0.4179266095161438,0.9133034348487854,0.24382555484771729,0.7730863690376282,0.5304991006851196,0.9691224694252014,0.09080104529857635,0.8547837734222412,0.3977866768836975,0.9755873084068298,0.09699604660272598,0.8635638952255249,squat
0.4406932294368744,0.0038076762575656176,-0.3098143935203552,0.9728153944015503,0.44830694794654846,-0.015555045567452908,-0.2985294461250305,0.912848174571991,0.45317643880844116,-0.014834356494247913,-0.29893991351127625,0.9153363108634949,0.45811042189598083,-0.01457835454493761,-0.2989516854286194,0.9362435936927795,0.434591680765152,-0.013267547823488712,-0.3001175820827484,0.9397551417350769,0.4294217526912689,-0.01097338180989027,-0.30053097009658813,0.9559837579727173,0.4244852662086487,-0.008946729823946953,-0.30084261298179626,0.9682751297950745,0.4690471291542053,-0.002966697094962001,-0.20361390709877014,0.9583357572555542,0.42323213815689087,0.0044884346425533295,-0.2091565877199173,0.9469156861305237,0.4509557783603668,0.02797839418053627,-0.26865097880363464,0.9921137094497681,0.43392205238342285,0.029366517439484596,-0.2722451090812683,0.9929669499397278,0.5150592923164368,0.14057289063930511,-0.12278734147548676,0.999809980392456,0.38816529512405396,0.13960352540016174,-0.14120033383369446,0.9997528195381165,0.5396880507469177,0.30457499623298645,-0.15097440779209137,0.9418259859085083,0.3666093945503235,0.31340429186820984,-0.18393062055110931,0.9616431593894958,0.5054731369018555,0.3671794533729553,-0.33907538652420044,0.9332858324050903,0.39371511340141296,0.38174912333488464,-0.285828173160553,0.9808911681175232,0.49601054191589355,0.41184383630752563,-0.39029332995414734,0.9151437282562256,0.4026584029197693,0.42595675587654114,-0.40234941244125366,0.9708544015884399,0.4862040579319,0.38752201199531555,-0.4124618470668793,0.9084856510162354,0.41322121024131775,0.4033586382865906,-0.4315010905265808,0.9693067073822021,0.4848152697086334,0.37342697381973267,-0.35093340277671814,0.8593193292617798,0.41288262605667114,0.3850090801715851,-0.33000448346138,0.9496372938156128,0.48913827538490295,0.46535950899124146,0.007099031470716,0.9999264478683472,0.4153660237789154,0.47324755787849426,-0.0072940317913889885,0.9999436140060425,0.5017712712287903,0.6748387813568115,0.024229375645518303,0.9467874765396118,0.40641364455223083,0.6967945694923401,0.03784913197159767,0.9508034586906433,0.5130586624145508,0.8795977234840393,0.2139633595943451,0.8983237147331238,0.4094029366970062,0.8945086002349854,0.2052874118089676,0.9235148429870605,0.5028022527694702,0.897182285785675,0.22384555637836456,0.7674480676651001,0.41865840554237366,0.9158624410629272,0.21544690430164337,0.7796400189399719,0.5310288071632385,0.9691520929336548,0.07762135565280914,0.8667494654655457,0.39759138226509094,0.9787629246711731,0.06826882064342499,0.8740916848182678,squat
0.44414272904396057,0.013558413833379745,-0.2726036310195923,0.9754137396812439,0.44943517446517944,0.0026912782341241837,-0.2536412179470062,0.9213491678237915,0.4547579288482666,0.002699814736843109,-0.254000186920166,0.9235698580741882,0.459745317697525,-0.0004914911114610732,-0.2539803385734558,0.9424576759338379,0.4365842342376709,0.005033622030168772,-0.25333958864212036,0.9456225037574768,0.43144258856773376,0.004610688891261816,-0.2536841630935669,0.9602463841438293,0.42628225684165955,0.003836429212242365,-0.2538999319076538,0.9713290929794312,0.4692738652229309,0.0002683129860088229,-0.13642485439777374,0.9623722434043884,0.42328476905822754,0.01678975112736225,-0.13458587229251862,0.9518724679946899,0.4532122015953064,0.03297109156847,-0.22567620873451233,0.9928026795387268,0.4362308382987976,0.03358982875943184,-0.22742486000061035,0.9935578107833862,0.5151167511940002,0.15228836238384247,-0.0738971158862114,0.9998190999031067,0.389094740152359,0.14121614396572113,-0.06639364361763,0.9997471570968628,0.5443013906478882,0.3180246353149414,-0.17273084819316864,0.9389752745628357,0.36636632680892944,0.32930809259414673,-0.20054015517234802,0.9563847184181213,0.4936922490596771,0.3079890012741089,-0.37346452474594116,0.9324072003364563,0.4094129204750061,0.3039970099925995,-0.4203922748565674,0.9768980145454407,0.4817940294742584,0.2964685559272766,-0.42213910818099976,0.9162341356277466,0.42361125349998474,0.29694563150405884,-0.48361048102378845,0.9664151668548584,0.47402089834213257,0.27235615253448486,-0.4291352331638336,0.9099228978157043,0.42822176218032837,0.2735457420349121,-0.4743446409702301,0.9642851948738098,0.474240243434906,0.28039297461509705,-0.3816598355770111,0.8606041073799133,0.42623382806777954,0.27870041131973267,-0.4258272051811218,0.9421781301498413,0.4924606680870056,0.4762861430644989,0.006201112177222967,0.9999296069145203,0.41717401146888733,0.4913954734802246,-0.006386119872331619,0.9999443888664246,0.5164637565612793,0.6985533833503723,-0.09755002707242966,0.9479473233222961,0.40601468086242676,0.7160425782203674,-0.1620303988456726,0.9517382383346558,0.5121784210205078,0.8814568519592285,0.14374218881130219,0.9046361446380615,0.4103570580482483,0.8953201174736023,0.06530077755451202,0.9271731376647949,0.5020297765731812,0.8979588150978088,0.16150590777397156,0.7747453451156616,0.4207417368888855,0.9160215854644775,0.08413208276033401,0.7829801440238953,0.5309658646583557,0.972365140914917,0.04996712878346443,0.8735486268997192,0.39582791924476624,0.9816390872001648,-0.02948915585875511,0.8783110976219177,squat
0.44933778047561646,0.19029520452022552,-0.3762722313404083,0.9778285026550293,0.45477718114852905,0.16856202483177185,-0.3585558533668518,0.9291528463363647,0.4609764516353607,0.1691940575838089,-0.3588806688785553,0.9311398267745972,0.4656771123409271,0.16985493898391724,-0.3588525950908661,0.9481483697891235,0.4416678547859192,0.16838911175727844,-0.3552951514720917,0.9510264992713928,0.4375527501106262,0.16848379373550415,-0.3556082844734192,0.9641930460929871,0.43307313323020935,0.16889455914497375,-0.35582372546195984,0.9741732478141785,0.4728996753692627,0.1781425029039383,-0.24359944462776184,0.9660758376121521,0.42623037099838257,0.17986273765563965,-0.2286236584186554,0.9566298127174377,0.4587734341621399,0.21188212931156158,-0.33061307668685913,0.9934506416320801,0.4426460266113281,0.21953628957271576,-0.32875925302505493,0.9941468238830566,0.5183822512626648,0.3000064492225647,-0.19740431010723114,0.9998071789741516,0.39401867985725403,0.2898573577404022,-0.16956540942192078,0.999754786491394,0.5486363172531128,0.4499529004096985,-0.3862221837043762,0.9370834827423096,0.3720822334289551,0.4374566674232483,-0.3731284737586975,0.9570643305778503,0.4911864399909973,0.3125116229057312,-0.5933988690376282,0.9207047820091248,0.42624431848526,0.32906657457351685,-0.6106459498405457,0.9784474968910217,0.4808056354522705,0.3255358636379242,-0.6346815824508667,0.9042666554450989,0.4372086524963379,0.3036406338214874,-0.6663180589675903,0.9684306979179382,0.47680896520614624,0.3042197823524475,-0.6182432770729065,0.8963661193847656,0.44568270444869995,0.2880159914493561,-0.6409399509429932,0.9662737250328064,0.47662100195884705,0.3176993727684021,-0.5887612104415894,0.8427234292030334,0.4448118209838867,0.30052152276039124,-0.6075421571731567,0.9452140927314758,0.49550890922546387,0.5751977562904358,0.0010727550834417343,0.9999216794967651,0.417644739151001,0.5759886503219604,-0.0012139339232817292,0.9999405741691589,0.5454064607620239,0.751729428768158,-0.22459475696086884,0.9477787613868713,0.3770548701286316,0.7553284764289856,-0.27979809045791626,0.952377200126648,0.5137465000152588,0.8819853067398071,0.06524335592985153,0.898766815662384,0.41030392050743103,0.8949886560440063,-0.0085096824914217,0.9231085181236267,0.5023388266563416,0.8942634463310242,0.09137596189975739,0.7686702609062195,0.4224929213523865,0.9132515788078308,0.01772266998887062,0.776397168636322,0.5310133695602417,0.9754212498664856,0.01100898440927267,0.8653088212013245,0.38853055238723755,0.9816660284996033,-0.07182876020669937,0.8696638941764832,squat
0.45770007371902466,0.3209751844406128,-0.4774181842803955,0.9799970388412476,0.46377307176589966,0.2995070219039917,-0.4624030590057373,0.9361937046051025,0.4694945812225342,0.30027928948402405,-0.46271076798439026,0.937967836856842,0.4743146300315857,0.3009898364543915,-0.4627099633216858,0.9532854557037354,0.44918686151504517,0.29658621549606323,-0.4603687822818756,0.9559010863304138,0.4443140923976898,0.2958444058895111,-0.4606902003288269,0.9677523970603943,0.4402969777584076,0.2958691716194153,-0.46091407537460327,0.9767405986785889,0.4804721772670746,0.3047915995121002,-0.3463501036167145,0.969424307346344,0.4324057996273041,0.3027920126914978,-0.33768969774246216,0.960932731628418,0.46605348587036133,0.3411870002746582,-0.42994076013565063,0.9940201044082642,0.4497179090976715,0.34430691599845886,-0.4292920231819153,0.9946757555007935,0.5233402848243713,0.41996654868125916,-0.28961989283561707,0.9997877478599548,0.39678874611854553,0.41092580556869507,-0.2763037085533142,0.999758243560791,0.546139121055603,0.5717301368713379,-0.5017691850662231,0.9339208602905273,0.3759261667728424,0.573634684085846,-0.4879307150840759,0.9588004946708679,0.49249687790870667,0.4422718584537506,-0.7291809320449829,0.9054725170135498,0.4319869577884674,0.44217026233673096,-0.7278333306312561,0.9793112874031067,0.4827737808227539,0.4016893208026886,-0.775035560131073,0.8850587010383606,0.44352906942367554,0.3920516073703766,-0.7837669253349304,0.968539834022522,0.4783371090888977,0.38428962230682373,-0.7557341456413269,0.8736659288406372,0.4488181173801422,0.3749484121799469,-0.7548807859420776,0.9657813310623169,0.4777100682258606,0.4047325551509857,-0.724674642086029,0.8117305040359497,0.4486002027988434,0.3953986167907715,-0.7229655385017395,0.9433773756027222,0.49684643745422363,0.6591648459434509,0.0011040649842470884,0.9999041557312012,0.419208288192749,0.6633082628250122,-0.001244928571395576,0.9999324083328247,0.5672487020492554,0.773661196231842,-0.2750522494316101,0.9386174082756042,0.35657674074172974,0.7717945575714111,-0.319618284702301,0.9492242932319641,0.5136654376983643,0.882322371006012,0.05897645279765129,0.8634418249130249,0.41005462408065796,0.8954047560691833,-0.005070652347058058,0.8994730710983276,0.49841779470443726,0.891736626625061,0.0905720442533493,0.7439581155776978,0.4224669933319092,0.9105574488639832,0.027000542730093002,0.7541185617446899,0.5234346985816956,0.9765982031822205,0.00698712607845664,0.826765775680542,0.3957767188549042,0.9809460043907166,-0.06407566368579865,0.8359360694885254,squat
0.4632020890712738,0.3525885343551636,-0.49285978078842163,0.9819440841674805,0.46762752532958984,0.3304900527000427,-0.4742787778377533,0.9425333738327026,0.47326844930648804,0.3298628628253937,-0.47458115220069885,0.9441118836402893,0.477496474981308,0.32888153195381165,-0.4745864272117615,0.9579111933708191,0.45311427116394043,0.3297567069530487,-0.4746319353580475,0.960290253162384,0.44790807366371155,0.32964450120925903,-0.4749658703804016,0.9709563851356506,0.44394534826278687,0.3299718499183655,-0.47517675161361694,0.9790512919425964,0.4831762909889221,0.33238422870635986,-0.34422311186790466,0.9724510908126831,0.4365176558494568,0.3376806378364563,-0.34506502747535706,0.9648082852363586,0.471610963344574,0.3713653087615967,-0.4401634633541107,0.994559109210968,0.45598745346069336,0.376565158367157,-0.4420831799507141,0.9951609373092651,0.5260682702064514,0.4452368915081024,-0.2857007086277008,0.9997768998146057,0.4022811949253082,0.4417535662651062,-0.27904602885246277,0.9997491836547852,0.5461679100990295,0.6058918237686157,-0.5220640301704407,0.9370540380477905,0.3908836245536804,0.6229893565177917,-0.5247219204902649,0.9613355398178101,0.4934689402580261,0.48464110493659973,-0.7740175724029541,0.9039976000785828,0.43978190422058105,0.48375147581100464,-0.7850461006164551,0.9801196455955505,0.4838036596775055,0.4382598400115967,-0.8222678303718567,0.8753602504730225,0.4478985667228699,0.4415472745895386,-0.8433418273925781,0.9677467346191406,0.48213785886764526,0.42193812131881714,-0.7996469140052795,0.859241247177124,0.4516194760799408,0.42133864760398865,-0.8137049674987793,0.9635600447654724,0.47890782356262207,0.43808501958847046,-0.7691037654876709,0.7869573831558228,0.4533765912055969,0.4369732737541199,-0.7803330421447754,0.9373244643211365,0.49927228689193726,0.6769620776176453,-0.0013863358180969954,0.999893307685852,0.42296043038368225,0.6756057739257812,0.0012676018523052335,0.9999272227287292,0.5701379776000977,0.7880690097808838,-0.33785101771354675,0.9333084225654602,0.3499853014945984,0.7772098183631897,-0.3562254309654236,0.9453111290931702,0.5136292576789856,0.8824877142906189,0.01726629212498665,0.8155724406242371,0.41004592180252075,0.8956254124641418,-0.0321221649646759,0.8697451949119568,0.4976939260959625,0.8897857069969177,0.050018031150102615,0.7054057121276855,0.4236733317375183,0.9100775718688965,-0.0006469402578659356,0.7300134301185608,0.5211362242698669,0.9753506183624268,-0.03999648243188858,0.7698968648910522,0.3961654603481293,0.9808889627456665,-0.09864293038845062,0.7900961637496948,squat
0.46167677640914917,0.25696948170661926,-0.462175190448761,0.9837449193000793,0.4671472907066345,0.23657777905464172,-0.44243746995925903,0.9482748508453369,0.4727470278739929,0.23691679537296295,-0.4427233636379242,0.9496937990188599,0.4772700369358063,0.23706144094467163,-0.4427170157432556,0.9621144533157349,0.45236366987228394,0.2357884794473648,-0.4411109983921051,0.9642583727836609,0.447605699300766,0.236244335770607,-0.4414609372615814,0.9738580584526062,0.4434637129306793,0.2369956374168396,-0.4416324496269226,0.9811438322067261,0.4835560917854309,0.2434839904308319,-0.31101298332214355,0.9752035737037659,0.4364951252937317,0.24762384593486786,-0.3052174746990204,0.9683244824409485,0.47115951776504517,0.277748703956604,-0.40974459052085876,0.9950989484786987,0.4545314908027649,0.28071972727775574,-0.409513384103775,0.9956412315368652,0.5267442464828491,0.36563682556152344,-0.2620764374732971,0.9997900128364563,0.40236344933509827,0.3639734983444214,-0.23638388514518738,0.9997648000717163,0.5510636568069458,0.5134488940238953,-0.509625256061554,0.942838191986084,0.3860057592391968,0.5218639969825745,-0.49022918939590454,0.9648252725601196,0.49424418807029724,0.3917161822319031,-0.7519350647926331,0.9119146466255188,0.4385160803794861,0.37715622782707214,-0.7510381937026978,0.9817638397216797,0.4854763448238373,0.3467419445514679,-0.8040786981582642,0.8833740949630737,0.44919514656066895,0.3352959454059601,-0.8076820373535156,0.96982741355896,0.4834882318973541,0.3293195366859436,-0.7763040661811829,0.8668455481529236,0.4549461901187897,0.3184179365634918,-0.7735949158668518,0.9652501940727234,0.48116034269332886,0.34687888622283936,-0.745599627494812,0.7946611046791077,0.4557608962059021,0.33846160769462585,-0.7446096539497375,0.9394893050193787,0.5014013051986694,0.6213687658309937,-0.009751642122864723,0.9999009966850281,0.42423146963119507,0.6231251358985901,0.009587952867150307,0.9999326467514038,0.5624979138374329,0.7762690186500549,-0.27863022685050964,0.9385348558425903,0.35432711243629456,0.7663111090660095,-0.2744218409061432,0.9494215846061707,0.5143187642097473,0.8835762143135071,0.06955106556415558,0.821917712688446,0.40853095054626465,0.8946091532707214,0.00929530244320631,0.8772770762443542,0.49865785241127014,0.8898728489875793,0.09782031178474426,0.7115597128868103,0.42237839102745056,0.9100707173347473,0.008612540550529957,0.7431085109710693,0.5213745832443237,0.9765118360519409,-0.004549168981611729,0.771826982498169,0.38754236698150635,0.9802453517913818,-0.054086845368146896,0.7972795367240906,squat
0.4601699411869049,0.09189450740814209,-0.2341722548007965,0.98486328125,0.4660617411136627,0.09258917719125748,-0.21007712185382843,0.9523258209228516,0.47178491950035095,0.09365161508321762,-0.2103348970413208,0.9533073902130127,0.4765780568122864,0.09382811933755875,-0.2103307992219925,0.9650125503540039,0.4512884020805359,0.09307093173265457,-0.21098308265209198,0.9670495986938477,0.4465409815311432,0.09420374780893326,-0.21128526329994202,0.975713849067688,0.44245219230651855,0.09452955424785614,-0.21150629222393036,0.9824356436729431,0.4826740622520447,0.09459151327610016,-0.07627914100885391,0.9773405194282532,0.4357946813106537,0.09531010687351227,-0.079768106341362,0.9706313014030457,0.4697248339653015,0.10921788960695267,-0.1823807805776596,0.9954785108566284,0.45304808020591736,0.10721442103385925,-0.18530453741550446,0.9959262013435364,0.5258291959762573,0.22336222231388092,-0.014373334124684334,0.9997999668121338,0.4027145504951477,0.22035013139247894,-0.013111328706145287,0.9997391700744629,0.5507651567459106,0.3632003664970398,-0.13843068480491638,0.9415481686592102,0.3835008442401886,0.37617209553718567,-0.1745997667312622,0.9510189294815063,0.4933485984802246,0.2962401211261749,-0.3849901258945465,0.9144165515899658,0.4333323836326599,0.30599290132522583,-0.436220645904541,0.9744709134101868,0.4798348546028137,0.27537423372268677,-0.43854236602783203,0.8881250023841858,0.4465978145599365,0.28820812702178955,-0.49909311532974243,0.9627501368522644,0.4760688841342926,0.25745323300361633,-0.4358624815940857,0.8726911544799805,0.4495978355407715,0.2645469605922699,-0.48900216817855835,0.9568716883659363,0.4766138195991516,0.2659711539745331,-0.3879406452178955,0.8004742860794067,0.4500808119773865,0.2709901034832001,-0.43928369879722595,0.9261225461959839,0.500883936882019,0.5076671242713928,-0.009380466304719448,0.9999085664749146,0.4244839549064636,0.5071412920951843,0.009272022172808647,0.9999364614486694,0.540517270565033,0.7296972274780273,-0.12121614068746567,0.9414083361625671,0.3719104528427124,0.7349522709846497,-0.21698987483978271,0.9513620734214783,0.5145020484924316,0.8835583329200745,0.13899534940719604,0.835947573184967,0.4074910581111908,0.8873530030250549,0.05979105830192566,0.8850314021110535,0.4989880621433258,0.8924360275268555,0.1584637463092804,0.7193264961242676,0.4219878613948822,0.906613826751709,0.07645268738269806,0.7501201629638672,0.5270813703536987,0.9744426012039185,0.03034808114171028,0.7863390445709229,0.38608604669570923,0.9788192510604858,-0.029474545270204544,0.8070865273475647,squat
0.4563733637332916,0.018346892669796944,-0.29774725437164307,0.9811843037605286,0.4625205099582672,7.245010056067258e-05,-0.28184446692466736,0.9395296573638916,0.46772751212120056,-0.000963006226811558,-0.2821851670742035,0.9413291215896606,0.47310328483581543,-0.002373520750552416,-0.28219082951545715,0.9552417993545532,0.44963717460632324,0.0021155676804482937,-0.2822839915752411,0.9560615420341492,0.4447087347507477,0.002978414297103882,-0.2826312482357025,0.9678066372871399,0.4402223229408264,0.00383197795599699,-0.2829037308692932,0.9752494096755981,0.4814620018005371,0.0071967411786317825,-0.16937313973903656,0.9752064347267151,0.4357013702392578,0.015028100460767746,-0.16996172070503235,0.9633121490478516,0.46639519929885864,0.03989509120583534,-0.25205618143081665,0.9949676394462585,0.4495123326778412,0.04173656180500984,-0.2543468475341797,0.9951421022415161,0.5244483947753906,0.1395343542098999,-0.09711036086082458,0.9998075366020203,0.40158361196517944,0.13947439193725586,-0.10266973823308945,0.999722421169281,0.5460149049758911,0.28208279609680176,-0.15347138047218323,0.9447662234306335,0.38222333788871765,0.29373812675476074,-0.18343715369701385,0.9487738609313965,0.49836307764053345,0.3400318920612335,-0.35291722416877747,0.9209108352661133,0.4138837456703186,0.3391609191894531,-0.39271771907806396,0.973666250705719,0.4910672605037689,0.3678378760814667,-0.40729284286499023,0.8969441056251526,0.41996413469314575,0.38584285974502563,-0.4546809792518616,0.9631171226501465,0.4789578914642334,0.3508428931236267,-0.4284064769744873,0.8832835555076599,0.42897161841392517,0.36188313364982605,-0.4700341820716858,0.9580814242362976,0.47868067026138306,0.31974685192108154,-0.36505126953125,0.8168904781341553,0.42899036407470703,0.3345244228839874,-0.4050326943397522,0.9286067485809326,0.49655836820602417,0.4486267566680908,0.0005592156085185707,0.9999114871025085,0.42423519492149353,0.45470646023750305,-0.0006401228019967675,0.9999359846115112,0.5071629285812378,0.6752093434333801,0.0594390407204628,0.9413933157920837,0.4071813225746155,0.6877899765968323,-0.019255224615335464,0.952960729598999,0.5131077766418457,0.8784108757972717,0.25903579592704773,0.8505365252494812,0.4075407385826111,0.887186586856842,0.122566819190979,0.895237922668457,0.5006535649299622,0.8927004337310791,0.26932400465011597,0.7291737794876099,0.4191819131374359,0.906796932220459,0.12904781103134155,0.7594687938690186,0.5270869731903076,0.9703892469406128,0.1108112782239914,0.8044607043266296,0.3896295428276062,0.979243814945221,-0.028949439525604248,0.8235018849372864,squat
0.5363041162490845,0.6391432881355286,-0.5491501092910767,0.38008272647857666,0.6869224309921265,-0.48506516218185425,0.5507432818412781,0.863978385925293,-0.5876951217651367,0.3759434223175049,0.8933049440383911,-0.5297644734382629,0.537415623664856,1.0724576711654663,-0.6475797891616821,0.3750878870487213,1.1060872077941895,-0.6602324843406677,pushup
0.5395724177360535,0.6915420293807983,-0.6624499559402466,0.3773362636566162,0.7121760845184326,-0.6321424841880798,0.5515822768211365,0.8861111402511597,-0.6900635361671448,0.3779905438423157,0.9202504754066467,-0.6820942759513855,0.5440658330917358,1.1226454973220825,-0.7913581132888794,0.3712609112262726,1.1223900318145752,-0.8124949336051941,pushup
0.5400148630142212,0.6833959221839905,-0.689666748046875,0.3765026926994324,0.6949763894081116,-0.649249255657196,0.5522345304489136,0.8950199484825134,-0.7086679935455322,0.37766650319099426,0.8984977602958679,-0.6769071817398071,0.5474194288253784,1.1223787069320679,-0.8042823672294617,0.36935409903526306,1.1003466844558716,-0.8039581179618835,pushup
0.5405288338661194,0.6900442838668823,-0.6569699645042419,0.3763520121574402,0.6900330185890198,-0.6242047548294067,0.5547001957893372,0.8962645530700684,-0.6772189736366272,0.3737705647945404,0.900443434715271,-0.6685718297958374,0.5758740901947021,1.1113766431808472,-0.7852301597595215,0.36558935046195984,1.106638789176941,-0.8087435960769653,pushup
0.5411247611045837,0.6940404176712036,-0.6665692925453186,0.3772856593132019,0.6999564170837402,-0.6353353261947632,0.5560445189476013,0.8983413577079773,-0.7139473557472229,0.37219539284706116,0.9114803671836853,-0.6981444954872131,0.5767325162887573,1.0959714651107788,-0.8489636182785034,0.3679126501083374,1.0985690355300903,-0.8580056428909302,pushup
0.5406733155250549,0.7057026624679565,-0.6755570769309998,0.3738054633140564,0.7290862202644348,-0.6475550532341003,0.5565452575683594,0.9130710363388062,-0.7078868746757507,0.36988863348960876,0.9468380212783813,-0.7071341872215271,0.5765888690948486,1.1180001497268677,-0.8265953063964844,0.3618752360343933,1.1189481019973755,-0.8627474904060364,pushup
0.5447105169296265,0.7840687036514282,-0.6346256136894226,0.3698236644268036,0.7807669639587402,-0.6020401120185852,0.5569145679473877,0.9622856378555298,-0.6114794015884399,0.3596104085445404,0.9372627139091492,-0.5878667235374451,0.574338436126709,1.1407667398452759,-0.6832603812217712,0.35275667905807495,1.095761775970459,-0.6824835538864136,pushup
0.3132892847061157,0.8762761354446411,-0.01657366007566452,0.41418448090553284,0.7273218631744385,0.055238306522369385,0.22187967598438263,0.8146427869796753,-0.1223532110452652,0.34691840410232544,0.6280875205993652,0.004460139200091362,0.21101517975330353,0.8019147515296936,-0.27474918961524963,0.3331444263458252,0.5621590614318848,-0.14885102212429047,pushup
0.332613080739975,0.8808025121688843,-0.41824275255203247,0.4450574517250061,0.7126304507255554,-0.3786301910877228,0.24179628491401672,0.8788542747497559,-0.38228505849838257,0.40065422654151917,0.6779607534408569,-0.26886945962905884,0.19824109971523285,0.9935044050216675,-0.3790142834186554,0.42036834359169006,0.6720429062843323,-0.20993562042713165,pushup
0.545442521572113,0.7096655964851379,-0.6405197381973267,0.3756120502948761,0.7179378867149353,-0.5978924632072449,0.5558927059173584,0.922981858253479,-0.6244307160377502,0.37102749943733215,0.9527543783187866,-0.6394171714782715,0.5605176687240601,1.1459938287734985,-0.6952913403511047,0.36206328868865967,1.153592586517334,-0.7855138182640076,pushup
0.544809103012085,0.7127840518951416,-0.6735965609550476,0.3749816119670868,0.7114092707633972,-0.6194505095481873,0.5558795928955078,0.92655348777771,-0.7035192251205444,0.3688446879386902,0.9326357245445251,-0.667685866355896,0.5623765587806702,1.1531208753585815,-0.8199512362480164,0.356153279542923,1.142540693283081,-0.8247519731521606,pushup
0.5435546636581421,0.7333309650421143,-0.6016857028007507,0.37394824624061584,0.7495062351226807,-0.5483863353729248,0.5602040886878967,0.9158263206481934,-0.5324267148971558,0.36173638701438904,0.9344106316566467,-0.5589326620101929,0.5622278451919556,1.0889149904251099,-0.5680145025253296,0.3557714819908142,1.098798155784607,-0.7271800637245178,pushup
0.5200147032737732,0.3829489052295685,-0.48422861099243164,0.3697413206100464,0.395272433757782,-0.4207684397697449,0.5391749143600464,0.6133383512496948,-0.5001741647720337,0.3572761118412018,0.5813908576965332,-0.44568222761154175,0.5368458032608032,0.8406676650047302,-0.5762568712234497,0.344332754611969,0.7907752990722656,-0.572039008140564,pushup
0.5237589478492737,0.41168543696403503,-0.47859302163124084,0.3698464334011078,0.433538556098938,-0.3954167366027832,0.5444258451461792,0.6266191601753235,-0.4705711305141449,0.35513797402381897,0.6036717891693115,-0.3348756432533264,0.5388819575309753,0.8539465069770813,-0.572437047958374,0.34374380111694336,0.8008374571800232,-0.4555366635322571,pushup
0.5245786309242249,0.4529033601284027,-0.47886449098587036,0.36882197856903076,0.45696398615837097,-0.405806303024292,0.546165943145752,0.6459916830062866,-0.4325927793979645,0.3496626019477844,0.6144112348556519,-0.35452672839164734,0.5394803285598755,0.8623005151748657,-0.5259717106819153,0.34205955266952515,0.8118367791175842,-0.464810311794281,pushup
0.5428191423416138,0.42908260226249695,-0.5182806253433228,0.36063045263290405,0.4389500617980957,-0.46504250168800354,0.5638915300369263,0.6657218933105469,-0.5446043610572815,0.3516874313354492,0.6193182468414307,-0.4738602042198181,0.551123857498169,0.8662108778953552,-0.6298996210098267,0.3450571298599243,0.8410598635673523,-0.5597071051597595,pushup
0.5456642508506775,0.4254249036312103,-0.5007452368736267,0.3606991469860077,0.4382968842983246,-0.4365392327308655,0.563744068145752,0.6657928228378296,-0.5432463884353638,0.35160666704177856,0.6174228191375732,-0.466381311416626,0.5510039329528809,0.8678526282310486,-0.626050591468811,0.34313395619392395,0.8294398188591003,-0.5503793954849243,pushup
0.5395302772521973,0.4452739655971527,-0.49548235535621643,0.3526747226715088,0.46268516778945923,-0.4430881142616272,0.5737433433532715,0.6647148728370667,-0.516697347164154,0.34633690118789673,0.6209679245948792,-0.41413554549217224,0.5509047508239746,0.8657407164573669,-0.6223934888839722,0.3407054543495178,0.8171250224113464,-0.4874705672264099,pushup
0.5267377495765686,0.511396050453186,-0.4415191113948822,0.34619826078414917,0.5481782555580139,-0.39441952109336853,0.5732226371765137,0.691541314125061,-0.44943466782569885,0.33773356676101685,0.6482458114624023,-0.3474159836769104,0.549757182598114,0.865750789642334,-0.5625841021537781,0.3411101698875427,0.8233826756477356,-0.4198974668979645,pushup
0.5180120468139648,0.5969614386558533,-0.45502549409866333,0.3396034240722656,0.6089059710502625,-0.4066008925437927,0.5615988969802856,0.7061875462532043,-0.4497458040714264,0.33134371042251587,0.6589721441268921,-0.3125413954257965,0.5439954996109009,0.868804395198822,-0.5767585635185242,0.339619517326355,0.8041436076164246,-0.3487933278083801,pushup
0.5185357332229614,0.6318832635879517,-0.4688847064971924,0.3336626887321472,0.6515060067176819,-0.4314740300178528,0.5568552613258362,0.724131166934967,-0.4641614556312561,0.33060330152511597,0.6726945042610168,-0.3339617848396301,0.5422779321670532,0.8702903985977173,-0.5867804288864136,0.33978644013404846,0.8055158257484436,-0.31925517320632935,pushup
0.515465259552002,0.6009641289710999,-0.4355778694152832,0.33251142501831055,0.6254984736442566,-0.40626803040504456,0.5498764514923096,0.731189489364624,-0.4471142888069153,0.33029383420944214,0.6913478970527649,-0.33902981877326965,0.5428265929222107,0.8781869411468506,-0.5909220576286316,0.33990025520324707,0.8082306981086731,-0.3783581554889679,pushup
0.5124449729919434,0.5756282210350037,-0.44941505789756775,0.3361181914806366,0.6043053269386292,-0.4168732762336731,0.5540106296539307,0.7270739078521729,-0.4672260284423828,0.32477155327796936,0.6816291213035583,-0.3495810329914093,0.5430710315704346,0.8731535077095032,-0.5938414335250854,0.3399791419506073,0.7983265519142151,-0.38382118940353394,pushup
0.5144871473312378,0.4601539075374603,-0.5211586952209473,0.3377267122268677,0.45383399724960327,-0.45691436529159546,0.5497666597366333,0.6792166233062744,-0.5076109170913696,0.3274294137954712,0.634386420249939,-0.4072355628013611,0.544916570186615,0.8732516169548035,-0.5951066017150879,0.3385787606239319,0.8013476133346558,-0.4547044336795807,pushup
0.516441285610199,0.4308769106864929,-0.5080952644348145,0.340410053730011,0.4352574646472931,-0.4699219763278961,0.5462003946304321,0.6425473690032959,-0.5006409287452698,0.33016306161880493,0.6248269081115723,-0.46818381547927856,0.55088210105896,0.8466521501541138,-0.5763403177261353,0.33876195549964905,0.8279005885124207,-0.5615730285644531,pushup
0.5174401998519897,0.4279584288597107,-0.5037726163864136,0.3436174988746643,0.4409433901309967,-0.4654622972011566,0.5457895994186401,0.6411272287368774,-0.501810610294342,0.3327195346355438,0.6278451085090637,-0.4622670114040375,0.5512105226516724,0.8411935567855835,-0.5829441547393799,0.33884990215301514,0.8328335285186768,-0.5443722605705261,pushup
0.5286633968353271,0.4463944733142853,-0.5011781454086304,0.3505678176879883,0.4486842751502991,-0.4600140154361725,0.5494198203086853,0.6507418155670166,-0.4979434907436371,0.3334304392337799,0.6266769170761108,-0.43994778394699097,0.5528380870819092,0.8409309387207031,-0.5916662812232971,0.33782824873924255,0.8282775282859802,-0.522411048412323,pushup
0.5294595956802368,0.4526686370372772,-0.4982987344264984,0.3525563180446625,0.4531727731227875,-0.4638490080833435,0.5603998303413391,0.6552804708480835,-0.4625468850135803,0.3269123435020447,0.6467698216438293,-0.43494921922683716,0.553371250629425,0.8303640484809875,-0.5511712431907654,0.33733126521110535,0.82762610912323,-0.5231384038925171,pushup
0.5309943556785583,0.5285557508468628,-0.4634462893009186,0.35023728013038635,0.5806570649147034,-0.45756691694259644,0.5669647455215454,0.6536791324615479,-0.38785356283187866,0.30729013681411743,0.6725150942802429,-0.36809858679771423,0.553554356098175,0.8240880370140076,-0.4770874083042145,0.3377281129360199,0.817503035068512,-0.40737342834472656,pushup
0.5337185859680176,0.589752733707428,-0.45424920320510864,0.34525424242019653,0.6372366547584534,-0.4585018754005432,0.5704292058944702,0.661939799785614,-0.4067428708076477,0.30272942781448364,0.6794491410255432,-0.3736151158809662,0.5543991923332214,0.8294471502304077,-0.5230249166488647,0.33915194869041443,0.8271181583404541,-0.4031442701816559,pushup
0.5336774587631226,0.591705858707428,-0.46107912063598633,0.3453870117664337,0.6304454207420349,-0.4593203663825989,0.5687393546104431,0.6781126260757446,-0.418494313955307,0.30194419622421265,0.6767509579658508,-0.3828759789466858,0.5554896593093872,0.8321487307548523,-0.5261551141738892,0.33975306153297424,0.8269060850143433,-0.42187389731407166,pushup
0.5335962176322937,0.5650482773780823,-0.4648064970970154,0.34570810198783875,0.5911136865615845,-0.46400031447410583,0.5681313872337341,0.6700077652931213,-0.4068649411201477,0.304124653339386,0.6746091842651367,-0.3854619860649109,0.5554420948028564,0.829679012298584,-0.5008721351623535,0.3416730761528015,0.8273114562034607,-0.4392617344856262,pushup
0.5291111469268799,0.4759032726287842,-0.46742725372314453,0.34930360317230225,0.5023756623268127,-0.44670170545578003,0.567103385925293,0.6563692688941956,-0.4187931418418884,0.30973488092422485,0.6672537326812744,-0.38901370763778687,0.5547229051589966,0.8302540183067322,-0.5222114324569702,0.34053099155426025,0.8228530287742615,-0.46751242876052856,pushup
0.5266159772872925,0.43061187863349915,-0.5080963373184204,0.34989315271377563,0.44530877470970154,-0.4563716948032379,0.5490458607673645,0.6297703981399536,-0.4932080805301666,0.3352617025375366,0.6373401284217834,-0.4267086088657379,0.5533286333084106,0.8309255242347717,-0.5758548974990845,0.3393325209617615,0.8178686499595642,-0.5063015222549438,pushup
0.5259048342704773,0.42252811789512634,-0.5228019952774048,0.3514001667499542,0.4199446737766266,-0.4700646996498108,0.5432366132736206,0.626384437084198,-0.5352017283439636,0.34257298707962036,0.6184349656105042,-0.4549861550331116,0.5508993864059448,0.8338934183120728,-0.629403829574585,0.33867114782333374,0.8179405927658081,-0.5275097489356995,pushup
0.5259546637535095,0.428356796503067,-0.5345004200935364,0.3516790568828583,0.4202203154563904,-0.4903528094291687,0.5438300371170044,0.6326081156730652,-0.5250643491744995,0.34496456384658813,0.6120851039886475,-0.4623299241065979,0.5499274730682373,0.8343140482902527,-0.6105802059173584,0.33765748143196106,0.8177205324172974,-0.5406725406646729,pushup
0.5274032354354858,0.431287556886673,-0.5274804830551147,0.3535889983177185,0.44727203249931335,-0.46796751022338867,0.5447566509246826,0.6364089250564575,-0.5112546682357788,0.3429803252220154,0.614642858505249,-0.4447001516819,0.5499567985534668,0.8327080607414246,-0.5772883892059326,0.33713409304618835,0.8174422383308411,-0.5302211046218872,pushup
0.5284462571144104,0.4674672782421112,-0.504499077796936,0.3535286486148834,0.4880010783672333,-0.46724963188171387,0.5589405298233032,0.6465318202972412,-0.45831188559532166,0.3370356261730194,0.6583185195922852,-0.4416164457798004,0.5522881150245667,0.8282844424247742,-0.5366079211235046,0.337178498506546,0.8311281800270081,-0.5245577692985535,pushup
0.5292028188705444,0.5762186050415039,-0.5027848482131958,0.34628355503082275,0.5919189453125,-0.4922577738761902,0.5625309944152832,0.6718968152999878,-0.43528690934181213,0.3255014717578888,0.6812746524810791,-0.41791024804115295,0.5523979663848877,0.8251782059669495,-0.5297389626502991,0.3370554447174072,0.8309794068336487,-0.4556027948856354,pushup
0.5301908254623413,0.6137436032295227,-0.5258932709693909,0.34863823652267456,0.6477531790733337,-0.48397746682167053,0.6375256776809692,0.6425371766090393,-0.46654191613197327,0.3181290626525879,0.674920380115509,-0.31771209836006165,0.7342880964279175,0.7773652672767639,-0.5379717350006104,0.3367999792098999,0.8174657821655273,-0.2711711823940277,pushup
0.5320478081703186,0.6154232621192932,-0.5459988117218018,0.34501969814300537,0.6471322774887085,-0.4976227879524231,0.6345895528793335,0.6349942088127136,-0.5121647119522095,0.31069865822792053,0.6714069843292236,-0.34341681003570557,0.7351540923118591,0.75165194272995,-0.5997405648231506,0.3369605243206024,0.8113163709640503,-0.28878700733184814,pushup
0.5339290499687195,0.5935407876968384,-0.538399338722229,0.3452748954296112,0.6044159531593323,-0.5010117888450623,0.5430688858032227,0.7149420976638794,-0.4498966634273529,0.312679648399353,0.6686970591545105,-0.3582842946052551,0.5364673733711243,0.8191154599189758,-0.5027285814285278,0.3386966586112976,0.8197459578514099,-0.3733978569507599,pushup
0.5337139368057251,0.5107908248901367,-0.5359015464782715,0.35034990310668945,0.5110725164413452,-0.5053348541259766,0.556291401386261,0.6937046051025391,-0.4939139783382416,0.3180854916572571,0.6679356694221497,-0.43803247809410095,0.5509909987449646,0.8289027810096741,-0.5935105085372925,0.34076741337776184,0.819755494594574,-0.5168570280075073,pushup
0.5327922105789185,0.4361937940120697,-0.5520848035812378,0.35476118326187134,0.45497584342956543,-0.5068868398666382,0.551633894443512,0.6567090153694153,-0.5103350877761841,0.33859485387802124,0.6507241725921631,-0.47571462392807007,0.5519177317619324,0.8327606916427612,-0.5827037692070007,0.33988723158836365,0.8185266852378845,-0.5703997611999512,pushup
0.5313431620597839,0.4250544309616089,-0.5472167730331421,0.35859087109565735,0.4328295886516571,-0.5029942989349365,0.5461341738700867,0.6395681500434875,-0.5114806294441223,0.3473643362522125,0.644158661365509,-0.47948718070983887,0.5508456230163574,0.8397505879402161,-0.5764510631561279,0.3369653820991516,0.8242993950843811,-0.5686291456222534,pushup
0.531183123588562,0.4283369779586792,-0.5343834757804871,0.3617984354496002,0.4392266571521759,-0.48719340562820435,0.5482873916625977,0.6355418562889099,-0.5029534101486206,0.34558814764022827,0.6421540975570679,-0.4744817316532135,0.5500965714454651,0.8387683629989624,-0.5637189149856567,0.33661115169525146,0.8182533383369446,-0.5659933686256409,pushup
0.5305782556533813,0.45379287004470825,-0.5306580066680908,0.3603341281414032,0.464923232793808,-0.491231769323349,0.5522707104682922,0.6555914878845215,-0.513736367225647,0.34303998947143555,0.6579060554504395,-0.4902426302433014,0.5505374670028687,0.8390852212905884,-0.6049354076385498,0.33800235390663147,0.8330718874931335,-0.5931719541549683,pushup
0.5306218862533569,0.5265182852745056,-0.5213817358016968,0.35606545209884644,0.5031054019927979,-0.4911677837371826,0.5541166067123413,0.6917600631713867,-0.5072433352470398,0.3264226019382477,0.6626290678977966,-0.44078636169433594,0.5448964834213257,0.8405529260635376,-0.617843747138977,0.340609073638916,0.8333914875984192,-0.5269368886947632,pushup
0.5307353734970093,0.5937551856040955,-0.49274641275405884,0.3438771665096283,0.6104966998100281,-0.4631129801273346,0.5583826303482056,0.6893386244773865,-0.46733173727989197,0.3127831518650055,0.6659804582595825,-0.37046101689338684,0.5503318309783936,0.8384610414505005,-0.6016898155212402,0.34060055017471313,0.8268229961395264,-0.3913109600543976,pushup
0.5278446674346924,0.6040416359901428,-0.4829780161380768,0.3449323773384094,0.634005069732666,-0.46781009435653687,0.5577338933944702,0.6880826354026794,-0.46792203187942505,0.3109200596809387,0.6707499027252197,-0.3964359164237976,0.5446582436561584,0.8095555901527405,-0.6022555232048035,0.340729296207428,0.8111196160316467,-0.4400283694267273,pushup
0.5260272026062012,0.5809713006019592,-0.5603988766670227,0.34272676706314087,0.6117511987686157,-0.5017374753952026,0.5552480220794678,0.6912243962287903,-0.5278087854385376,0.313290536403656,0.6703823208808899,-0.3905865550041199,0.5487901568412781,0.8231185674667358,-0.6389889717102051,0.340711385011673,0.8089183568954468,-0.4005570411682129,pushup
0.5261204838752747,0.5375955104827881,-0.5813795328140259,0.35249006748199463,0.5124650001525879,-0.5369703769683838,0.5559462308883667,0.6878913640975952,-0.5192335844039917,0.3147110342979431,0.6639037132263184,-0.4360150694847107,0.550949215888977,0.8307358026504517,-0.5912052392959595,0.34067994356155396,0.8063739538192749,-0.45129233598709106,pushup
0.526382565498352,0.44790762662887573,-0.5798471570014954,0.3565002977848053,0.451133131980896,-0.5329307317733765,0.5560837984085083,0.6631510257720947,-0.5437911748886108,0.3308681845664978,0.6551862359046936,-0.49804767966270447,0.5518614649772644,0.8367783427238464,-0.6196826696395874,0.3381286561489105,0.8068029880523682,-0.5871897339820862,pushup
0.5264361500740051,0.4216969907283783,-0.619280219078064,0.36147594451904297,0.42687228322029114,-0.5728715062141418,0.5483915209770203,0.6381449699401855,-0.6264525651931763,0.34719374775886536,0.6373701691627502,-0.5970854759216309,0.5514432191848755,0.8365797996520996,-0.7025519609451294,0.3379780650138855,0.8069708347320557,-0.7137109041213989,pushup
0.5273003578186035,0.42347025871276855,-0.5836482048034668,0.3628390431404114,0.4286375343799591,-0.5518655180931091,0.5493091940879822,0.6442458033561707,-0.5688031911849976,0.3487076163291931,0.6383033394813538,-0.5283546447753906,0.5507102012634277,0.8404965996742249,-0.6479348540306091,0.3366883099079132,0.8178723454475403,-0.6184738874435425,pushup
0.5281025767326355,0.44961661100387573,-0.5188233852386475,0.3614423871040344,0.456575870513916,-0.5074039697647095,0.555830180644989,0.6544474363327026,-0.49983471632003784,0.3431921899318695,0.6497125625610352,-0.5103482007980347,0.5509532690048218,0.8427686095237732,-0.5774942636489868,0.33670586347579956,0.827650785446167,-0.588675320148468,pushup
0.5281282067298889,0.49076250195503235,-0.5158058404922485,0.3585251271724701,0.5086686015129089,-0.5013047456741333,0.56065833568573,0.6579092144966125,-0.48658522963523865,0.3287513256072998,0.6748310327529907,-0.46883994340896606,0.5513017177581787,0.8425443172454834,-0.577474057674408,0.33924657106399536,0.8390707969665527,-0.5625266432762146,pushup
0.5278688073158264,0.580572783946991,-0.5514178276062012,0.3517358899116516,0.6017462015151978,-0.5166493654251099,0.5551730394363403,0.6922114491462708,-0.4994916319847107,0.3169318437576294,0.6746363043785095,-0.44604021310806274,0.5513840913772583,0.8419774174690247,-0.6055949330329895,0.34130796790122986,0.8379974961280823,-0.5072838068008423,pushup
0.5275155305862427,0.5993102192878723,-0.5501107573509216,0.3502938151359558,0.6307733654975891,-0.5162527561187744,0.5553070306777954,0.6878641843795776,-0.49851346015930176,0.30901506543159485,0.6751927733421326,-0.4295736849308014,0.5532649159431458,0.8391801714897156,-0.5912425518035889,0.34124940633773804,0.8248433470726013,-0.4696129858493805,pushup
0.5284173488616943,0.5773221254348755,-0.5553697347640991,0.35035911202430725,0.5895974636077881,-0.5329431295394897,0.5495361089706421,0.7244333028793335,-0.5258537530899048,0.30843350291252136,0.677049994468689,-0.47225403785705566,0.5506685376167297,0.8482152223587036,-0.639243483543396,0.3422054946422577,0.839731752872467,-0.544482409954071,pushup
0.5287434458732605,0.5174484848976135,-0.5630282163619995,0.3543928265571594,0.5100345015525818,-0.5432674288749695,0.5586898326873779,0.7224181294441223,-0.5239343047142029,0.3134644031524658,0.6623305082321167,-0.479682058095932,0.5509592294692993,0.8451132774353027,-0.6093319654464722,0.34211188554763794,0.8344690799713135,-0.5419377684593201,pushup
0.5290819406509399,0.4430291950702667,-0.5658214092254639,0.3569002151489258,0.45540115237236023,-0.5357784032821655,0.5563114881515503,0.6627016663551331,-0.5366424918174744,0.3324146568775177,0.656848669052124,-0.5052160620689392,0.5511595010757446,0.8443535566329956,-0.6193462610244751,0.33758923411369324,0.8266185522079468,-0.6002475023269653,pushup
0.5290822982788086,0.41367098689079285,-0.5712865591049194,0.3625781238079071,0.42414939403533936,-0.5333925485610962,0.5489119291305542,0.6261873841285706,-0.560907244682312,0.3529084026813507,0.6216325759887695,-0.5300294756889343,0.551334798336029,0.8434082865715027,-0.6329249739646912,0.3376743793487549,0.8144254088401794,-0.6287840604782104,pushup
0.5296832323074341,0.41709455847740173,-0.5136648416519165,0.36487236618995667,0.4236375093460083,-0.4785635471343994,0.5491170883178711,0.6319456100463867,-0.5111363530158997,0.35218626260757446,0.623259961605072,-0.4659964442253113,0.5511724948883057,0.8427308201789856,-0.5807649493217468,0.33773669600486755,0.8091357946395874,-0.5317724943161011,pushup
0.5298328995704651,0.44540223479270935,-0.4923124313354492,0.3647082448005676,0.4547882080078125,-0.4705314636230469,0.5530418157577515,0.6330260634422302,-0.46680837869644165,0.3481234908103943,0.6483113765716553,-0.45058614015579224,0.5516003966331482,0.8422373533248901,-0.5458535552024841,0.33802658319473267,0.8189707398414612,-0.530837893486023,pushup
0.530086100101471,0.5096861720085144,-0.4657292366027832,0.35665008425712585,0.5302174091339111,-0.45385679602622986,0.5610885620117188,0.6525223255157471,-0.41205233335494995,0.32210707664489746,0.6714915633201599,-0.3981018662452698,0.5530855655670166,0.838694155216217,-0.49347051978111267,0.33993056416511536,0.8302841782569885,-0.4716711938381195,pushup
0.528621256351471,0.5918608903884888,-0.4925839900970459,0.34979692101478577,0.6295914649963379,-0.46098828315734863,0.5606743097305298,0.6923651099205017,-0.45350632071495056,0.3103315234184265,0.6856462359428406,-0.38503724336624146,0.5536275506019592,0.8376448154449463,-0.5395799875259399,0.33987605571746826,0.8144611716270447,-0.4108210504055023,pushup
0.5275471806526184,0.6088202595710754,-0.4850809574127197,0.3490844666957855,0.6392725110054016,-0.46300721168518066,0.5645941495895386,0.6679351925849915,-0.39617830514907837,0.30899176001548767,0.6824265122413635,-0.372372567653656,0.5779241323471069,0.7884719967842102,-0.4258970320224762,0.34038037061691284,0.813485860824585,-0.4000200629234314,pushup
0.5277230143547058,0.580082893371582,-0.4851459562778473,0.34503233432769775,0.6083927750587463,-0.4548722803592682,0.5587954521179199,0.7022034525871277,-0.47536659240722656,0.30851778388023376,0.6838037371635437,-0.39792925119400024,0.5586844682693481,0.848423957824707,-0.6123553514480591,0.3465219736099243,0.8556711077690125,-0.5093267560005188,pushup
0.5278720259666443,0.5284816026687622,-0.5214354991912842,0.35331040620803833,0.5276615023612976,-0.4977019727230072,0.5630404949188232,0.6873643398284912,-0.48423701524734497,0.3102892339229584,0.6737040281295776,-0.4250187873840332,0.5570223927497864,0.8449186682701111,-0.5837859511375427,0.34575414657592773,0.8517910242080688,-0.5066909790039062,pushup
0.5298377275466919,0.4588194191455841,-0.6054818630218506,0.3560052514076233,0.4634380042552948,-0.5471862554550171,0.5606736540794373,0.6777706146240234,-0.624820351600647,0.3301970064640045,0.6555229425430298,-0.5413144826889038,0.5555726289749146,0.8423702716827393,-0.7435837984085083,0.3424779772758484,0.8394476175308228,-0.6391440629959106,pushup
0.5314375162124634,0.4338761568069458,-0.5615094900131226,0.358951210975647,0.4319402575492859,-0.5375086069107056,0.5527452230453491,0.642460823059082,-0.5545490980148315,0.34826964139938354,0.6326074600219727,-0.4912111759185791,0.553510844707489,0.8419296145439148,-0.6391139030456543,0.3382737934589386,0.8366596698760986,-0.5678855776786804,pushup
0.5325535535812378,0.43490609526634216,-0.5484628677368164,0.3601561486721039,0.4286515414714813,-0.48627862334251404,0.5523867011070251,0.6351302862167358,-0.5413826704025269,0.3506813049316406,0.6194688677787781,-0.4596702456474304,0.5521135330200195,0.8408952355384827,-0.6318560838699341,0.3364948630332947,0.8225964903831482,-0.526069164276123,pushup
0.5325120091438293,0.45657169818878174,-0.5410588979721069,0.36008280515670776,0.46090957522392273,-0.4842856526374817,0.5573005676269531,0.6391920447349548,-0.5383594036102295,0.3495963215827942,0.638174831867218,-0.46550196409225464,0.5503832101821899,0.8399485945701599,-0.6527329683303833,0.3363809287548065,0.8185529708862305,-0.5577019453048706,pushup
0.5324381589889526,0.5129964351654053,-0.48871493339538574,0.35468587279319763,0.5126391053199768,-0.4681175649166107,0.5614463090896606,0.6513798832893372,-0.4376329779624939,0.3257008492946625,0.6597777605056763,-0.41651129722595215,0.5506828427314758,0.837056040763855,-0.522068440914154,0.3403545320034027,0.839042067527771,-0.5070080757141113,pushup
0.5330325961112976,0.6011966466903687,-0.4963599145412445,0.34186309576034546,0.6204525232315063,-0.4664517939090729,0.566705584526062,0.6839913129806519,-0.4698536992073059,0.31221282482147217,0.6655305027961731,-0.385503888130188,0.5496048927307129,0.8354600667953491,-0.5900141000747681,0.3389444649219513,0.8188729882240295,-0.41354864835739136,pushup
0.5329679846763611,0.6137208938598633,-0.49210500717163086,0.34004873037338257,0.6486635208129883,-0.47070664167404175,0.5693377256393433,0.6808114647865295,-0.40765872597694397,0.3081297278404236,0.6687309741973877,-0.3417714834213257,0.5563047528266907,0.8141892552375793,-0.46088892221450806,0.33919739723205566,0.8142041563987732,-0.30769723653793335,pushup
0.533481240272522,0.5953495502471924,-0.5017305016517639,0.3416006863117218,0.6297479271888733,-0.4652724862098694,0.5881044864654541,0.6910184025764465,-0.5019570589065552,0.3064129948616028,0.6811335682868958,-0.34719452261924744,0.6362985968589783,0.8216935992240906,-0.6325863003730774,0.34307974576950073,0.8403741717338562,-0.3411330580711365,pushup
0.5334430932998657,0.5439521670341492,-0.5369410514831543,0.3483632206916809,0.5398905277252197,-0.5202010869979858,0.5786027908325195,0.6898208856582642,-0.5081600546836853,0.3081098198890686,0.6682209372520447,-0.4533765912055969,0.5706774592399597,0.8291758894920349,-0.6253485679626465,0.3433309495449066,0.8382121324539185,-0.5178248286247253,pushup
0.533410906791687,0.4647192358970642,-0.5451880097389221,0.35520297288894653,0.4619230628013611,-0.5051695108413696,0.5655144453048706,0.678885817527771,-0.5142309665679932,0.3307846188545227,0.6398282647132874,-0.4678502082824707,0.5552963018417358,0.8335950970649719,-0.6166999340057373,0.34172558784484863,0.829994797706604,-0.5632820129394531,pushup
0.4709649682044983,0.09260862320661545,-0.2751711308956146,0.9896958470344543,0.4773709177970886,0.07159683108329773,-0.25544220209121704,0.980258047580719,0.4827677607536316,0.07147610932588577,-0.255769282579422,0.9799084663391113,0.4869571626186371,0.07154975831508636,-0.25573354959487915,0.9844254851341248,0.46425336599349976,0.07304088771343231,-0.25538012385368347,0.9851219654083252,0.46008071303367615,0.07362004369497299,-0.2557058036327362,0.9865288138389587,0.45620861649513245,0.07456034421920776,-0.2558482885360718,0.9904781579971313,0.49229997396469116,0.08054189383983612,-0.1392522156238556,0.9909443259239197,0.45282888412475586,0.08223850280046463,-0.13746297359466553,0.9874710440635681,0.4803335666656494,0.1110018715262413,-0.2295907437801361,0.9983071088790894,0.4656964838504791,0.11353611201047897,-0.23122398555278778,0.9981217384338379,0.5368942022323608,0.21129177510738373,-0.0789165049791336,0.999967098236084,0.42076626420021057,0.2194371521472931,-0.06415815651416779,0.9998980164527893,0.5724517107009888,0.3511433005332947,-0.1086876392364502,0.9802566766738892,0.3970840573310852,0.3650261461734772,-0.10735394060611725,0.9583279490470886,0.6157470941543579,0.42732080817222595,-0.26592400670051575,0.9796344041824341,0.3512413501739502,0.44939231872558594,-0.26432645320892334,0.9660954475402832,0.626611590385437,0.46476876735687256,-0.29917699098587036,0.9675241708755493,0.3365899622440338,0.4783779978752136,-0.3002844452857971,0.9457055330276489,0.6203658580780029,0.45832139253616333,-0.33382701873779297,0.9714354872703552,0.3393741250038147,0.4736010730266571,-0.33272719383239746,0.9525176286697388,0.6134737730026245,0.4480803906917572,-0.2832251787185669,0.9634321331977844,0.34569674730300903,0.46713027358055115,-0.28202134370803833,0.9413014650344849,0.514238715171814,0.5101961493492126,0.0027950755320489407,0.9999359846115112,0.44826483726501465,0.5185266137123108,-0.003019650001078844,0.9999409914016724,0.5363155603408813,0.694647490978241,-0.04916980117559433,0.835770308971405,0.4329198896884918,0.7141080498695374,-0.09731145203113556,0.8201712369918823,0.5386359095573425,0.8705583214759827,0.18826749920845032,0.8326400518417358,0.4496276378631592,0.8820495009422302,0.10932140052318573,0.826734185218811,0.5306816101074219,0.8869682550430298,0.20582064986228943,0.7274500131607056,0.45826053619384766,0.8979905843734741,0.12597015500068665,0.7096693515777588,0.5584316849708557,0.9557491540908813,0.0882139503955841,0.8247437477111816,0.4389410614967346,0.9639280438423157,0.022101659327745438,0.8157832622528076,jumpingjack
0.4747134745121002,0.09056249260902405,-0.30124983191490173,0.9906907677650452,0.480414479970932,0.0697895810008049,-0.28488728404045105,0.9821133017539978,0.4861074984073639,0.0697399377822876,-0.2852137088775635,0.9817977547645569,0.49068301916122437,0.06991840898990631,-0.2852267622947693,0.9858999848365784,0.4690573811531067,0.07119886577129364,-0.285576730966568,0.9865341186523438,0.46562623977661133,0.07190881669521332,-0.2859693169593811,0.9877973794937134,0.46218571066856384,0.0728534609079361,-0.28619059920310974,0.9913535118103027,0.49812617897987366,0.07900965213775635,-0.174420565366745,0.9917871356010437,0.4597448706626892,0.08111303299665451,-0.17685577273368835,0.9885199069976807,0.48356693983078003,0.10906495898962021,-0.2561078369617462,0.9984030723571777,0.4697330594062805,0.11165651679039001,-0.2589706778526306,0.9982267618179321,0.5442551970481873,0.2074919193983078,-0.0932697132229805,0.9999645948410034,0.4210544526576996,0.21123601496219635,-0.097552090883255,0.9998340010643005,0.6248818635940552,0.20912307500839233,-0.08076770603656769,0.9802729487419128,0.4005073606967926,0.346176415681839,-0.07605797797441483,0.9025632739067078,0.6946046948432922,0.14074048399925232,-0.16367702186107635,0.9790794253349304,0.41380447149276733,0.45531898736953735,-0.11634377390146255,0.8750694394111633,0.7180048823356628,0.13021259009838104,-0.18133299052715302,0.9665478467941284,0.4136348366737366,0.4912981688976288,-0.1327315717935562,0.8558444380760193,0.7167083024978638,0.11549438536167145,-0.21044722199440002,0.9708638787269592,0.41959062218666077,0.4887036979198456,-0.15910904109477997,0.8624831438064575,0.7070921659469604,0.11862155795097351,-0.1780758649110794,0.9630006551742554,0.42031940817832947,0.4766619801521301,-0.1297605335712433,0.8531844019889832,0.5167483687400818,0.5092405676841736,0.003384226467460394,0.999940037727356,0.44852495193481445,0.5173184871673584,-0.003580996301025152,0.9999415874481201,0.5595735907554626,0.7046922445297241,-0.03397300839424133,0.8464679718017578,0.4281159043312073,0.7129891514778137,-0.08209735155105591,0.8329036831855774,0.5884397625923157,0.8921938538551331,0.17071811854839325,0.8429604768753052,0.43202099204063416,0.8851591348648071,0.11613650619983673,0.8386775851249695,0.5842081308364868,0.9172927737236023,0.18371954560279846,0.7179731130599976,0.4386475682258606,0.9038740396499634,0.13084900379180908,0.7060166597366333,0.6003454923629761,0.9651036858558655,0.049582600593566895,0.8323327898979187,0.4192914068698883,0.9630273580551147,0.006836682558059692,0.8234937191009521,jumpingjack
0.47936782240867615,0.031625695526599884,-0.3453306257724762,0.9915145039558411,0.4851865768432617,0.007471161428838968,-0.32777923345565796,0.9834375381469727,0.4914115369319916,0.006618198938667774,-0.3280685842037201,0.9831452369689941,0.49675971269607544,0.005304204765707254,-0.32803040742874146,0.9869372248649597,0.47153592109680176,0.008459915407001972,-0.3286319971084595,0.9876037836074829,0.4674299359321594,0.008902247063815594,-0.32901209592819214,0.988801896572113,0.46362119913101196,0.009179150685667992,-0.3292451500892639,0.9920439720153809,0.5048497319221497,0.010773750953376293,-0.20413699746131897,0.9922622442245483,0.4601498544216156,0.01648748107254505,-0.20496997237205505,0.9892625212669373,0.489874929189682,0.0481860414147377,-0.2973167896270752,0.998474657535553,0.47306889295578003,0.049429867416620255,-0.2997734844684601,0.998329222202301,0.5467641949653625,0.14317864179611206,-0.10747109353542328,0.9999639987945557,0.4293104112148285,0.1482417732477188,-0.11744444072246552,0.9998424053192139,0.6100110411643982,0.2508080303668976,-0.13053831458091736,0.9796091914176941,0.40213543176651,0.2807699739933014,-0.08673776686191559,0.9096570014953613,0.6440773606300354,0.304508775472641,-0.28832143545150757,0.9800805449485779,0.3851892352104187,0.39647361636161804,-0.19250573217868805,0.8866472244262695,0.656394362449646,0.32645443081855774,-0.32167884707450867,0.9680764079093933,0.37523913383483887,0.43525633215904236,-0.2220630645751953,0.8684579730033875,0.6508976817131042,0.3192240297794342,-0.36029425263404846,0.9723065495491028,0.3849056661128998,0.4327724874019623,-0.2688646912574768,0.8747334480285645,0.6437336206436157,0.31258779764175415,-0.30689388513565063,0.9647566676139832,0.3932804465293884,0.4221539795398712,-0.21567749977111816,0.8660157322883606,0.5213448405265808,0.42772942781448364,0.004610198549926281,0.999939501285553,0.45190948247909546,0.43192046880722046,-0.004870974458754063,0.9999404549598694,0.5506165027618408,0.6237329244613647,-0.02905791439116001,0.8500547409057617,0.45468655228614807,0.6448602676391602,-0.06871257722377777,0.8415000438690186,0.5611807703971863,0.8508771061897278,0.09314001351594925,0.8553388118743896,0.46225494146347046,0.8478487730026245,0.07277016341686249,0.8509736061096191,0.5568974018096924,0.8688366413116455,0.09495015442371368,0.7152331471443176,0.46687236428260803,0.8660688400268555,0.08065499365329742,0.7022649049758911,0.553753674030304,0.9432690143585205,-0.06662841141223907,0.8455806374549866,0.46247273683547974,0.9422661662101746,-0.06441035121679306,0.8361882567405701,jumpingjack
0.48570579290390015,0.09060736745595932,-0.3757019639015198,0.992338240146637,0.4921736717224121,0.06984605640172958,-0.35933586955070496,0.9850426912307739,0.4975014328956604,0.07089611887931824,-0.35972222685813904,0.9847766757011414,0.5021312832832336,0.0722142904996872,-0.35970959067344666,0.9882006049156189,0.4783991277217865,0.0712212398648262,-0.3623734414577484,0.9888113141059875,0.474581241607666,0.07277962565422058,-0.3627263009548187,0.9898964166641235,0.4710731506347656,0.07403367012739182,-0.3629792332649231,0.9928190112113953,0.5090714693069458,0.08193773031234741,-0.24710646271705627,0.9930003881454468,0.466356098651886,0.08301327377557755,-0.26061901450157166,0.9902785420417786,0.4957965016365051,0.11366603523492813,-0.3300986886024475,0.9986074566841125,0.4792090058326721,0.11353607475757599,-0.3359127342700958,0.9984789490699768,0.5476366281509399,0.21344763040542603,-0.16735704243183136,0.9999648332595825,0.4307059347629547,0.22262729704380035,-0.17897528409957886,0.9998526573181152,0.5776069760322571,0.3824288249015808,-0.1656028926372528,0.9804619550704956,0.4233933091163635,0.38634490966796875,-0.1914762556552887,0.9168882369995117,0.5492846369743347,0.47511017322540283,-0.3064047694206238,0.9808447360992432,0.4521428048610687,0.4862481951713562,-0.3215819299221039,0.8972705602645874,0.5431113839149475,0.51994788646698,-0.34619462490081787,0.9697348475456238,0.4603036344051361,0.5250752568244934,-0.3680765926837921,0.8805828094482422,0.5306051969528198,0.4998958110809326,-0.37268367409706116,0.9736728072166443,0.4747750759124756,0.5044786930084229,-0.3878914713859558,0.8863142132759094,0.5304101705551147,0.4845605194568634,-0.31834647059440613,0.966183066368103,0.4739511013031006,0.48820990324020386,-0.3326078951358795,0.8779503107070923,0.5247976779937744,0.49749210476875305,0.003376831766217947,0.9999432563781738,0.46217408776283264,0.5055099725723267,-0.0035751748364418745,0.9999440312385559,0.5358482599258423,0.6857843399047852,0.07003450393676758,0.8635497689247131,0.46730294823646545,0.7025829553604126,-0.020384661853313446,0.8558306694030762,0.5338441133499146,0.8587749004364014,0.2722610831260681,0.8691561818122864,0.48212099075317383,0.8489776849746704,0.15444619953632355,0.8652958273887634,0.5304656624794006,0.8708564639091492,0.2842256724834442,0.7370046377182007,0.49200010299682617,0.8680253624916077,0.16702839732170105,0.7264592051506042,0.5336328148841858,0.945971667766571,0.15957006812095642,0.8600457906723022,0.47317323088645935,0.9466971755027771,0.04619910567998886,0.8515773415565491,jumpingjack
0.48949289321899414,0.040285032242536545,-0.3277606666088104,0.9929533004760742,0.49497270584106445,0.01888320781290531,-0.31158536672592163,0.9859669804573059,0.5003299713134766,0.018930749967694283,-0.311923623085022,0.9857421517372131,0.5054490566253662,0.01919468306005001,-0.31191226840019226,0.9889599680900574,0.48177942633628845,0.019559917971491814,-0.31308096647262573,0.989579439163208,0.47730469703674316,0.019918164238333702,-0.31342917680740356,0.9906374216079712,0.47317180037498474,0.020296355709433556,-0.31365376710891724,0.9933100342750549,0.510805070400238,0.02782549150288105,-0.20022615790367126,0.9934035539627075,0.46752652525901794,0.03128363564610481,-0.2050997018814087,0.990730345249176,0.4987327456474304,0.06288168579339981,-0.28313371539115906,0.9986764192581177,0.4832727015018463,0.061857812106609344,-0.28658169507980347,0.9985613226890564,0.5479848384857178,0.15567424893379211,-0.11672625690698624,0.9999656081199646,0.4342215061187744,0.16830016672611237,-0.12238631397485733,0.9998577833175659,0.578229546546936,0.29303374886512756,-0.10406140238046646,0.979739785194397,0.4203273355960846,0.3087884783744812,-0.13591709733009338,0.92072993516922,0.5644012093544006,0.37865766882896423,-0.26761624217033386,0.9818407893180847,0.3986009955406189,0.399093896150589,-0.2745620608329773,0.9059484601020813,0.5676993727684021,0.41885456442832947,-0.3159363865852356,0.971244752407074,0.38954418897628784,0.43769383430480957,-0.3124566674232483,0.8901001811027527,0.5697953701019287,0.40888577699661255,-0.357801228761673,0.9750816226005554,0.39268141984939575,0.43008852005004883,-0.3471302390098572,0.8956946134567261,0.5623120069503784,0.3968474864959717,-0.2931877672672272,0.9678794741630554,0.3986329436302185,0.41799071431159973,-0.29235154390335083,0.8876475691795349,0.5259871482849121,0.4404599964618683,0.003710190299898386,0.9999434947967529,0.4639970660209656,0.449760764837265,-0.0039422838017344475,0.9999430775642395,0.5343363285064697,0.6342084407806396,0.03285829350352287,0.8676903247833252,0.46664151549339294,0.6405202150344849,-0.025878001004457474,0.8609088659286499,0.5370074510574341,0.8447405695915222,0.1492132991552353,0.878781795501709,0.4753158986568451,0.8391169905662537,0.13208544254302979,0.8741835355758667,0.5327495336532593,0.8593682050704956,0.15351822972297668,0.7272850275039673,0.48251956701278687,0.8539755344390869,0.1419694423675537,0.7107008695602417,0.5385929346084595,0.9405949115753174,-0.005014780908823013,0.8706240653991699,0.4746340811252594,0.9376317262649536,-0.0006820462876930833,0.860849916934967,jumpingjack
0.49077939987182617,0.04766276106238365,-0.3319706618785858,0.9936462044715881,0.49578896164894104,0.02641931176185608,-0.3137566149234772,0.9873227477073669,0.5005602836608887,0.02639729529619217,-0.3141554594039917,0.9871281385421753,0.5053839087486267,0.02659846656024456,-0.31410282850265503,0.9900334477424622,0.48441094160079956,0.027073239907622337,-0.31357648968696594,0.9905855059623718,0.47988224029541016,0.02748737670481205,-0.313924640417099,0.9915401339530945,0.4757227301597595,0.027887361124157906,-0.314246267080307,0.9939409494400024,0.5111634135246277,0.03535933420062065,-0.21122944355010986,0.9940407872200012,0.47076863050460815,0.03717096149921417,-0.22200675308704376,0.9915623068809509,0.49871835112571716,0.06874342262744904,-0.2855992317199707,0.9987701177597046,0.4852376878261566,0.06903086602687836,-0.2873412072658539,0.9986535310745239,0.5495182275772095,0.15944793820381165,-0.1253633201122284,0.9999653100967407,0.43423914909362793,0.160143181681633,-0.12941037118434906,0.9997996687889099,0.6212971806526184,0.22254492342472076,-0.10500965267419815,0.9799237847328186,0.4162471294403076,0.2834320664405823,-0.12407032400369644,0.8984668254852295,0.6930084824562073,0.20817725360393524,-0.2004775106906891,0.9813600778579712,0.35127443075180054,0.2999708354473114,-0.1562967449426651,0.8413764238357544,0.7132828831672668,0.20242932438850403,-0.21096713840961456,0.9692811369895935,0.335543692111969,0.29864147305488586,-0.16543258726596832,0.8198052048683167,0.7101382613182068,0.18512143194675446,-0.24581341445446014,0.9737387299537659,0.31489962339401245,0.2639988660812378,-0.19585856795310974,0.8276338577270508,0.7017520666122437,0.18555068969726562,-0.2179868519306183,0.9668532013893127,0.3357718586921692,0.29163268208503723,-0.1724594086408615,0.8242800235748291,0.527005672454834,0.44607651233673096,0.006784574128687382,0.9999451637268066,0.464644193649292,0.45020195841789246,-0.006976792123168707,0.9999397397041321,0.55016028881073,0.6392558813095093,-0.05035751312971115,0.8757162690162659,0.4545968174934387,0.6465873718261719,-0.11490821838378906,0.8704470992088318,0.5728650689125061,0.8468145728111267,0.10866433382034302,0.8849663734436035,0.4496500492095947,0.8468407392501831,0.04710761830210686,0.8819676041603088,0.5692384839057922,0.8627744317054749,0.1173260435461998,0.7209439277648926,0.4532356858253479,0.8643155694007874,0.058295927941799164,0.7045219540596008,0.588837206363678,0.9408948421478271,-0.01811310276389122,0.8767046332359314,0.44607648253440857,0.9346754550933838,-0.07209122180938721,0.8671976923942566,jumpingjack
0.49154019355773926,0.09550236910581589,-0.3209336996078491,0.9942657947540283,0.49651774764060974,0.07570688426494598,-0.3050629496574402,0.9885256886482239,0.5012412071228027,0.07587043941020966,-0.30539968609809875,0.9883584976196289,0.5056053400039673,0.07609407603740692,-0.3053879737854004,0.9909833073616028,0.48547154664993286,0.07682990282773972,-0.3059613108634949,0.9914823174476624,0.4812673032283783,0.07763557136058807,-0.30632251501083374,0.9923458099365234,0.47761815786361694,0.07796049863100052,-0.3065365254878998,0.9945036172866821,0.5116834044456482,0.08574213832616806,-0.2045971155166626,0.9946016073226929,0.4733330309391022,0.08485143631696701,-0.20992198586463928,0.9923017024993896,0.4997929036617279,0.11545558273792267,-0.27845266461372375,0.9988151788711548,0.4858939051628113,0.11575266718864441,-0.2813432812690735,0.9986931681632996,0.5561004877090454,0.193745419383049,-0.128199502825737,0.9999473094940186,0.4336584210395813,0.1965712010860443,-0.12845757603645325,0.9996370673179626,0.6332929134368896,0.19327053427696228,-0.13306927680969238,0.9787334203720093,0.3550771176815033,0.22097010910511017,-0.12510527670383453,0.8955875039100647,0.7051838636398315,0.12861691415309906,-0.23248963057994843,0.977378249168396,0.2810335159301758,0.14456622302532196,-0.15508916974067688,0.8116747140884399,0.7273749113082886,0.11479219049215317,-0.23596270382404327,0.9617078900337219,0.26572948694229126,0.13416311144828796,-0.16422782838344574,0.7780372500419617,0.7263143062591553,0.10291033983230591,-0.26083773374557495,0.9672020673751831,0.26327577233314514,0.12336958944797516,-0.1890549510717392,0.7875217199325562,0.7167181968688965,0.10773126780986786,-0.24958595633506775,0.9611432552337646,0.2701477110385895,0.13026981055736542,-0.16968433558940887,0.7900255918502808,0.5278127789497375,0.49117934703826904,0.006409052759408951,0.9999469518661499,0.4638102650642395,0.4900176525115967,-0.006596127059310675,0.9999382495880127,0.5605742931365967,0.6768247485160828,-0.128574401140213,0.8853947520256042,0.4424286484718323,0.6885477900505066,-0.0949273556470871,0.8781569600105286,0.5817848443984985,0.8685967326164246,0.06659114360809326,0.8907367587089539,0.4470697045326233,0.8542200922966003,0.0896865501999855,0.8878659605979919,0.5772181749343872,0.885930061340332,0.0797448456287384,0.7291736602783203,0.4528311789035797,0.8676294088363647,0.10168200731277466,0.7094997763633728,0.599321722984314,0.9472403526306152,-0.0352461151778698,0.8810849785804749,0.4376232624053955,0.9376256465911865,-0.03556991368532181,0.8695518970489502,jumpingjack
0.49081286787986755,0.03258952125906944,-0.3492821156978607,0.9947522878646851,0.49598178267478943,0.008384493179619312,-0.3322238326072693,0.9893373847007751,0.5009780526161194,0.007706311531364918,-0.3325487971305847,0.9892237186431885,0.5056151151657104,0.006494051776826382,-0.3325461745262146,0.991651713848114,0.4845895767211914,0.010156800039112568,-0.33262190222740173,0.9920838475227356,0.48063230514526367,0.011087902821600437,-0.33298730850219727,0.9929001331329346,0.4772621691226959,0.012095287442207336,-0.33318978548049927,0.9948427677154541,0.5117050409317017,0.013815472833812237,-0.21290990710258484,0.9949361085891724,0.4726499617099762,0.020285291597247124,-0.21244530379772186,0.9924542903900146,0.49994850158691406,0.05336495861411095,-0.30079203844070435,0.9987764954566956,0.4849955439567566,0.055854883044958115,-0.30274903774261475,0.9986258745193481,0.5555586218833923,0.14324432611465454,-0.13086923956871033,0.9999467134475708,0.43420958518981934,0.14991092681884766,-0.12835074961185455,0.9996126294136047,0.6186715364456177,0.21722924709320068,-0.16983088850975037,0.9752675294876099,0.35604608058929443,0.2577885687351227,-0.14597830176353455,0.8741477131843567,0.670434832572937,0.22935757040977478,-0.3448994755744934,0.972382128238678,0.33026576042175293,0.2794816493988037,-0.2725025415420532,0.7775265574455261,0.6892772316932678,0.24187599122524261,-0.3762008547782898,0.9541338086128235,0.31517577171325684,0.28299757838249207,-0.2992854714393616,0.7402772307395935,0.6834894418716431,0.2286311686038971,-0.40957126021385193,0.9609166979789734,0.3107759356498718,0.2759150266647339,-0.3349898159503937,0.752709150314331,0.6752291917800903,0.22548234462738037,-0.3630242645740509,0.9538275599479675,0.3181777000427246,0.27706068754196167,-0.29273197054862976,0.7561279535293579,0.5275954008102417,0.43087238073349,0.0059729162603616714,0.9999498724937439,0.46373438835144043,0.4308321177959442,-0.00616992823779583,0.9999402165412903,0.5603922605514526,0.6167073845863342,-0.10310398042201996,0.893116295337677,0.449196994304657,0.6224963068962097,-0.13551583886146545,0.8869384527206421,0.5667872428894043,0.8301841020584106,0.06631557643413544,0.8993828296661377,0.4571177363395691,0.8310313820838928,0.013956588692963123,0.8971055150032043,0.560279369354248,0.851959764957428,0.0748923122882843,0.7371850609779358,0.4630752503871918,0.851847767829895,0.023103734478354454,0.7186257839202881,0.5906997919082642,0.9252651929855347,-0.0675932988524437,0.8898642063140869,0.4496062397956848,0.927515983581543,-0.1190895065665245,0.8791216611862183,jumpingjack
0.49070674180984497,0.06257756799459457,-0.2851518988609314,0.9952749013900757,0.4955618977546692,0.043055254966020584,-0.26616382598876953,0.9903982281684875,0.5006169676780701,0.043959978967905045,-0.26644766330718994,0.9902955889701843,0.505222499370575,0.04525221139192581,-0.2663877606391907,0.99248206615448,0.48376336693763733,0.04264764115214348,-0.2663973569869995,0.9928717017173767,0.4796984791755676,0.043098919093608856,-0.26672935485839844,0.9936068654060364,0.47619158029556274,0.04368896409869194,-0.26689961552619934,0.9953556656837463,0.5114321708679199,0.05430792644619942,-0.15088941156864166,0.99543696641922,0.4716362953186035,0.05165261775255203,-0.1505376696586609,0.9931973814964294,0.4988096356391907,0.08393318951129913,-0.23882345855236053,0.9988951086997986,0.48461928963661194,0.08463338762521744,-0.24091105163097382,0.9987595081329346,0.5508129000663757,0.17539483308792114,-0.07655105739831924,0.9999508857727051,0.43800443410873413,0.16470496356487274,-0.075423963367939,0.999647319316864,0.5876246690750122,0.31251537799835205,-0.08743438869714737,0.9768004417419434,0.4069240689277649,0.2869108319282532,-0.09986503422260284,0.8837894797325134,0.5752087831497192,0.39320293068885803,-0.2620587944984436,0.9747400283813477,0.4283475875854492,0.39853379130363464,-0.2511517405509949,0.7981727719306946,0.5726907849311829,0.4309637248516083,-0.3285382091999054,0.958137571811676,0.4325144290924072,0.43609756231307983,-0.2890065312385559,0.7639698386192322,0.5604909658432007,0.41058066487312317,-0.34124934673309326,0.9643263220787048,0.4434278905391693,0.41710734367370605,-0.31435710191726685,0.7754092216491699,0.5586110353469849,0.40002113580703735,-0.2734588086605072,0.9576594233512878,0.4448884427547455,0.405465304851532,-0.26823270320892334,0.7776000499725342,0.5275696516036987,0.44356539845466614,0.0035562217235565186,0.9999478459358215,0.4646844267845154,0.44459155201911926,-0.0037578847259283066,0.9999366402626038,0.5283764600753784,0.6300225853919983,-0.08649050444364548,0.898387610912323,0.4728735387325287,0.6371620297431946,-0.05484718829393387,0.8896099925041199,0.5297037959098816,0.8341379761695862,0.04113224148750305,0.9060064554214478,0.4861290454864502,0.8398743271827698,0.03593461588025093,0.9021945595741272,0.5308551788330078,0.858622133731842,0.04184618964791298,0.735408365726471,0.49611106514930725,0.8601017594337463,0.061516255140304565,0.7136397957801819,0.5223325490951538,0.92987060546875,-0.11060197651386261,0.8976159691810608,0.4796701967716217,0.928145706653595,-0.07157783955335617,0.885558009147644,jumpingjack
0.49024590849876404,0.06655389070510864,-0.3058790862560272,0.9957351088523865,0.49527707695961,0.04645590856671333,-0.2897396683692932,0.9913299083709717,0.5004188418388367,0.04734687879681587,-0.2900428771972656,0.9912357330322266,0.5049903988838196,0.0485636442899704,-0.2900214195251465,0.9932109713554382,0.48342594504356384,0.045816436409950256,-0.29017531871795654,0.9935654997825623,0.47926419973373413,0.046395376324653625,-0.2905483841896057,0.9942309856414795,0.4756384789943695,0.04708695784211159,-0.2907464802265167,0.9958072900772095,0.5110845565795898,0.05638137832283974,-0.1793493777513504,0.9958704710006714,0.4713941216468811,0.056256942451000214,-0.18077720701694489,0.9938296675682068,0.4986056685447693,0.08783411234617233,-0.2618124783039093,0.9989937543869019,0.48423027992248535,0.08852428197860718,-0.26412734389305115,0.9988718628883362,0.549751877784729,0.17990487813949585,-0.10069049894809723,0.9999536871910095,0.43731918931007385,0.18657781183719635,-0.096135213971138,0.9996762871742249,0.5743703842163086,0.32751747965812683,-0.10394991934299469,0.9770957827568054,0.4205874502658844,0.3286687433719635,-0.15169569849967957,0.8926402926445007,0.5550887584686279,0.41261088848114014,-0.2722507119178772,0.9762535691261292,0.43796053528785706,0.4247152507305145,-0.33704620599746704,0.8172646760940552,0.5485312938690186,0.45181405544281006,-0.31951892375946045,0.9610291719436646,0.4435599744319916,0.45829007029533386,-0.3878934383392334,0.7861678600311279,0.5383275747299194,0.43089836835861206,-0.34414738416671753,0.9667667746543884,0.4532979428768158,0.4376353919506073,-0.40973109006881714,0.7966350317001343,0.5371906757354736,0.4177290201187134,-0.2843923270702362,0.9601489901542664,0.45442643761634827,0.42504289746284485,-0.35090526938438416,0.7979046106338501,0.5286434292793274,0.4492835998535156,0.004467327613383532,0.9999480843544006,0.467399924993515,0.44782477617263794,-0.004662735853344202,0.9999371767044067,0.5277928113937378,0.6376364827156067,-0.06393834203481674,0.9043372273445129,0.47781500220298767,0.642345130443573,-0.025580260902643204,0.8935528993606567,0.521122932434082,0.8393604755401611,0.06437406688928604,0.9128058552742004,0.4893369674682617,0.8415496945381165,0.13766470551490784,0.9088529348373413,0.5187368988990784,0.8582240343093872,0.07182963192462921,0.7409150004386902,0.49670305848121643,0.8580556511878967,0.15045037865638733,0.7146418690681458,0.5183843374252319,0.9270495176315308,-0.05943017080426216,0.9053879976272583,0.4902224540710449,0.9281384944915771,0.012161532416939735,0.8930125832557678,jumpingjack
0.4899543225765228,0.041767001152038574,-0.31296658515930176,0.9960565567016602,0.49516361951828003,0.021312909200787544,-0.2980964481830597,0.9918926954269409,0.500257134437561,0.02116033062338829,-0.29841816425323486,0.9918246269226074,0.5048208236694336,0.02128654532134533,-0.29841285943984985,0.9936994314193726,0.4831136167049408,0.02080092392861843,-0.2991027534008026,0.9939432740211487,0.4789871573448181,0.020563604310154915,-0.2994627058506012,0.9945441484451294,0.47532016038894653,0.020423052832484245,-0.29965800046920776,0.9959661960601807,0.5108477473258972,0.027921494096517563,-0.18751691281795502,0.9961233139038086,0.4708719253540039,0.02835829183459282,-0.19043686985969543,0.9936653971672058,0.49837714433670044,0.06283450871706009,-0.2675805687904358,0.9989683628082275,0.4837861657142639,0.06274864077568054,-0.27064186334609985,0.9988007545471191,0.5501271486282349,0.13949370384216309,-0.10539522022008896,0.999955415725708,0.43689268827438354,0.15149639546871185,-0.10593696683645248,0.9996345043182373,0.5988928079605103,0.23053677380084991,-0.14750966429710388,0.972563624382019,0.41729265451431274,0.2928054928779602,-0.14472553133964539,0.8379675149917603,0.6416059136390686,0.24379895627498627,-0.3579699695110321,0.9718002080917358,0.41481176018714905,0.4070431888103485,-0.29598191380500793,0.7409538626670837,0.6576496362686157,0.24538016319274902,-0.4020046591758728,0.9555254578590393,0.41018080711364746,0.4345393180847168,-0.33444321155548096,0.7124022245407104,0.6434515714645386,0.2223459929227829,-0.4298596978187561,0.9622407555580139,0.41431158781051636,0.4316749572753906,-0.35396596789360046,0.7225229144096375,0.6376097798347473,0.22167497873306274,-0.3744235634803772,0.9533604979515076,0.4169420301914215,0.40896087884902954,-0.3063903748989105,0.7240035533905029,0.5285584926605225,0.4255237579345703,0.004470787011086941,0.9999513030052185,0.4666590690612793,0.42553359270095825,-0.004667886532843113,0.9999386668205261,0.5425282716751099,0.625264585018158,-0.029207924380898476,0.9073251485824585,0.46426787972450256,0.6361536383628845,-0.03985964506864548,0.8968132138252258,0.5660280585289001,0.8329800367355347,0.06517871469259262,0.9186820387840271,0.459068238735199,0.8368130326271057,0.12353161722421646,0.9139646291732788,0.561156153678894,0.850555419921875,0.08684565126895905,0.7342115640640259,0.4644973874092102,0.852744460105896,0.1377379149198532,0.7080098390579224,0.5819818377494812,0.9252340793609619,-0.051837701350450516,0.9105815291404724,0.4541656970977783,0.9219331741333008,-0.011989728547632694,0.8967381715774536,jumpingjack
0.490379273891449,0.10445304214954376,-0.2886360287666321,0.9964495301246643,0.4962212145328522,0.08402936905622482,-0.27214324474334717,0.9926977753639221,0.5012905597686768,0.08373217284679413,-0.2724432349205017,0.9926362633705139,0.5057188868522644,0.08400838077068329,-0.27240732312202454,0.9943245053291321,0.4834767282009125,0.08483922481536865,-0.2733539044857025,0.9945454597473145,0.47930270433425903,0.0851910188794136,-0.27371516823768616,0.9950862526893616,0.47542351484298706,0.08558379858732224,-0.27387237548828125,0.996366024017334,0.5112651586532593,0.0929146334528923,-0.1657644659280777,0.9965062737464905,0.4705623984336853,0.09435579180717468,-0.1696108877658844,0.9942905902862549,0.49869126081466675,0.12458150833845139,-0.24487563967704773,0.9990602135658264,0.4837891161441803,0.12610748410224915,-0.24814410507678986,0.9989084005355835,0.5553025603294373,0.19959530234336853,-0.1017921194434166,0.9999454617500305,0.43091124296188354,0.19926157593727112,-0.09656929224729538,0.9996156692504883,0.6284192800521851,0.1871856302022934,-0.15148159861564636,0.9716772437095642,0.3563084006309509,0.20965366065502167,-0.12387959659099579,0.8507108688354492,0.6862947940826416,0.11161543428897858,-0.3126550316810608,0.9710803627967834,0.2982976734638214,0.13521844148635864,-0.18505430221557617,0.7596526145935059,0.7069488763809204,0.09598716348409653,-0.34440165758132935,0.9546758532524109,0.27890121936798096,0.11992984265089035,-0.20200422406196594,0.7280645370483398,0.699230968952179,0.07823222130537033,-0.3740120232105255,0.9614346623420715,0.2813820242881775,0.11161329597234726,-0.22415058314800262,0.7381544709205627,0.6901331543922424,0.08396605402231216,-0.3286062180995941,0.9529783725738525,0.2883833646774292,0.1164146214723587,-0.19923706352710724,0.7404782176017761,0.5309776067733765,0.5154374241828918,0.0002609886578284204,0.9999491572380066,0.4659758508205414,0.5188928842544556,-0.0004880873893853277,0.9999339580535889,0.5608445405960083,0.7083431482315063,-0.09821782261133194,0.9119948744773865,0.4371357560157776,0.6963323950767517,-0.07051408290863037,0.8971489071846008,0.5917548537254333,0.8881592750549316,0.04331055283546448,0.9194563031196594,0.4397600293159485,0.8603336811065674,0.12860392034053802,0.9046257138252258,0.5911566615104675,0.9243214726448059,0.05278361961245537,0.7410261631011963,0.4461452066898346,0.8840474486351013,0.14581844210624695,0.7030389308929443,0.6030920743942261,0.9564051032066345,-0.059594206511974335,0.910580575466156,0.4181806147098541,0.9266154170036316,0.05757845193147659,0.884059488773346,jumpingjack
0.49022871255874634,0.05305105447769165,-0.34331098198890686,0.9965604543685913,0.4960658550262451,0.029002433642745018,-0.32831621170043945,0.9925156235694885,0.5011167526245117,0.028161784633994102,-0.32866770029067993,0.9925525188446045,0.5055698752403259,0.027467621490359306,-0.3286513090133667,0.9942655563354492,0.4832848608493805,0.02945036068558693,-0.330952912569046,0.9944182634353638,0.4791290760040283,0.028912920504808426,-0.3313548266887665,0.9949997067451477,0.475264310836792,0.028215883299708366,-0.3315991163253784,0.9961827397346497,0.51109778881073,0.03243866562843323,-0.2096037119626999,0.9962305426597595,0.4704432487487793,0.03287805989384651,-0.21967864036560059,0.9933288097381592,0.49855250120162964,0.07174523919820786,-0.29332131147384644,0.9985311627388,0.4836083948612213,0.07297610491514206,-0.298561692237854,0.998320996761322,0.5547927618026733,0.1469113826751709,-0.10848741233348846,0.9999373555183411,0.4320347309112549,0.15063905715942383,-0.11260415613651276,0.9995307922363281,0.6208749413490295,0.20439815521240234,-0.1304115653038025,0.9605593681335449,0.3917420506477356,0.22296856343746185,-0.07726387679576874,0.8084622025489807,0.6791588068008423,0.19050005078315735,-0.2605750858783722,0.9589828848838806,0.35410207509994507,0.22569423913955688,-0.10816532373428345,0.702468991279602,0.6979908347129822,0.18320102989673615,-0.2812342345714569,0.9368966817855835,0.3062750995159149,0.23335200548171997,-0.12013943493366241,0.6693859100341797,0.6899036169052124,0.16523845493793488,-0.31476977467536926,0.9466302394866943,0.30977219343185425,0.23156215250492096,-0.15361447632312775,0.6807056665420532,0.680805504322052,0.16947555541992188,-0.27750492095947266,0.9365319013595581,0.3193953037261963,0.2073318064212799,-0.12462390959262848,0.6838863492012024,0.5282505750656128,0.43419986963272095,0.0008899496751837432,0.9999498128890991,0.4625650942325592,0.42995041608810425,-0.0010892446152865887,0.9999329447746277,0.5599538087844849,0.64320969581604,-0.048189304769039154,0.9072698354721069,0.44060826301574707,0.6416280269622803,-0.07406409829854965,0.8976641297340393,0.5792862772941589,0.8570362329483032,0.09645378589630127,0.9219358563423157,0.4428487718105316,0.8459008932113647,0.0883784219622612,0.9092722535133362,0.5773743391036987,0.882961630821228,0.10281020402908325,0.728341817855835,0.45026302337646484,0.865071713924408,0.09870874881744385,0.6957033276557922,0.5933927893638611,0.9477978944778442,-0.05752629041671753,0.9121084809303284,0.4293014109134674,0.9279431104660034,-0.04604225233197212,0.8873403072357178,jumpingjack
0.49079838395118713,0.05389115586876869,-0.3396850824356079,0.9968211650848389,0.49687322974205017,0.03144591674208641,-0.3228697180747986,0.9930528402328491,0.5020138621330261,0.031040120869874954,-0.3232104778289795,0.9930610656738281,0.5065210461616516,0.030823593959212303,-0.3231891393661499,0.994662880897522,0.48395687341690063,0.031017661094665527,-0.32483023405075073,0.9948421716690063,0.4797377586364746,0.0303635336458683,-0.32521218061447144,0.9953956604003906,0.47580718994140625,0.029630182310938835,-0.3254369795322418,0.9964867234230042,0.5128147602081299,0.03707653284072876,-0.20118041336536407,0.9964266419410706,0.4707156717777252,0.03563972935080528,-0.21010616421699524,0.9937368035316467,0.4988079071044922,0.0737818107008934,-0.29023414850234985,0.9986138939857483,0.48368334770202637,0.07344456017017365,-0.2946516275405884,0.9984367489814758,0.5546685457229614,0.15982402861118317,-0.09786058962345123,0.9999369978904724,0.432975709438324,0.1577196568250656,-0.11975715309381485,0.9995703101158142,0.5855280160903931,0.3076108396053314,-0.10871332883834839,0.958906888961792,0.4152756333351135,0.28465208411216736,-0.15641692280769348,0.824345588684082,0.5709630846977234,0.39264246821403503,-0.2745172679424286,0.9601525068283081,0.42942795157432556,0.38256126642227173,-0.3438200354576111,0.7312390804290771,0.5624558329582214,0.4254502058029175,-0.31928586959838867,0.9397497773170471,0.435202419757843,0.42235076427459717,-0.39929038286209106,0.7010998129844666,0.554182231426239,0.4059359133243561,-0.3497714102268219,0.9489448070526123,0.4443286061286926,0.40506511926651,-0.42093425989151,0.7114487290382385,0.5534107685089111,0.39600756764411926,-0.28952687978744507,0.9384315013885498,0.4438365399837494,0.38734084367752075,-0.3574596047401428,0.7135247588157654,0.524478554725647,0.44246333837509155,0.010209358297288418,0.9999472498893738,0.4615611135959625,0.4414733946323395,-0.010436016134917736,0.9999319911003113,0.5294287800788879,0.6453894972801208,-0.048105910420417786,0.9068034291267395,0.4641299843788147,0.6445788145065308,-0.04762567579746246,0.8962664008140564,0.5261737704277039,0.8542419672012329,0.09800276160240173,0.9250872731208801,0.47768300771713257,0.8467138409614563,0.12554851174354553,0.9127779603004456,0.521379828453064,0.8743916153907776,0.10387192666530609,0.7232208847999573,0.4851861596107483,0.8642082214355469,0.13658621907234192,0.6836193203926086,0.5269256830215454,0.9460910558700562,-0.056000303477048874,0.9162939786911011,0.4745595455169678,0.929463803768158,-0.026647478342056274,0.8909956812858582,jumpingjack
0.49075847864151,0.054883088916540146,-0.33982712030410767,0.9970116019248962,0.49699077010154724,0.03223670646548271,-0.3228211998939514,0.9934632778167725,0.5020507574081421,0.03288601338863373,-0.32317739725112915,0.9934561252593994,0.5065533518791199,0.03365272656083107,-0.3231528401374817,0.9949873089790344,0.4840128421783447,0.03128789737820625,-0.3248600959777832,0.9951521158218384,0.479794979095459,0.03125040978193283,-0.3252209424972534,0.9956819415092468,0.47582072019577026,0.031172223389148712,-0.3254479169845581,0.9967011213302612,0.5129730105400085,0.03991815075278282,-0.2044713944196701,0.9965384602546692,0.47063717246055603,0.04121299460530281,-0.2137480527162552,0.993839681148529,0.4988710284233093,0.0774102658033371,-0.2918788492679596,0.9986347556114197,0.4835907816886902,0.07727763056755066,-0.29653578996658325,0.9984779357910156,0.5536600351333618,0.17220774292945862,-0.11502484232187271,0.9999380111694336,0.4331718981266022,0.17818832397460938,-0.1338040679693222,0.9995939135551453,0.5712670683860779,0.33591291308403015,-0.13208258152008057,0.9559513330459595,0.42294183373451233,0.32933661341667175,-0.1656537652015686,0.826250433921814,0.5555362105369568,0.4179575741291046,-0.3112978935241699,0.959945797920227,0.4342432916164398,0.4315716624259949,-0.32280948758125305,0.7480947971343994,0.5494451522827148,0.4576544165611267,-0.35653209686279297,0.9410906434059143,0.43790918588638306,0.4691202938556671,-0.3695913851261139,0.7195122838020325,0.540075957775116,0.43758663535118103,-0.38489577174186707,0.9499683380126953,0.4457046389579773,0.45348066091537476,-0.3952969014644623,0.7301732897758484,0.5381754040718079,0.42428284883499146,-0.32521969079971313,0.9384526610374451,0.44849926233291626,0.4380497336387634,-0.3376319408416748,0.7284395098686218,0.5246130228042603,0.442857563495636,0.010411004535853863,0.999947190284729,0.4615262448787689,0.4476032257080078,-0.010626686736941338,0.9999317526817322,0.5245615243911743,0.6472346186637878,-0.0104734618216753,0.9011284708976746,0.46626248955726624,0.6490835547447205,-0.047736961394548416,0.8915082216262817,0.5179442763328552,0.8530619144439697,0.1281426101922989,0.9273455739021301,0.48326101899147034,0.8468824625015259,0.12128809839487076,0.9151893854141235,0.5142892003059387,0.8709180355072021,0.1328677237033844,0.7145489454269409,0.49081891775131226,0.865078330039978,0.13229647278785706,0.6732286214828491,0.5186941623687744,0.943684995174408,-0.025809844955801964,0.9194008111953735,0.48232346773147583,0.9303450584411621,-0.02577904425561428,0.893660843372345,jumpingjack
0.4905540943145752,0.024317128583788872,-0.31533870100975037,0.9959957003593445,0.4964462220668793,0.0014221868477761745,-0.3043656349182129,0.9901450276374817,0.5012526512145996,0.0017161648720502853,-0.30471178889274597,0.990557074546814,0.5057066082954407,0.0018415164668112993,-0.30472660064697266,0.9932927489280701,0.48393505811691284,0.0016010438557714224,-0.30528324842453003,0.9923005700111389,0.47992491722106934,0.0021924152970314026,-0.30566513538360596,0.9930915236473083,0.4761584401130676,0.0024695354513823986,-0.30589500069618225,0.9944460988044739,0.5122135281562805,0.007705098483711481,-0.20346441864967346,0.9949564337730408,0.4710578918457031,0.010016456246376038,-0.2072053849697113,0.9878708720207214,0.4986228048801422,0.04481969773769379,-0.2732556462287903,0.9980069994926453,0.48379939794540405,0.04691672325134277,-0.27592673897743225,0.9976286888122559,0.5535315275192261,0.12860107421875,-0.11485256999731064,0.9999395608901978,0.4359710216522217,0.13984058797359467,-0.12201663106679916,0.9995558857917786,0.5917980074882507,0.23379677534103394,-0.14380496740341187,0.948489785194397,0.41945385932922363,0.280219703912735,-0.0932219922542572,0.7832053303718567,0.6391415596008301,0.2680962383747101,-0.3422389030456543,0.9556452035903931,0.4202330708503723,0.3966282308101654,-0.17072279751300812,0.6820397973060608,0.6612333059310913,0.2716190218925476,-0.3846297860145569,0.9359545111656189,0.42136096954345703,0.4330015480518341,-0.19690102338790894,0.654636561870575,0.6514664888381958,0.2511213719844818,-0.4150295853614807,0.9458683133125305,0.4249826967716217,0.4321948289871216,-0.23209817707538605,0.6653368473052979,0.6416034698486328,0.24821703135967255,-0.35911262035369873,0.9321433901786804,0.42690736055374146,0.4166842997074127,-0.18809892237186432,0.6640180349349976,0.5261937975883484,0.41214263439178467,0.008258657529950142,0.9999495148658752,0.4622631072998047,0.4123225808143616,-0.008507974445819855,0.9999329447746277,0.527227520942688,0.6234440803527832,-0.021789943799376488,0.8890580534934998,0.45775899291038513,0.6197372078895569,-0.04877132922410965,0.8866558074951172,0.537726640701294,0.8406246900558472,0.11837047338485718,0.9279484748840332,0.46245723962783813,0.8353303074836731,0.10504592955112457,0.9164819717407227,0.5283294916152954,0.8560839295387268,0.1240430474281311,0.6918901801109314,0.46758490800857544,0.8506519794464111,0.11409799009561539,0.6542518138885498,0.5368699431419373,0.9401538372039795,-0.04568915814161301,0.9188312292098999,0.46497592329978943,0.9261748194694519,-0.04556744918227196,0.8932011127471924,jumpingjack
0.49091774225234985,0.08954736590385437,-0.31654036045074463,0.9963929057121277,0.4969107508659363,0.06904636323451996,-0.30410507321357727,0.9911097884178162,0.5016224384307861,0.06907160580158234,-0.3044285476207733,0.9914814829826355,0.5060974359512329,0.06933414936065674,-0.30442124605178833,0.9939448833465576,0.4846266210079193,0.06924782693386078,-0.3053467571735382,0.9930592179298401,0.4807656407356262,0.06962587684392929,-0.30571937561035156,0.9937734603881836,0.47698384523391724,0.07000505924224854,-0.3059161305427551,0.9949920177459717,0.5121209621429443,0.07871021330356598,-0.20283560454845428,0.9954441785812378,0.4716321527957916,0.07783354073762894,-0.20686106383800507,0.9890588521957397,0.49870404601097107,0.1081695482134819,-0.2737278342247009,0.9981801509857178,0.48422932624816895,0.10954836755990982,-0.27682939171791077,0.9978401064872742,0.5588558316230774,0.17940175533294678,-0.12212280184030533,0.9999351501464844,0.4339602589607239,0.17319846153259277,-0.13321293890476227,0.999570906162262,0.6337228417396545,0.15860337018966675,-0.14556309580802917,0.9507800340652466,0.35628587007522583,0.17989641427993774,-0.18534761667251587,0.801250159740448,0.6973217129707336,0.08894011378288269,-0.2898520231246948,0.9574405550956726,0.2999403774738312,0.09425269067287445,-0.2921411991119385,0.7101273536682129,0.7169179916381836,0.06982459872961044,-0.3079860806465149,0.9385777711868286,0.2815555930137634,0.07776334881782532,-0.3183276355266571,0.6831576824188232,0.7111811637878418,0.057930298149585724,-0.3407662808895111,0.9483233094215393,0.28441813588142395,0.06885813176631927,-0.3412707448005676,0.693507194519043,0.7029712200164795,0.06425230205059052,-0.3090936243534088,0.9359318017959595,0.29117101430892944,0.07265923172235489,-0.3087282180786133,0.6928712725639343,0.5264798402786255,0.49121472239494324,0.007438102271407843,0.9999445676803589,0.46119198203086853,0.4892030954360962,-0.007732654456049204,0.9999266266822815,0.5532362461090088,0.6837800145149231,-0.09046566486358643,0.8854690194129944,0.4347548484802246,0.6863293647766113,-0.0316578671336174,0.8740654587745667,0.5933834314346313,0.8932510614395142,0.03151234611868858,0.9168589115142822,0.42736372351646423,0.8823085427284241,0.10046950727701187,0.9073640704154968,0.5974763631820679,0.9222354292869568,0.03591421991586685,0.6815928816795349,0.43396440148353577,0.9041551351547241,0.10719344764947891,0.6429930925369263,0.5986608266830444,0.9648333191871643,-0.1007809191942215,0.9110084176063538,0.41866010427474976,0.9515870809555054,-0.03563757985830307,0.8822056651115417,jumpingjack
0.4908973276615143,0.0759347677230835,-0.2814841866493225,0.9965976476669312,0.4968637526035309,0.05433344841003418,-0.267424076795578,0.9914448261260986,0.5015794038772583,0.0537271723151207,-0.2677306830883026,0.9917656183242798,0.5060895681381226,0.052952349185943604,-0.2677023410797119,0.9941113591194153,0.4845583438873291,0.054889339953660965,-0.2691837251186371,0.9934055209159851,0.4807121157646179,0.055091165006160736,-0.2695717215538025,0.9940860867500305,0.4769701063632965,0.05503467470407486,-0.26977893710136414,0.9952372908592224,0.5120030641555786,0.055242691189050674,-0.1578824520111084,0.9953135251998901,0.4715447425842285,0.05962048098444939,-0.16365328431129456,0.989410400390625,0.49891239404678345,0.09328635782003403,-0.23562271893024445,0.9979903697967529,0.4842728078365326,0.09296262264251709,-0.2395058423280716,0.9977432489395142,0.5577579140663147,0.16206170618534088,-0.08442629873752594,0.9999316930770874,0.43506044149398804,0.16043782234191895,-0.09120168536901474,0.999570369720459,0.6241409182548523,0.18493501842021942,-0.1630900800228119,0.9452419877052307,0.40363627672195435,0.2645505368709564,-0.08338917791843414,0.7834665775299072,0.684158444404602,0.13106344640254974,-0.39620089530944824,0.952070951461792,0.41000881791114807,0.39061635732650757,-0.1506074070930481,0.6631969809532166,0.7046648263931274,0.11437180638313293,-0.44341301918029785,0.9327073693275452,0.41007137298583984,0.4331219494342804,-0.17632409930229187,0.63216233253479,0.6985718011856079,0.09806907176971436,-0.4676786959171295,0.9432395696640015,0.41742435097694397,0.43120628595352173,-0.20528468489646912,0.6433748006820679,0.6886870861053467,0.10363687574863434,-0.41292113065719604,0.9289215803146362,0.42064350843429565,0.4154110848903656,-0.16578586399555206,0.6419367790222168,0.5263854265213013,0.4716963768005371,0.0062171900644898415,0.9999472498893738,0.4609043598175049,0.4713297188282013,-0.00648926105350256,0.9999298453330994,0.5539970993995667,0.6801559925079346,-0.023923475295305252,0.887885332107544,0.4353979229927063,0.6739925742149353,-0.017371725291013718,0.8766179084777832,0.5877661108970642,0.8677133321762085,0.1321186125278473,0.9201213717460632,0.42506542801856995,0.8756964802742004,0.14447021484375,0.910905659198761,0.5872131586074829,0.8850607872009277,0.13932684063911438,0.6776820421218872,0.43262428045272827,0.9018104672431946,0.1542091816663742,0.6413764357566833,0.6010969281196594,0.9482128620147705,-0.011673236265778542,0.9125267863273621,0.4200679659843445,0.9511264562606812,0.009138328954577446,0.8841143250465393,jumpingjack
0.49077844619750977,0.031209487468004227,-0.3725549578666687,0.996871829032898,0.49660223722457886,0.007644714321941137,-0.3584420382976532,0.9921017289161682,0.5014397501945496,0.006555608473718166,-0.35877060890197754,0.9923596382141113,0.5060369372367859,0.005490594077855349,-0.35873183608055115,0.994537889957428,0.4843650460243225,0.010950841940939426,-0.35808902978897095,0.9939528703689575,0.4806574881076813,0.011861528269946575,-0.3584652543067932,0.9945840239524841,0.47694286704063416,0.012211752124130726,-0.3586813807487488,0.9956473112106323,0.5119801759719849,0.013192551210522652,-0.2436237335205078,0.9956202507019043,0.4715511202812195,0.018447523936629295,-0.23851411044597626,0.9902597069740295,0.4989148676395416,0.048541028052568436,-0.32506614923477173,0.9981499314308167,0.4846664071083069,0.05114612728357315,-0.32580432295799255,0.9979318976402283,0.5589197874069214,0.1461317241191864,-0.1443217694759369,0.9999348521232605,0.4380459189414978,0.1304933726787567,-0.14373160898685455,0.9996082782745361,0.6052755117416382,0.23167504370212555,-0.17841951549053192,0.9400615692138672,0.4073410630226135,0.24574847519397736,-0.16310110688209534,0.7998281121253967,0.612014889717102,0.2885795831680298,-0.37424856424331665,0.9512012600898743,0.398928701877594,0.3624683916568756,-0.3477276563644409,0.6955200433731079,0.6143750548362732,0.31651726365089417,-0.4212483763694763,0.9324474334716797,0.39648550748825073,0.38868242502212524,-0.3984948992729187,0.6669304966926575,0.6094134449958801,0.30143436789512634,-0.45443668961524963,0.9430034160614014,0.40073728561401367,0.3778795003890991,-0.43210822343826294,0.6773201823234558,0.603455126285553,0.29301387071609497,-0.3914632201194763,0.927767813205719,0.40525856614112854,0.3699871003627777,-0.36696815490722656,0.6751827001571655,0.5267084240913391,0.402866393327713,0.004401226993650198,0.999944806098938,0.4608761668205261,0.4054757058620453,-0.0046830615028738976,0.999930202960968,0.5315688848495483,0.6118614077568054,-0.03281092271208763,0.8763043284416199,0.4562854766845703,0.6340000629425049,-0.026780519634485245,0.8666895031929016,0.5353474020957947,0.8446829915046692,0.07939429581165314,0.9189170002937317,0.45726650953292847,0.8382120728492737,0.11694005876779556,0.9090679883956909,0.5311304330825806,0.8643661737442017,0.0795321837067604,0.6575181484222412,0.4602507948875427,0.8573085069656372,0.12200082838535309,0.6203146576881409,0.5178568363189697,0.9366617202758789,-0.0919816642999649,0.9125303626060486,0.466280460357666,0.9380219578742981,-0.0371515192091465,0.88319331407547,jumpingjack
0.4915536046028137,0.08084921538829803,-0.3536524176597595,0.9971469044685364,0.498077392578125,0.06102532893419266,-0.338945209980011,0.99282306432724,0.5021507143974304,0.06144068017601967,-0.3392627239227295,0.9930512309074402,0.5068727731704712,0.06278269737958908,-0.3392331898212433,0.9950270652770996,0.4852098822593689,0.062194518744945526,-0.33950310945510864,0.9945098757743835,0.4810947775840759,0.06321389228105545,-0.3398767113685608,0.9950876832008362,0.4772806167602539,0.06410854309797287,-0.340092271566391,0.9960517287254333,0.5125939249992371,0.0760268121957779,-0.22846059501171112,0.9959993958473206,0.4717945456504822,0.07502099871635437,-0.22856850922107697,0.9911259412765503,0.4997495710849762,0.10081476718187332,-0.3069659471511841,0.9982838034629822,0.48582562804222107,0.10108884423971176,-0.30980023741722107,0.9980918765068054,0.555298924446106,0.20803336799144745,-0.13648618757724762,0.9999353289604187,0.43804723024368286,0.20235133171081543,-0.1461488902568817,0.9996331930160522,0.5653770565986633,0.37077057361602783,-0.1505023092031479,0.9427592158317566,0.4261799454689026,0.36469611525535583,-0.17052730917930603,0.8145731091499329,0.5297171473503113,0.45807594060897827,-0.30480727553367615,0.9531064033508301,0.4579828679561615,0.46479880809783936,-0.3173898458480835,0.7226983904838562,0.5191556215286255,0.49761533737182617,-0.35103124380111694,0.936023473739624,0.4676159918308258,0.4948423504829407,-0.3652481138706207,0.6961898803710938,0.5123177170753479,0.4695836007595062,-0.37280359864234924,0.9458237886428833,0.4781644344329834,0.4754141867160797,-0.38406115770339966,0.7058987617492676,0.5128337740898132,0.4556322395801544,-0.31499040126800537,0.9307315349578857,0.47684207558631897,0.46273764967918396,-0.32901039719581604,0.7022354602813721,0.5266917943954468,0.48632219433784485,0.004031694959849119,0.9999455213546753,0.46440067887306213,0.49175381660461426,-0.004282443318516016,0.999931812286377,0.5260699987411499,0.6833445429801941,0.05025752633810043,0.884560763835907,0.46576523780822754,0.6930068731307983,0.022334013134241104,0.8728296160697937,0.5159951448440552,0.8631951212882996,0.2107582837343216,0.9247716069221497,0.47723037004470825,0.8538742065429688,0.19072580337524414,0.9151067733764648,0.514703094959259,0.8764511942863464,0.2186526507139206,0.6758478879928589,0.48436784744262695,0.8679904341697693,0.2021380215883255,0.6395012736320496,0.5105550289154053,0.9402024149894714,0.08398308604955673,0.9184735417366028,0.468449205160141,0.9408316612243652,0.07708074152469635,0.8906145095825195,jumpingjack
0.4916446805000305,0.02948320470750332,-0.29471975564956665,0.9972354769706726,0.49825578927993774,0.007681346032768488,-0.2764662802219391,0.9928382039070129,0.502842903137207,0.008052746765315533,-0.2767772674560547,0.9930572509765625,0.5075943470001221,0.008322943933308125,-0.2767467498779297,0.9949233531951904,0.4852859079837799,0.007310693617910147,-0.2767675220966339,0.9946366548538208,0.48114556074142456,0.007636176887899637,-0.277086079120636,0.9952806234359741,0.47727832198143005,0.0077275559306144714,-0.27728772163391113,0.9961708188056946,0.5128438472747803,0.01636144146323204,-0.1618564873933792,0.9959841966629028,0.47142067551612854,0.01802102103829384,-0.16158321499824524,0.9914304614067078,0.49977388978004456,0.05250823125243187,-0.24954423308372498,0.9983102083206177,0.48577380180358887,0.05407319590449333,-0.2516084313392639,0.9981478452682495,0.5541374683380127,0.1500125229358673,-0.09066980332136154,0.9999329447746277,0.4383591115474701,0.1622736155986786,-0.101096972823143,0.9996480345726013,0.5787574052810669,0.35652101039886475,-0.1522204726934433,0.9371781945228577,0.41989120841026306,0.34444496035575867,-0.18900947272777557,0.8212152719497681,0.576904296875,0.35250064730644226,-0.3666227459907532,0.9512415528297424,0.42022833228111267,0.41560477018356323,-0.42055973410606384,0.7449032068252563,0.5719181895256042,0.37188512086868286,-0.41571521759033203,0.9349832534790039,0.40025559067726135,0.4532184302806854,-0.4765532910823822,0.7201030850410461,0.5643600225448608,0.35243353247642517,-0.44799405336380005,0.9451143741607666,0.4027942717075348,0.440216064453125,-0.5030896663665771,0.7298348546028137,0.5651779770851135,0.345514178276062,-0.38490796089172363,0.929314136505127,0.40809446573257446,0.41703858971595764,-0.4393143653869629,0.7244518995285034,0.5268092751502991,0.4378068149089813,0.005411604419350624,0.9999447464942932,0.4646085202693939,0.44407394528388977,-0.0056253219954669476,0.9999316930770874,0.5267890095710754,0.6267555952072144,-0.04438447207212448,0.8858169913291931,0.4646185040473938,0.6344079375267029,-0.03275560587644577,0.8720331788063049,0.5296986699104309,0.8400963544845581,0.08725132048130035,0.928479790687561,0.47171226143836975,0.838003396987915,0.11008717864751816,0.918233335018158,0.5283106565475464,0.8578618168830872,0.0906185433268547,0.674874484539032,0.4774075448513031,0.8541135191917419,0.11719230562448502,0.6313610672950745,0.5150103569030762,0.9335084557533264,-0.08815540373325348,0.9229851365089417,0.47873029112815857,0.9337814450263977,-0.050682902336120605,0.8948677778244019,jumpingjack
0.4914923310279846,0.03639737889170647,-0.34179067611694336,0.9975041747093201,0.49734050035476685,0.014347891323268414,-0.3320501148700714,0.9935148358345032,0.502139151096344,0.014333806000649929,-0.33238252997398376,0.993713915348053,0.5071016550064087,0.014357175678014755,-0.33237648010253906,0.9954010248184204,0.48522520065307617,0.014553823508322239,-0.333647757768631,0.9951444268226624,0.48113998770713806,0.014845399186015129,-0.33400577306747437,0.9957255721092224,0.47724777460098267,0.014866078272461891,-0.3341755270957947,0.9965260624885559,0.5120486617088318,0.022519782185554504,-0.23129379749298096,0.9963592290878296,0.4708366394042969,0.023763781413435936,-0.23543207347393036,0.9922100305557251,0.4992375373840332,0.05815799534320831,-0.2980693578720093,0.9984374642372131,0.4857240617275238,0.05947902426123619,-0.301414430141449,0.998279333114624,0.5542538166046143,0.14562374353408813,-0.14684340357780457,0.9999331831932068,0.4305252432823181,0.14323680102825165,-0.14462390542030334,0.9996249675750732,0.6170376539230347,0.18816505372524261,-0.1697739213705063,0.9397976398468018,0.36127111315727234,0.17365260422229767,-0.1721513420343399,0.8306224346160889,0.6820301413536072,0.1439637541770935,-0.3353844881057739,0.9512125253677368,0.2994748651981354,0.13161972165107727,-0.2617015242576599,0.7458137273788452,0.7022784948348999,0.13072918355464935,-0.35495302081108093,0.9323185682296753,0.2767024636268616,0.12922024726867676,-0.27893996238708496,0.7102442979812622,0.6959664821624756,0.11876372992992401,-0.39183053374290466,0.9431337714195251,0.2830330729484558,0.12537069618701935,-0.31043174862861633,0.7231296300888062,0.686861515045166,0.12665130198001862,-0.3582755923271179,0.9282079339027405,0.2896314263343811,0.12971672415733337,-0.2810114026069641,0.7210445404052734,0.5263229608535767,0.4360062777996063,0.00020870733715128154,0.9999455809593201,0.46094220876693726,0.43967750668525696,-0.00045060995034873486,0.9999309778213501,0.5460113883018494,0.6279996037483215,-0.03832133859395981,0.8843504786491394,0.4494630694389343,0.6356958746910095,0.029408838599920273,0.8611735701560974,0.5903304815292358,0.8543592691421509,0.07221262156963348,0.9264605045318604,0.44292622804641724,0.8416352868080139,0.15421943366527557,0.9139038920402527,0.5936362743377686,0.8776068687438965,0.07335911691188812,0.6676321029663086,0.44910869002342224,0.8585634231567383,0.16000157594680786,0.6224231123924255,0.5995845198631287,0.9389985799789429,-0.07499723136425018,0.9211159944534302,0.4288443922996521,0.9375666379928589,0.029889652505517006,0.8899735808372498,jumpingjack
0.49002498388290405,0.06745442003011703,-0.2944914996623993,0.9977512359619141,0.49567675590515137,0.04652415215969086,-0.2779325246810913,0.9941469430923462,0.5007885694503784,0.046522870659828186,-0.2782019376754761,0.9943251609802246,0.5055262446403503,0.04671859368681908,-0.27817225456237793,0.9958457946777344,0.48434096574783325,0.046467188745737076,-0.27952295541763306,0.9956214427947998,0.48062190413475037,0.046628035604953766,-0.27984991669654846,0.9961455464363098,0.47679123282432556,0.047099437564611435,-0.27999258041381836,0.9968664050102234,0.5110236406326294,0.053905848413705826,-0.17036303877830505,0.9967025518417358,0.4707318842411041,0.05535858869552612,-0.1747085452079773,0.992964506149292,0.49747538566589355,0.08858649432659149,-0.25067687034606934,0.9985747933387756,0.4849202036857605,0.09123245626688004,-0.2541029155254364,0.9984346628189087,0.5545123815536499,0.16768501698970795,-0.10068213939666748,0.9999284744262695,0.4304298460483551,0.1619156301021576,-0.12426426261663437,0.9996451139450073,0.62155681848526,0.17343619465827942,-0.16500484943389893,0.9366499185562134,0.35346826910972595,0.16738665103912354,-0.17706064879894257,0.8454912900924683,0.6779658198356628,0.10213419795036316,-0.3392713963985443,0.9472883939743042,0.29749301075935364,0.09451798349618912,-0.2920977771282196,0.7674021124839783,0.6980819702148438,0.08588729798793793,-0.3688197135925293,0.9275463819503784,0.27883028984069824,0.08189044892787933,-0.31996798515319824,0.7318486571311951,0.6942735910415649,0.07095042616128922,-0.4011472761631012,0.9392969608306885,0.28274476528167725,0.07582684606313705,-0.34385818243026733,0.7443085312843323,0.6852923035621643,0.07690699398517609,-0.35922858119010925,0.9252579212188721,0.2899470627307892,0.07932797819375992,-0.31009748578071594,0.7423127293586731,0.5267065763473511,0.4682821035385132,0.00655200844630599,0.999940812587738,0.45990920066833496,0.4706946611404419,-0.00678949523717165,0.9999278783798218,0.5603216886520386,0.6358740925788879,-0.1526785045862198,0.8734452724456787,0.44256043434143066,0.6512171626091003,-0.07447346299886703,0.8514242172241211,0.6013089418411255,0.8658680319786072,-0.03141292929649353,0.8998153805732727,0.43142789602279663,0.8553352952003479,0.05481087416410446,0.8952288627624512,0.5994564890861511,0.8893675804138184,-0.02737709879875183,0.6451815366744995,0.4367225766181946,0.8779017329216003,0.061700157821178436,0.5972502827644348,0.6143585443496704,0.9334375858306885,-0.15974844992160797,0.8988814949989319,0.4197997450828552,0.9405226111412048,-0.06450892984867096,0.8663683533668518,jumpingjack
0.488309770822525,0.030745692551136017,-0.3052237331867218,0.9977048635482788,0.4935898184776306,0.007106818724423647,-0.28789907693862915,0.9938019514083862,0.4986005425453186,0.005431741010397673,-0.288173645734787,0.9939998984336853,0.5032856464385986,0.0038972035981714725,-0.2881515622138977,0.9956139922142029,0.48227658867836,0.011328996159136295,-0.29089611768722534,0.9953758716583252,0.4784165918827057,0.012301001697778702,-0.2912405729293823,0.9959625601768494,0.47446221113204956,0.01263776607811451,-0.2914048135280609,0.9966816902160645,0.510198175907135,0.007996056228876114,-0.17514273524284363,0.9965173006057739,0.4700227379798889,0.018693530932068825,-0.1843949556350708,0.9922997951507568,0.49631938338279724,0.0449887216091156,-0.25958484411239624,0.9984947443008423,0.48449698090553284,0.04975277930498123,-0.26413068175315857,0.9983052611351013,0.5546683073043823,0.12931254506111145,-0.11214951425790787,0.9999306201934814,0.43293410539627075,0.1311490833759308,-0.10783350467681885,0.9996381402015686,0.6127437353134155,0.17935636639595032,-0.1635475754737854,0.9356447458267212,0.39118263125419617,0.21388335525989532,-0.14942538738250732,0.8220528364181519,0.6390888690948486,0.2426586151123047,-0.342828631401062,0.9460480809211731,0.35091325640678406,0.2861822843551636,-0.29953232407569885,0.7456980347633362,0.6487568020820618,0.2768626809120178,-0.381879985332489,0.9254465699195862,0.31915611028671265,0.3065473735332489,-0.3370990455150604,0.709238588809967,0.6442201733589172,0.2664913833141327,-0.41312748193740845,0.9374761581420898,0.31602901220321655,0.3100171685218811,-0.36947107315063477,0.7243749499320984,0.6358810663223267,0.2576470375061035,-0.3601529002189636,0.922156810760498,0.33200448751449585,0.3069459795951843,-0.3190820813179016,0.7202954888343811,0.5269308686256409,0.41673266887664795,0.0033932519145309925,0.9999430775642395,0.4600607454776764,0.4199885129928589,-0.003608019556850195,0.9999294281005859,0.5452031493186951,0.6214427351951599,-0.01905454322695732,0.8702727556228638,0.4524908661842346,0.6247570514678955,-0.05870398133993149,0.8522412776947021,0.5617454051971436,0.832535445690155,0.1205042377114296,0.9049638509750366,0.45080822706222534,0.8310537338256836,0.06062550097703934,0.8993794322013855,0.5598634481430054,0.8475618958473206,0.12461422383785248,0.6390413641929626,0.45262670516967773,0.8486422300338745,0.07138815522193909,0.5917409062385559,0.5597758293151855,0.926179826259613,-0.04342898353934288,0.9032822847366333,0.4497981071472168,0.9265937805175781,-0.04235999286174774,0.8711376190185547,jumpingjack
0.48848018050193787,0.07577444612979889,-0.3148450255393982,0.9978762865066528,0.494973361492157,0.05890071019530296,-0.2943384647369385,0.994312584400177,0.4995603561401367,0.059738703072071075,-0.29473716020584106,0.9944931268692017,0.5038696527481079,0.06040352210402489,-0.2947142422199249,0.9959707260131836,0.4825732111930847,0.058802444487810135,-0.2982829511165619,0.9957568049430847,0.478740394115448,0.0592491589486599,-0.29865413904190063,0.9963024258613586,0.47496742010116577,0.06020481884479523,-0.29891437292099,0.9969605207443237,0.5102493166923523,0.07152313739061356,-0.18147686123847961,0.9967902898788452,0.4703717827796936,0.0721002072095871,-0.1967860758304596,0.992897093296051,0.4963332712650299,0.09569617360830307,-0.2700870633125305,0.9985895156860352,0.48448434472084045,0.09491179883480072,-0.27582672238349915,0.9984177947044373,0.5535385012626648,0.20942649245262146,-0.12268339097499847,0.9999321699142456,0.43370938301086426,0.20360907912254333,-0.1240961104631424,0.9996574521064758,0.5640625953674316,0.3691539764404297,-0.14532171189785004,0.9393543004989624,0.41890937089920044,0.34887266159057617,-0.1559554636478424,0.8333476185798645,0.5285035967826843,0.4464016258716583,-0.3014545142650604,0.9493378400802612,0.4524770677089691,0.44092437624931335,-0.30677852034568787,0.7661764621734619,0.5159720182418823,0.47806888818740845,-0.345490962266922,0.9307476282119751,0.4600333571434021,0.470746785402298,-0.3541949391365051,0.7327653169631958,0.510307788848877,0.4554828703403473,-0.3677939772605896,0.9417857527732849,0.46917852759361267,0.45311689376831055,-0.37239110469818115,0.7468470931053162,0.511412501335144,0.44005250930786133,-0.3121429681777954,0.9269183278083801,0.4695472717285156,0.4380074739456177,-0.3191680610179901,0.7410842776298523,0.5267850160598755,0.4884456694126129,0.002616842743009329,0.9999454021453857,0.4612290859222412,0.491412490606308,-0.002803667914122343,0.9999322891235352,0.5275036692619324,0.685426652431488,0.0187225379049778,0.8804703950881958,0.4674135744571686,0.686174750328064,-0.01252796221524477,0.8627455830574036,0.5234295129776001,0.8580284118652344,0.19484320282936096,0.9129330515861511,0.4795650839805603,0.8421710729598999,0.17703008651733398,0.9073998332023621,0.5227381587028503,0.8680512309074402,0.20440399646759033,0.661401629447937,0.48738327622413635,0.8556090593338013,0.19155685603618622,0.6179946660995483,0.5175920724868774,0.935454249382019,0.06904471665620804,0.9109753370285034,0.46802011132240295,0.9275743365287781,0.07314461469650269,0.8811376690864563,jumpingjack
0.49059057235717773,0.05406501144170761,-0.28777870535850525,0.9978635907173157,0.49779075384140015,0.036177586764097214,-0.26860347390174866,0.994198739528656,0.502894401550293,0.03742096573114395,-0.26894643902778625,0.9942833185195923,0.5075844526290894,0.038781628012657166,-0.2689191997051239,0.9957454204559326,0.4845283627510071,0.033021990209817886,-0.2707839608192444,0.9958092570304871,0.48026570677757263,0.0326559878885746,-0.27111274003982544,0.9963979125022888,0.4763822555541992,0.032886482775211334,-0.2713419198989868,0.9970388412475586,0.5129522681236267,0.051095183938741684,-0.15294858813285828,0.9966546893119812,0.4704274535179138,0.04489854350686073,-0.16210539638996124,0.9931045174598694,0.49825319647789,0.07859575748443604,-0.24236854910850525,0.9985877871513367,0.48461198806762695,0.07455314695835114,-0.24701747298240662,0.9984585642814636,0.5521263480186462,0.18737366795539856,-0.08370069414377213,0.999927818775177,0.4345831871032715,0.18961569666862488,-0.10663964599370956,0.9996737837791443,0.5747929811477661,0.3098713159561157,-0.12182247638702393,0.9304707646369934,0.42157649993896484,0.31435155868530273,-0.19460327923297882,0.8366967439651489,0.5792315006256104,0.37911257147789,-0.30282533168792725,0.9427979588508606,0.41540688276290894,0.3918270170688629,-0.4215530753135681,0.7844101190567017,0.5780895948410034,0.41090014576911926,-0.34609588980674744,0.9257267117500305,0.41526833176612854,0.4247255027294159,-0.48069652915000916,0.753905177116394,0.5742729902267456,0.39696037769317627,-0.37521693110466003,0.9373791813850403,0.4186846613883972,0.40957963466644287,-0.5020438432693481,0.7672784328460693,0.5712690353393555,0.3854798674583435,-0.31819838285446167,0.9207035303115845,0.42139577865600586,0.3970789611339569,-0.4374321401119232,0.7597405910491943,0.5278230905532837,0.4786483645439148,0.00690913200378418,0.9999457001686096,0.46507126092910767,0.4788963794708252,-0.00707158911973238,0.9999340772628784,0.5279325842857361,0.6611994504928589,0.0072397515177726746,0.8780534267425537,0.4687575697898865,0.6781643629074097,-0.023793194442987442,0.8617985248565674,0.5278100967407227,0.8511078953742981,0.1795121729373932,0.9152308702468872,0.48214322328567505,0.8425849080085754,0.1508573591709137,0.9101143479347229,0.5259281396865845,0.8599952459335327,0.18806448578834534,0.6504321098327637,0.4864690899848938,0.8552702069282532,0.16153500974178314,0.608249306678772,0.5157710313796997,0.9346883296966553,0.03472887724637985,0.9132046103477478,0.48664507269859314,0.931549072265625,0.05339523404836655,0.884162962436676,jumpingjack
0.4932021498680115,0.02671666629612446,-0.2942686676979065,0.9974965453147888,0.4993610382080078,0.004929111339151859,-0.2692699730396271,0.9931657314300537,0.5046294927597046,0.00526874465867877,-0.269595205783844,0.9933639168739319,0.5093939304351807,0.005147217307239771,-0.26973679661750793,0.9951697587966919,0.4862636625766754,0.004229490179568529,-0.271714985370636,0.9949230551719666,0.4820645749568939,0.004687648732215166,-0.27211707830429077,0.9954358339309692,0.4782794117927551,0.00526153389364481,-0.27242374420166016,0.9961665868759155,0.5147203207015991,0.01223389059305191,-0.17160019278526306,0.995989203453064,0.47180628776550293,0.014774526469409466,-0.17702023684978485,0.9909538626670837,0.501529335975647,0.051367007195949554,-0.2456943690776825,0.9979051947593689,0.4869921803474426,0.050321850925683975,-0.25050392746925354,0.9976547956466675,0.5548511743545532,0.141165092587471,-0.10825090110301971,0.9999244809150696,0.4365316331386566,0.15026643872261047,-0.10975297540426254,0.9995467066764832,0.6056252717971802,0.20038284361362457,-0.18935349583625793,0.9181117415428162,0.4226780831813812,0.3037492632865906,-0.08508723229169846,0.7694005370140076,0.6665060520172119,0.1876993328332901,-0.4030189514160156,0.9206575155258179,0.44247904419898987,0.3730206787586212,-0.10580215603113174,0.7072374224662781,0.6874138712882996,0.17651616036891937,-0.44838348031044006,0.9031268954277039,0.45157915353775024,0.40898141264915466,-0.12420220673084259,0.6797033548355103,0.6859184503555298,0.1612945944070816,-0.4735003411769867,0.9171850085258484,0.45442599058151245,0.39958545565605164,-0.14961376786231995,0.6918413639068604,0.6768978834152222,0.1680256575345993,-0.41907745599746704,0.8970981240272522,0.456594854593277,0.3907735049724579,-0.11786800622940063,0.6852038502693176,0.5280823111534119,0.43223047256469727,0.0008242442272603512,0.9999497532844543,0.46502119302749634,0.43833163380622864,-0.000996188959106803,0.9999378323554993,0.5418698787689209,0.6446824073791504,-0.00630528386682272,0.8779635429382324,0.45883384346961975,0.6533023118972778,-0.017132539302110672,0.8639868497848511,0.5663682222366333,0.8407464623451233,0.14503984153270721,0.9201419353485107,0.45868343114852905,0.8387343287467957,0.1408219337463379,0.9155659675598145,0.5652036666870117,0.8517911434173584,0.15153521299362183,0.6507761478424072,0.4659718871116638,0.8540422320365906,0.15069910883903503,0.6167465448379517,0.5755785703659058,0.9322542548179626,7.844930394185212e-08,0.9161496162414551,0.45157894492149353,0.9287222027778625,0.023211965337395668,0.8888763189315796,jumpingjack
0.4935227930545807,0.09923382103443146,-0.2586619257926941,0.9970590472221375,0.5000795125961304,0.07930557429790497,-0.24053318798542023,0.9903267621994019,0.5048335790634155,0.08009710907936096,-0.24083738029003143,0.990084171295166,0.5093557834625244,0.08113308250904083,-0.2408643662929535,0.9925814867019653,0.4870060980319977,0.07936345040798187,-0.2432573288679123,0.9937962293624878,0.4829229414463043,0.08051618933677673,-0.24363712966442108,0.9944089651107788,0.47913306951522827,0.0817415788769722,-0.24390670657157898,0.9953545331954956,0.5145152807235718,0.09244588017463684,-0.13761363923549652,0.9942087531089783,0.47304415702819824,0.092460498213768,-0.14835640788078308,0.9897902011871338,0.5016763806343079,0.12228979170322418,-0.21595320105552673,0.9959368705749512,0.4873722195625305,0.12263182550668716,-0.22126075625419617,0.9960361123085022,0.5605486035346985,0.1869497150182724,-0.08889339864253998,0.9996184706687927,0.4362308382987976,0.1906004399061203,-0.09106553345918655,0.9990061521530151,0.6256173849105835,0.13247480988502502,-0.13114199042320251,0.891491174697876,0.37070292234420776,0.17532210052013397,-0.15578001737594604,0.7676792144775391,0.6767982244491577,0.018319934606552124,-0.2353096753358841,0.8747149705886841,0.32587486505508423,0.07166194915771484,-0.2531130611896515,0.6977804899215698,0.6941141486167908,-0.011875723488628864,-0.25715458393096924,0.8593968749046326,0.3071047365665436,0.045099638402462006,-0.27023106813430786,0.6657588481903076,0.6904867887496948,-0.025590669363737106,-0.27928727865219116,0.876024603843689,0.3066142201423645,0.0296104084700346,-0.20858252048492432,0.6776974201202393,0.6843382120132446,-0.013856692239642143,-0.24896463751792908,0.8581362366676331,0.3137751519680023,0.042012277990579605,-0.26123046875,0.6754072904586792,0.5318590998649597,0.5075628757476807,-0.0023940661922097206,0.9999397993087769,0.46750932931900024,0.5117989182472229,0.00218502851203084,0.9999294281005859,0.5589207410812378,0.7140952944755554,-0.000387836858863011,0.8633115887641907,0.44155368208885193,0.7020963430404663,-0.04867500811815262,0.8545386791229248,0.5980652570724487,0.8714072108268738,0.19320467114448547,0.9124218821525574,0.4425860345363617,0.874100387096405,0.13706809282302856,0.9095453023910522,0.6017004251480103,0.8859738111495972,0.2055363953113556,0.6394261121749878,0.4494593143463135,0.8979799151420593,0.146025612950325,0.6182045340538025,0.6077890992164612,0.9484629034996033,0.08419468253850937,0.8997321724891663,0.4192419946193695,0.9459772109985352,0.0286687221378088,0.8737708330154419,jumpingjack
0.4935685992240906,0.055488552898168564,-0.2518499493598938,0.9972048401832581,0.49987292289733887,0.03154303878545761,-0.23652859032154083,0.990805983543396,0.5046250224113464,0.030550101771950722,-0.236842080950737,0.9905869364738464,0.5091495513916016,0.029851680621504784,-0.2368604838848114,0.9930094480514526,0.4874040186405182,0.034616004675626755,-0.23969337344169617,0.9940648674964905,0.4836171567440033,0.035485416650772095,-0.24008433520793915,0.9946152567863464,0.47996559739112854,0.03598234802484512,-0.24031421542167664,0.9955040216445923,0.5143803954124451,0.03457365185022354,-0.1259603649377823,0.9944377541542053,0.473585307598114,0.04101284593343735,-0.13823993504047394,0.9897624850273132,0.5016759037971497,0.0698261484503746,-0.20551832020282745,0.9960334897041321,0.4875928461551666,0.07559898495674133,-0.21132948994636536,0.9960513710975647,0.5602123737335205,0.1286492645740509,-0.05299615114927292,0.9996508955955505,0.43635448813438416,0.13749003410339355,-0.062207262963056564,0.9990308880805969,0.6254751682281494,0.16043369472026825,-0.09243907779455185,0.8925914168357849,0.4186970293521881,0.24120494723320007,-0.05247487500309944,0.7201876044273376,0.6785962581634521,0.09358478337526321,-0.2556275725364685,0.8785496354103088,0.4258459508419037,0.3660680055618286,-0.11042453348636627,0.6310207843780518,0.6969859004020691,0.07409898936748505,-0.2909544110298157,0.8615651726722717,0.4282117784023285,0.40787866711616516,-0.130158469080925,0.6017653942108154,0.6918569207191467,0.05684612691402435,-0.3145372271537781,0.8782864212989807,0.4359564185142517,0.4063732922077179,-0.15563252568244934,0.6127567887306213,0.6833938956260681,0.06547550857067108,-0.2698606252670288,0.8593096733093262,0.4375487267971039,0.38873669505119324,-0.12431017309427261,0.6109791994094849,0.5337897539138794,0.4235491454601288,-0.0027076038531959057,0.9999435544013977,0.4681026339530945,0.42640984058380127,0.002486209850758314,0.9999315738677979,0.5572494864463806,0.6448726654052734,-0.04714924842119217,0.8597531318664551,0.4428480267524719,0.6437535881996155,-0.04579094797372818,0.8466944694519043,0.5879411101341248,0.8711400628089905,0.017962787300348282,0.914576530456543,0.444047749042511,0.8557777404785156,0.08022160828113556,0.9082256555557251,0.5872095227241516,0.8852965235710144,0.015020949766039848,0.6350643634796143,0.4512786269187927,0.8810969591140747,0.08478302508592606,0.61189204454422,0.6016124486923218,0.9499613642692566,-0.146779403090477,0.8997737169265747,0.42751044034957886,0.9353201985359192,-0.05268409848213196,0.869245707988739,jumpingjack
0.49475422501564026,0.033261485397815704,-0.3308824300765991,0.9974203705787659,0.5014867782592773,0.009227772243320942,-0.3132718801498413,0.9915381669998169,0.5067013502120972,0.008574940264225006,-0.3136083781719208,0.9913225173950195,0.5115922689437866,0.008088002912700176,-0.31359419226646423,0.9935491681098938,0.48779401183128357,0.010490388609468937,-0.31522369384765625,0.9945559501647949,0.48369890451431274,0.01088614109903574,-0.31556057929992676,0.9950748682022095,0.47993993759155273,0.010998264886438847,-0.3157598376274109,0.9958897233009338,0.5167381763458252,0.01462537981569767,-0.1907140612602234,0.9948667287826538,0.4736305773258209,0.017496207728981972,-0.197397381067276,0.9906066060066223,0.503864049911499,0.05081748962402344,-0.2815476059913635,0.9963911175727844,0.48797017335891724,0.05287886783480644,-0.28570401668548584,0.9964128732681274,0.560571551322937,0.13553841412067413,-0.10423694550991058,0.9996816515922546,0.43808555603027344,0.13947243988513947,-0.12067363411188126,0.9991204142570496,0.6142032146453857,0.24363109469413757,-0.14127495884895325,0.8946978449821472,0.4180297255516052,0.2498052567243576,-0.21237590909004211,0.7423110604286194,0.630169689655304,0.30276620388031006,-0.336661696434021,0.8862510919570923,0.41142186522483826,0.3437386751174927,-0.45130816102027893,0.6662629246711731,0.630935549736023,0.33643588423728943,-0.38363146781921387,0.8698969483375549,0.4097411036491394,0.3789588212966919,-0.5111287236213684,0.6395264863967896,0.6265836358070374,0.3204176723957062,-0.4188486635684967,0.8858926892280579,0.41472500562667847,0.36288926005363464,-0.5362856388092041,0.6497087478637695,0.6226192712783813,0.3116731345653534,-0.3548564314842224,0.8672041296958923,0.41882115602493286,0.3513787090778351,-0.4691017270088196,0.6470573544502258,0.536001443862915,0.4159894287586212,0.0006742813275195658,0.9999420642852783,0.4723648130893707,0.4243020713329315,-0.0008902783738449216,0.9999315738677979,0.5452965497970581,0.6181789636611938,-0.09389780461788177,0.8644917011260986,0.47426337003707886,0.647372841835022,-0.04598645120859146,0.847328782081604,0.5440815687179565,0.8566077351570129,0.04709988832473755,0.9166475534439087,0.4844309687614441,0.8555423021316528,0.08583618700504303,0.9117008447647095,0.5427424311637878,0.872384786605835,0.051944930106401443,0.6282693147659302,0.4911630153656006,0.877812385559082,0.09186132997274399,0.6025842428207397,0.5300997495651245,0.9492586851119995,-0.11668485403060913,0.9038289785385132,0.48755398392677307,0.9433892369270325,-0.0720919594168663,0.8747733235359192,jumpingjack
0.49648505449295044,0.08003465831279755,-0.3137891888618469,0.9976564645767212,0.5032723546028137,0.06327547878026962,-0.2940118908882141,0.9923410415649414,0.5088460445404053,0.06376301497220993,-0.2943757474422455,0.9921469688415527,0.5137295126914978,0.06447163969278336,-0.2943209707736969,0.9941591024398804,0.4895612597465515,0.06223757937550545,-0.29473215341567993,0.9950695633888245,0.485257625579834,0.06239699944853783,-0.2950811982154846,0.9955440759658813,0.4813385009765625,0.06288304179906845,-0.2952920198440552,0.9962809085845947,0.5188971757888794,0.07371409982442856,-0.1779196858406067,0.9953463673591614,0.47653618454933167,0.0728282630443573,-0.18148890137672424,0.9914801716804504,0.5050880908966064,0.10117467492818832,-0.2669146656990051,0.9967252612113953,0.48980212211608887,0.10056053102016449,-0.2699863314628601,0.9967470765113831,0.5603769421577454,0.2008868306875229,-0.10248223692178726,0.9997096061706543,0.44180575013160706,0.21093052625656128,-0.11033140122890472,0.9991990923881531,0.5763546824455261,0.35509514808654785,-0.11531976610422134,0.9035981297492981,0.42924952507019043,0.3534863293170929,-0.15769973397254944,0.7653288245201111,0.5428280234336853,0.44258618354797363,-0.27709394693374634,0.8965672850608826,0.4603732228279114,0.44651052355766296,-0.36347144842147827,0.698042631149292,0.5340250730514526,0.4824032187461853,-0.3217144310474396,0.8816871047019958,0.46657246351242065,0.4812457263469696,-0.5036793351173401,0.6735354661941528,0.5231848955154419,0.46343934535980225,-0.34488004446029663,0.89620441198349,0.4782829284667969,0.46235013008117676,-0.43488889932632446,0.6828939318656921,0.5225467681884766,0.4483147859573364,-0.2879049777984619,0.8788001537322998,0.4792442321777344,0.44746217131614685,-0.35906079411506653,0.6795812249183655,0.5364914536476135,0.4815152883529663,0.0008018693188205361,0.9999437928199768,0.4726947844028473,0.48723408579826355,-0.001014353591017425,0.9999334216117859,0.5388306379318237,0.6640738248825073,-0.07159526646137238,0.8759034276008606,0.4763621389865875,0.6844967007637024,-0.02920699678361416,0.8582991361618042,0.5306332111358643,0.8651055097579956,0.08739481121301651,0.9230523109436035,0.4949202537536621,0.8627357482910156,0.13458432257175446,0.918256938457489,0.5301157236099243,0.8778748512268066,0.09789840877056122,0.6495685577392578,0.5031707286834717,0.8803004622459412,0.1459699422121048,0.6242141723632812,0.5215709209442139,0.9518564939498901,-0.039148010313510895,0.911280632019043,0.4908234477043152,0.9475539922714233,0.015883687883615494,0.8841665983200073,jumpingjack
0.496211439371109,0.04057011753320694,-0.3777182698249817,0.9978184700012207,0.5029162168502808,0.020077671855688095,-0.36437904834747314,0.992889404296875,0.5084513425827026,0.019590096548199654,-0.3647838234901428,0.9927701950073242,0.5133562088012695,0.019097549840807915,-0.3647177219390869,0.9945852160453796,0.48956602811813354,0.02153746224939823,-0.3621935248374939,0.9954002499580383,0.4854629933834076,0.02180957980453968,-0.36263057589530945,0.9958735704421997,0.48163777589797974,0.02171144261956215,-0.362967312335968,0.9965118169784546,0.5184286832809448,0.02235974557697773,-0.25740817189216614,0.9957550168037415,0.4770823121070862,0.025095511227846146,-0.24677686393260956,0.9921720027923584,0.5047681927680969,0.06069232523441315,-0.3320372998714447,0.9969770908355713,0.48962312936782837,0.06282065808773041,-0.33140674233436584,0.9969954490661621,0.5600606203079224,0.1342322677373886,-0.13027659058570862,0.9997326731681824,0.4434549808502197,0.14529035985469818,-0.11364924907684326,0.9992474913597107,0.5859154462814331,0.2545948326587677,0.06560385972261429,0.911719560623169,0.42289137840270996,0.2923755347728729,0.06784751266241074,0.7790845036506653,0.5814915895462036,0.3347792625427246,0.22934524714946747,0.9065062403678894,0.42548346519470215,0.3777707517147064,0.20314233005046844,0.7209622859954834,0.5941512584686279,0.3476466238498688,0.26058417558670044,0.8924850821495056,0.4005381464958191,0.3914281129837036,0.22481891512870789,0.6936980485916138,0.5861376523971558,0.3305867314338684,0.22470295429229736,0.9056477546691895,0.3909006714820862,0.39201465249061584,0.19589197635650635,0.7029414772987366,0.5797204375267029,0.32470715045928955,0.22237996757030487,0.8898661732673645,0.40085354447364807,0.39271053671836853,0.19519862532615662,0.7001556754112244,0.5362117290496826,0.42104560136795044,0.0013851217227056623,0.999942421913147,0.47279277443885803,0.4237475097179413,-0.0016068009426817298,0.9999290704727173,0.5389313101768494,0.6285837888717651,0.012503516860306263,0.882587194442749,0.4721020758152008,0.6302831172943115,-0.028387537226080894,0.8699610829353333,0.5396277904510498,0.8390328884124756,0.17395558953285217,0.9293574690818787,0.4838763177394867,0.8373554944992065,0.14843258261680603,0.9252122044563293,0.5388672351837158,0.8530369997024536,0.18239812552928925,0.6678043007850647,0.4925761818885803,0.8484808206558228,0.16150876879692078,0.6482341289520264,0.5328199863433838,0.9373190402984619,0.030879518017172813,0.9184134602546692,0.47997450828552246,0.9388025999069214,0.026372339576482773,0.8938993811607361,jumpingjack
0.49619346857070923,0.052001673728227615,-0.356568306684494,0.9980036616325378,0.5026706457138062,0.0294155515730381,-0.3379540741443634,0.9934805631637573,0.5081126689910889,0.02930726483464241,-0.33835506439208984,0.9933902025222778,0.5130029320716858,0.02921820431947708,-0.33827126026153564,0.9950398206710815,0.48968663811683655,0.029420750215649605,-0.3347521722316742,0.9957807660102844,0.48573485016822815,0.028980331495404243,-0.33513304591178894,0.9962106347084045,0.4819542467594147,0.028298046439886093,-0.33539000153541565,0.996776819229126,0.5181453227996826,0.03389924392104149,-0.22120246291160583,0.9961279630661011,0.47688978910446167,0.03167231008410454,-0.2204621285200119,0.9928311705589294,0.5045480132102966,0.07271827757358551,-0.3072161078453064,0.9971796274185181,0.48959797620773315,0.07299922406673431,-0.3050709664821625,0.9971845149993896,0.5599237680435181,0.135453000664711,-0.12223385274410248,0.9997411966323853,0.439309298992157,0.1477612555027008,-0.11791126430034637,0.9991106390953064,0.6223353147506714,0.16678372025489807,0.04306336119771004,0.914180338382721,0.42210841178894043,0.28427746891975403,-0.046104174107313156,0.7582404613494873,0.6905158162117004,0.09966747462749481,-0.12931838631629944,0.9109523296356201,0.3638041615486145,0.2563408315181732,-0.02056541107594967,0.6703922748565674,0.7102567553520203,0.07698586583137512,-0.1538175791501999,0.8958675265312195,0.3494515120983124,0.24394698441028595,-0.023730505257844925,0.6411707401275635,0.7059584856033325,0.058047082275152206,-0.1839362233877182,0.9089672565460205,0.34441664814949036,0.23362797498703003,-0.045798636972904205,0.651416003704071,0.6984473466873169,0.06697873771190643,-0.1419970691204071,0.8936854600906372,0.35123541951179504,0.23862884938716888,-0.0312812477350235,0.6508979201316833,0.5358843207359314,0.4483282268047333,0.0013651545159518719,0.9999377727508545,0.4700438380241394,0.44866955280303955,-0.0015694822650402784,0.9999150037765503,0.5570840835571289,0.6568838953971863,-0.05968579649925232,0.8815657496452332,0.44520169496536255,0.6313890814781189,-0.0895051583647728,0.8698705434799194,0.5981060862541199,0.8693168759346008,0.09482024610042572,0.926643431186676,0.4331023693084717,0.8460938334465027,0.09323147684335709,0.9215478301048279,0.6033641695976257,0.8956086039543152,0.10344519466161728,0.6574369668960571,0.44247087836265564,0.8628248572349548,0.10745710134506226,0.6413053870201111,0.5967969298362732,0.9529725909233093,-0.03256978094577789,0.9145047068595886,0.4238056242465973,0.940522313117981,-0.009120709262788296,0.8879380226135254,jumpingjack
0.49605241417884827,0.05597907677292824,-0.25382283329963684,0.9981979727745056,0.5025196075439453,0.03259581699967384,-0.2365732491016388,0.9941015243530273,0.5079224109649658,0.032494932413101196,-0.23685137927532196,0.9940232634544373,0.5127922296524048,0.032386619597673416,-0.23680467903614044,0.9955068230628967,0.48960351943969727,0.03257960453629494,-0.23656144738197327,0.9961864352226257,0.4857886731624603,0.032029200345277786,-0.23688948154449463,0.9965775609016418,0.4820384085178375,0.031292710453271866,-0.2370443344116211,0.9970847964286804,0.5176593661308289,0.03726859763264656,-0.12797825038433075,0.9964943528175354,0.47669774293899536,0.03449159115552902,-0.1285768449306488,0.9935240745544434,0.5042936205863953,0.07668022811412811,-0.21034426987171173,0.9974414706230164,0.48949670791625977,0.0761696919798851,-0.21215835213661194,0.9974476099014282,0.5612475275993347,0.1498447209596634,-0.06707148253917694,0.9997556805610657,0.4378669857978821,0.14950957894325256,-0.07835230231285095,0.9991729259490967,0.6294626593589783,0.1549062281847,-0.13795699179172516,0.9157084822654724,0.3639030158519745,0.16497309505939484,-0.18695715069770813,0.7732938528060913,0.6839253306388855,0.06884922832250595,-0.3659347891807556,0.9163601398468018,0.30968958139419556,0.07022903859615326,-0.3821507692337036,0.7010087370872498,0.7041944265365601,0.04324532300233841,-0.40415677428245544,0.9031906127929688,0.288902223110199,0.047676026821136475,-0.4262010455131531,0.6746776103973389,0.6999143958091736,0.02856476791203022,-0.4286068379878998,0.9155247807502747,0.29234400391578674,0.03821578249335289,-0.44213026762008667,0.6841188669204712,0.6906343698501587,0.0382612906396389,-0.3827386796474457,0.9012482166290283,0.3011065721511841,0.045836325734853745,-0.39852607250213623,0.6836201548576355,0.535153865814209,0.46634992957115173,0.006865954492241144,0.9999353885650635,0.46556052565574646,0.4636988341808319,-0.0070785717107355595,0.9999129772186279,0.5636991858482361,0.6601191759109497,-0.11230852454900742,0.8856520056724548,0.4378885328769684,0.6351697444915771,-0.16452765464782715,0.8756636381149292,0.5974410772323608,0.8682206273078918,0.037643011659383774,0.9270378351211548,0.4282546937465668,0.8479803204536438,0.013039486482739449,0.9207803606987,0.598315954208374,0.893595814704895,0.0448211207985878,0.6653620004653931,0.43684810400009155,0.8651351928710938,0.02613465115427971,0.6437997221946716,0.6079261898994446,0.9510588049888611,-0.08436743915081024,0.9158191680908203,0.42067819833755493,0.9417427778244019,-0.09199279546737671,0.8862618803977966,jumpingjack
0.49365758895874023,0.027025504037737846,-0.2753468453884125,0.9981787204742432,0.5000421404838562,0.005333437118679285,-0.25942462682724,0.9941172003746033,0.5048869252204895,0.00430564908310771,-0.25973206758499146,0.994065523147583,0.5096067190170288,0.0031954734586179256,-0.25970256328582764,0.9955231547355652,0.4891055226325989,0.007948677986860275,-0.2601873278617859,0.9961668848991394,0.48570626974105835,0.008419166319072247,-0.2605425715446472,0.9966038465499878,0.48195376992225647,0.008314953185617924,-0.2607386112213135,0.9971122145652771,0.5168209075927734,0.008770161308348179,-0.1580718457698822,0.9965554475784302,0.47726815938949585,0.012847811914980412,-0.15266868472099304,0.993596613407135,0.5019656419754028,0.04336227476596832,-0.2315542995929718,0.9975513815879822,0.4894391894340515,0.046262990683317184,-0.23330619931221008,0.9975371956825256,0.5629724264144897,0.1293494701385498,-0.0994555801153183,0.9997751712799072,0.4384978711605072,0.12604880332946777,-0.08046816289424896,0.9992386698722839,0.6181123852729797,0.20326372981071472,-0.16249635815620422,0.9164562821388245,0.39689189195632935,0.19560803472995758,-0.14301876723766327,0.7755354642868042,0.6463741064071655,0.24084173142910004,-0.3556807041168213,0.919241189956665,0.3420296013355255,0.22283336520195007,-0.3028939962387085,0.7210857272148132,0.656028151512146,0.27312171459198,-0.39731723070144653,0.9059805274009705,0.32946330308914185,0.2570262849330902,-0.3419925570487976,0.6961954236030579,0.6501070261001587,0.25563380122184753,-0.42694878578186035,0.9180830121040344,0.33347126841545105,0.25044357776641846,-0.3718075156211853,0.7061413526535034,0.6427916288375854,0.24593490362167358,-0.37205904722213745,0.9033215045928955,0.3401419222354889,0.23999950289726257,-0.32127177715301514,0.7040672898292542,0.5304902791976929,0.4098363518714905,0.00023089635942596942,0.9999390244483948,0.46259650588035583,0.4116884768009186,-0.00047564521082676947,0.9999181032180786,0.5436896085739136,0.6238384246826172,-0.03169413283467293,0.8875241875648499,0.4559269845485687,0.6290772557258606,-0.0370577871799469,0.8794003129005432,0.5505138635635376,0.8486102819442749,0.10807190835475922,0.9309751391410828,0.4656047821044922,0.8399794101715088,0.10992366075515747,0.9245933294296265,0.548082709312439,0.8639125227928162,0.1129278764128685,0.6694188714027405,0.4713965356349945,0.8532679080963135,0.11924056708812714,0.6463103294372559,0.5326509475708008,0.9393104314804077,-0.03864053636789322,0.9207257628440857,0.4667908549308777,0.9368777871131897,-0.01954583451151848,0.8925015926361084,jumpingjack
0.4949459433555603,0.07652626931667328,-0.34782880544662476,0.9983497262001038,0.5026564598083496,0.06071591004729271,-0.32853955030441284,0.9946852326393127,0.5066646337509155,0.06154013052582741,-0.3288971483707428,0.994638204574585,0.5111866593360901,0.062379732728004456,-0.3288549482822418,0.9959539771080017,0.48981744050979614,0.05928356945514679,-0.33014756441116333,0.9965369701385498,0.48611608147621155,0.05980239436030388,-0.33049875497817993,0.996933102607727,0.4822962284088135,0.06022462993860245,-0.3307306170463562,0.9973924160003662,0.5173305869102478,0.07331603765487671,-0.21119482815265656,0.9968817234039307,0.4771355986595154,0.07162325829267502,-0.21669456362724304,0.9942060708999634,0.5029531717300415,0.09886164218187332,-0.3005344867706299,0.9977849125862122,0.489799439907074,0.09727679193019867,-0.3043655455112457,0.9977729916572571,0.5611547231674194,0.21043959259986877,-0.1366942822933197,0.9997945427894592,0.4393838942050934,0.21499620378017426,-0.13639631867408752,0.9993072152137756,0.5735991597175598,0.3696156442165375,-0.15698455274105072,0.9232643842697144,0.42572683095932007,0.37559792399406433,-0.17211657762527466,0.7957721948623657,0.5353522300720215,0.44994041323661804,-0.33167433738708496,0.9263661503791809,0.4600214958190918,0.45229122042655945,-0.34915757179260254,0.7480559945106506,0.5255199670791626,0.48537933826446533,-0.37799230217933655,0.9142907857894897,0.4681147038936615,0.48688820004463196,-0.40335145592689514,0.7253652215003967,0.5179840326309204,0.4627114534378052,-0.40303540229797363,0.9253095388412476,0.47693300247192383,0.4640008807182312,-0.42145615816116333,0.7344557046890259,0.5187947154045105,0.4479387402534485,-0.34425753355026245,0.9114252924919128,0.4760569930076599,0.44859373569488525,-0.36111941933631897,0.7319049835205078,0.531613290309906,0.4782966673374176,0.00030907272594049573,0.9999369978904724,0.467744916677475,0.4822744131088257,-0.0005494568613357842,0.9999173283576965,0.5342990756034851,0.6833747029304504,-0.020597955211997032,0.8935692310333252,0.47357839345932007,0.6918076276779175,-0.036611806601285934,0.8844115138053894,0.528603732585907,0.8742982745170593,0.12745587527751923,0.9341037273406982,0.49353423714637756,0.8578738570213318,0.1425590217113495,0.9273048043251038,0.5280941724777222,0.8899036049842834,0.133851557970047,0.6760909557342529,0.5003579258918762,0.8719476461410522,0.15564700961112976,0.652993381023407,0.5223082900047302,0.9473392963409424,-0.01562994346022606,0.9248654842376709,0.49437958002090454,0.9393397569656372,0.02390674501657486,0.8974559307098389,jumpingjack
0.4959382116794586,0.03811834752559662,-0.34944772720336914,0.9983900785446167,0.5032786130905151,0.016887737438082695,-0.33344539999961853,0.9948815107345581,0.5081067681312561,0.017260152846574783,-0.3337843418121338,0.9948264360427856,0.5128615498542786,0.01733347401022911,-0.3337732255458832,0.9961098432540894,0.48984089493751526,0.015122448094189167,-0.3350479304790497,0.9966626763343811,0.48602667450904846,0.014809229411184788,-0.3353961110115051,0.9970539808273315,0.48214191198349,0.014250209555029869,-0.3356221318244934,0.9975029230117798,0.5176538825035095,0.02491218037903309,-0.21764826774597168,0.9970210194587708,0.47514837980270386,0.025968464091420174,-0.222982257604599,0.9944443702697754,0.5040090680122375,0.06256848573684692,-0.302351713180542,0.9979608654975891,0.4897333085536957,0.06160411238670349,-0.30595484375953674,0.9979479908943176,0.5599699020385742,0.1674293875694275,-0.13292351365089417,0.9998123049736023,0.4394093453884125,0.19914716482162476,-0.1346379816532135,0.9993640184402466,0.5817835330963135,0.29819685220718384,-0.1505952626466751,0.9255910515785217,0.4233770966529846,0.31780651211738586,-0.17173586785793304,0.8084425926208496,0.5823209285736084,0.370390921831131,-0.3297644853591919,0.9308871626853943,0.4209011197090149,0.3866465985774994,-0.35603541135787964,0.7683005928993225,0.5823296904563904,0.40235772728919983,-0.3754689693450928,0.9191974401473999,0.42341408133506775,0.4258195161819458,-0.4067021906375885,0.7466287612915039,0.57745361328125,0.38962385058403015,-0.4080113470554352,0.9296845197677612,0.42546218633651733,0.4139857292175293,-0.4339536130428314,0.755686342716217,0.5735379457473755,0.3789382576942444,-0.34597358107566833,0.9155921339988708,0.4277690351009369,0.4005502164363861,-0.37249210476875305,0.7511780261993408,0.5328473448753357,0.4439069926738739,0.0003687308053486049,0.9999386072158813,0.4702285826206207,0.4510195851325989,-0.0006060559535399079,0.9999204277992249,0.5308135747909546,0.6487671136856079,-0.013360582292079926,0.896786093711853,0.4756656289100647,0.6497430801391602,-0.030759945511817932,0.8879084587097168,0.5331317186355591,0.8580187559127808,0.13995349407196045,0.9378014206886292,0.48809975385665894,0.8475354313850403,0.13792547583580017,0.9311196208000183,0.5310626029968262,0.8651337623596191,0.14647597074508667,0.6710812449455261,0.49305710196495056,0.8585259318351746,0.1490776389837265,0.6481146216392517,0.5194008350372314,0.9450576901435852,-0.016186004504561424,0.9294350743293762,0.4961490035057068,0.9392111897468567,0.005278198979794979,0.9033279418945312,jumpingjack
0.49661922454833984,0.027778662741184235,-0.2784782946109772,0.9984869956970215,0.5030862092971802,0.003835439682006836,-0.2645117938518524,0.9950986504554749,0.50789874792099,0.0038164665456861258,-0.26485180854797363,0.9950998425483704,0.5126129388809204,0.0037309150211513042,-0.26487573981285095,0.9963195323944092,0.48998451232910156,0.0033042069990187883,-0.2670639455318451,0.9967503547668457,0.48611053824424744,0.0032161232084035873,-0.2674267888069153,0.9971218705177307,0.48211631178855896,0.0029074016492813826,-0.26762184500694275,0.9975134134292603,0.5171595811843872,0.010187219828367233,-0.16244670748710632,0.997194230556488,0.4747031331062317,0.011371088214218616,-0.1709890067577362,0.9944263696670532,0.5040342211723328,0.04959047585725784,-0.23584303259849548,0.9980007410049438,0.4900693893432617,0.0504429005086422,-0.24039945006370544,0.9979011416435242,0.557586669921875,0.1383308470249176,-0.08993594348430634,0.9998224973678589,0.43939346075057983,0.14994050562381744,-0.0803084522485733,0.999235987663269,0.6086803674697876,0.20268870890140533,-0.09583595395088196,0.9284369945526123,0.4144892692565918,0.2686893045902252,-0.07210305333137512,0.7980056405067444,0.6813019514083862,0.19082440435886383,-0.23262925446033478,0.933679461479187,0.3231320083141327,0.2090374231338501,-0.1356593668460846,0.7211294770240784,0.7005813121795654,0.17224977910518646,-0.25604280829429626,0.9194965362548828,0.2954316735267639,0.19602584838867188,-0.15056203305721283,0.6935380101203918,0.6958039999008179,0.1548549383878708,-0.29039719700813293,0.9303556680679321,0.2955144941806793,0.18496404588222504,-0.1826924979686737,0.7044183015823364,0.6877523064613342,0.16170549392700195,-0.2511751055717468,0.9167060256004333,0.3033178150653839,0.18978740274906158,-0.15376922488212585,0.7048118114471436,0.5328704118728638,0.43074437975883484,-0.0018688325071707368,0.9999421238899231,0.46994370222091675,0.43525969982147217,0.0016304210294038057,0.9999228715896606,0.5481017827987671,0.6443830728530884,-0.011332272551953793,0.9003288149833679,0.4556131362915039,0.6496471166610718,0.0018745431443676353,0.8901271820068359,0.5793055891990662,0.8568664789199829,0.12913215160369873,0.940014660358429,0.44826969504356384,0.8511413335800171,0.13285669684410095,0.9342191219329834,0.579812228679657,0.8671295046806335,0.14095865190029144,0.6703165769577026,0.45459994673728943,0.8700417280197144,0.14095625281333923,0.6562011241912842,0.5947088003158569,0.9453882575035095,-0.02273165062069893,0.930941104888916,0.42796510457992554,0.9408276677131653,0.0059385704807937145,0.9067474007606506,jumpingjack
0.49578070640563965,0.10511241853237152,-0.322510689496994,0.9986072182655334,0.502179741859436,0.08597292006015778,-0.30813127756118774,0.9954215288162231,0.5072451233863831,0.08568291366100311,-0.3084552586078644,0.9954105615615845,0.5116719007492065,0.08584340661764145,-0.3084873557090759,0.996547281742096,0.48951584100723267,0.0867704302072525,-0.3121821880340576,0.9969890117645264,0.48565465211868286,0.08745328336954117,-0.3125458061695099,0.9973273277282715,0.481527715921402,0.0879746749997139,-0.3127492666244507,0.9976847767829895,0.5156873464584351,0.09531974792480469,-0.2044975310564041,0.9973672032356262,0.4745437204837799,0.09714270383119583,-0.21959325671195984,0.9948087930679321,0.5026594400405884,0.12589161098003387,-0.2793842554092407,0.9980577230453491,0.4899648129940033,0.12852849066257477,-0.2859882712364197,0.9979647994041443,0.5606915354728699,0.19818943738937378,-0.14332060515880585,0.9997937083244324,0.434084951877594,0.19611313939094543,-0.14814640581607819,0.9991475343704224,0.6240437626838684,0.15108540654182434,-0.1767883151769638,0.9274591207504272,0.36437147855758667,0.16449123620986938,-0.2324896603822708,0.8100826740264893,0.6846180558204651,0.03953539952635765,-0.2966085374355316,0.9291666150093079,0.3095478415489197,0.056352656334638596,-0.36185893416404724,0.73478102684021,0.7049242258071899,0.01027952041476965,-0.31845876574516296,0.9146291613578796,0.2893638014793396,0.03289841115474701,-0.39502906799316406,0.7045025825500488,0.702748715877533,-0.0019729547202587128,-0.34608355164527893,0.9265279173851013,0.29021772742271423,0.024456262588500977,-0.41356635093688965,0.7155902981758118,0.6951152086257935,0.010604710318148136,-0.313628613948822,0.9138413667678833,0.29718536138534546,0.03209298104047775,-0.377671480178833,0.7181155681610107,0.5337432026863098,0.5158889889717102,-0.0027408895548433065,0.9999346137046814,0.4664124548435211,0.5156029462814331,0.0024851360358297825,0.999914288520813,0.5655163526535034,0.7246038913726807,-0.01923060230910778,0.8859378099441528,0.4280613362789154,0.7053765058517456,-0.02043195441365242,0.8699111342430115,0.6049890518188477,0.9071611762046814,0.12256503105163574,0.9228631854057312,0.4258876442909241,0.8913823366165161,0.1267774999141693,0.9145979881286621,0.6062072515487671,0.9318904280662537,0.13127842545509338,0.6492684483528137,0.4351126253604889,0.9151085019111633,0.13600705564022064,0.6392791867256165,0.6129613518714905,0.971412718296051,-0.0047165947034955025,0.909100353717804,0.4019086956977844,0.957177460193634,0.02125614508986473,0.8784396052360535,jumpingjack
0.4956987500190735,0.043749015778303146,-0.32531484961509705,0.9977636933326721,0.5011923313140869,0.021863792091608047,-0.31261131167411804,0.9925159215927124,0.5060701966285706,0.021301882341504097,-0.31297558546066284,0.9929612278938293,0.5106627941131592,0.020754938945174217,-0.31301018595695496,0.994899570941925,0.4892973303794861,0.023216964676976204,-0.3184114098548889,0.9949092268943787,0.4855186939239502,0.023891882970929146,-0.3188379406929016,0.9955176711082458,0.48140352964401245,0.02435138449072838,-0.3191102147102356,0.996026873588562,0.5156011581420898,0.026578299701213837,-0.21027223765850067,0.996140718460083,0.4741648733615875,0.032695233821868896,-0.23448388278484344,0.9911989569664001,0.5026307702064514,0.06288404762744904,-0.2812706530094147,0.9969518184661865,0.4900161325931549,0.06811416149139404,-0.2901964783668518,0.9967923164367676,0.558908224105835,0.14146949350833893,-0.12934891879558563,0.9998001456260681,0.4341677725315094,0.1447453647851944,-0.1454629749059677,0.9990984201431274,0.6187220811843872,0.1769176423549652,-0.054999567568302155,0.9209144711494446,0.40237417817115784,0.23443709313869476,-0.05559300631284714,0.7650167942047119,0.6713032126426697,0.13116542994976044,-0.0877085030078888,0.9213853478431702,0.41388893127441406,0.36964136362075806,0.005354319699108601,0.6650267243385315,0.6890458464622498,0.12625861167907715,-0.09662824124097824,0.901246190071106,0.4172946810722351,0.41058892011642456,0.003828569548204541,0.6368256211280823,0.6861502528190613,0.11113052070140839,-0.12992653250694275,0.9155755043029785,0.4263915419578552,0.40654781460762024,-0.023030925542116165,0.6471720933914185,0.6783514618873596,0.11521512269973755,-0.1018463596701622,0.9019153714179993,0.42677345871925354,0.3890889883041382,-0.004548829980194569,0.6497920155525208,0.5307786464691162,0.4326624572277069,0.0014584518503397703,0.9999383091926575,0.46439284086227417,0.4322459399700165,-0.0016506252577528358,0.999917209148407,0.56165611743927,0.6558869481086731,-0.021164659410715103,0.8821137547492981,0.43210935592651367,0.6501590609550476,-0.0253974087536335,0.8673102259635925,0.5932012796401978,0.8711615800857544,0.10409706830978394,0.9242261648178101,0.4368632733821869,0.8777624368667603,0.11848472058773041,0.9174716472625732,0.6046102046966553,0.8930842280387878,0.10725903511047363,0.6374216079711914,0.44457849860191345,0.9094679951667786,0.1240599974989891,0.6317636370658875,0.5969727039337158,0.9525434970855713,-0.04735328629612923,0.9087094068527222,0.4208548963069916,0.9414373636245728,-0.017296016216278076,0.8798642158508301,jumpingjack
0.495596319437027,0.051463477313518524,-0.3108740448951721,0.9979763031005859,0.5011598467826843,0.031714048236608505,-0.2924702763557434,0.9932385087013245,0.5060060620307922,0.03250490128993988,-0.2927790582180023,0.9936385750770569,0.5106074213981628,0.03365105390548706,-0.2927402853965759,0.9953884482383728,0.4892567992210388,0.030757782980799675,-0.2946554124355316,0.9954012036323547,0.4855071008205414,0.030820151790976524,-0.2949916124343872,0.9959527254104614,0.4815322458744049,0.03102331981062889,-0.2951744496822357,0.9964131116867065,0.515424370765686,0.04137919843196869,-0.1767069697380066,0.9965054988861084,0.474334716796875,0.041992075741291046,-0.18417808413505554,0.9920410513877869,0.5020474791526794,0.07260235399007797,-0.2637782394886017,0.9972454905509949,0.4897526800632477,0.07279151678085327,-0.2686997950077057,0.9971030950546265,0.5544803142547607,0.17237810790538788,-0.10257776826620102,0.9998182058334351,0.4343756139278412,0.1662171185016632,-0.11180136352777481,0.9991845488548279,0.5761018395423889,0.31887704133987427,-0.09072288125753403,0.9267470836639404,0.4168938994407654,0.3109416961669922,-0.128513365983963,0.7858992218971252,0.548025906085968,0.3960190713405609,-0.24960239231586456,0.9282326102256775,0.4506900906562805,0.4027561545372009,-0.3225720226764679,0.697481095790863,0.5416779518127441,0.43742433190345764,-0.3009851276874542,0.9098668694496155,0.4597034454345703,0.4397127330303192,-0.3778732717037201,0.6718119978904724,0.5296186208724976,0.4135279059410095,-0.3255368173122406,0.9229289889335632,0.4687003195285797,0.4185071289539337,-0.39347273111343384,0.6812670826911926,0.5290251970291138,0.39993125200271606,-0.25992587208747864,0.9100261926651001,0.4691384434700012,0.4043118357658386,-0.33357828855514526,0.682837963104248,0.5302411317825317,0.43630874156951904,0.002524345414713025,0.9999363422393799,0.46442967653274536,0.436718612909317,-0.002713617868721485,0.999916136264801,0.5315254926681519,0.6432614326477051,-0.09880562126636505,0.8885173201560974,0.4583662450313568,0.650553286075592,-0.04300578311085701,0.8709427714347839,0.5303610563278198,0.859258770942688,0.03874386474490166,0.9257422089576721,0.47863322496414185,0.8660104274749756,0.10444669425487518,0.9193370342254639,0.5306995511054993,0.8787500858306885,0.044404078274965286,0.6359280347824097,0.48746758699417114,0.8884851336479187,0.11283737421035767,0.6261764168739319,0.5181028842926025,0.9430785179138184,-0.11097635328769684,0.9126824140548706,0.47662869095802307,0.9395392537117004,-0.03158612176775932,0.8844860792160034,jumpingjack
0.4953616261482239,0.056350044906139374,-0.2931433916091919,0.9981128573417664,0.5007954835891724,0.03496770188212395,-0.2721345126628876,0.9937385320663452,0.505945086479187,0.036156345158815384,-0.2724587023258209,0.9940853118896484,0.5103070139884949,0.0375547930598259,-0.27239930629730225,0.9956989288330078,0.48880210518836975,0.034616053104400635,-0.2733168303966522,0.9957556128501892,0.4852202534675598,0.034962620586156845,-0.2736375331878662,0.9962778091430664,0.4813862442970276,0.03587237372994423,-0.2738342583179474,0.9967088103294373,0.514885425567627,0.04588880389928818,-0.15246500074863434,0.9966890811920166,0.4742947220802307,0.04721156880259514,-0.15660163760185242,0.9926303029060364,0.5015653371810913,0.07778245955705643,-0.24610380828380585,0.9974648356437683,0.48919278383255005,0.07699932157993317,-0.24958911538124084,0.9973467588424683,0.5533677339553833,0.18266883492469788,-0.08005566149950027,0.9998301863670349,0.4352232813835144,0.18600957095623016,-0.09674505889415741,0.999256432056427,0.5748106241226196,0.32534900307655334,-0.09977292269468307,0.9281811118125916,0.422771155834198,0.327522337436676,-0.1508493721485138,0.8029089570045471,0.5618869662284851,0.40161776542663574,-0.30799734592437744,0.9331462383270264,0.43391871452331543,0.41943487524986267,-0.36080384254455566,0.7268126606941223,0.5583060383796692,0.43894636631011963,-0.357976496219635,0.9164632558822632,0.43739789724349976,0.45257461071014404,-0.41850414872169495,0.7034681439399719,0.5471381545066833,0.4204455614089966,-0.3859843611717224,0.9285844564437866,0.44801825284957886,0.4338158965110779,-0.43949374556541443,0.7121405601501465,0.5447262525558472,0.4109185039997101,-0.3223741352558136,0.915903627872467,0.4502784311771393,0.42325955629348755,-0.3752809464931488,0.7128702402114868,0.5300935506820679,0.45064777135849,0.007286131381988525,0.9999308586120605,0.4645821452140808,0.46063512563705444,-0.0074729048646986485,0.9999127388000488,0.5260075926780701,0.6449897289276123,-0.0919322818517685,0.8793495893478394,0.4660648703575134,0.6509058475494385,-0.0436524897813797,0.8604743480682373,0.5228296518325806,0.8506016135215759,0.09199155867099762,0.919963538646698,0.4834311008453369,0.8528776168823242,0.12149814516305923,0.9134077429771423,0.5202254056930542,0.8674934506416321,0.1003243699669838,0.6183474063873291,0.49119168519973755,0.8685674667358398,0.13279469311237335,0.602323591709137,0.5119968056678772,0.934529721736908,-0.05799198895692825,0.9104630351066589,0.48773178458213806,0.9372310042381287,-0.014347421936690807,0.8805989027023315,jumpingjack
0.49354082345962524,0.013339465484023094,-0.2551904022693634,0.9970284700393677,0.49784356355667114,-0.004925687797367573,-0.24106450378894806,0.9898861050605774,0.502041220664978,-0.003965792246162891,-0.24137604236602783,0.9906864762306213,0.5062593221664429,-0.003049618098884821,-0.24138081073760986,0.9933738708496094,0.4879988729953766,-0.004013909492641687,-0.243740513920784,0.9929998517036438,0.48467817902565,-0.0023565376177430153,-0.2440873384475708,0.9939937591552734,0.48095449805259705,-0.0009192953584715724,-0.244296595454216,0.9947660565376282,0.5127991437911987,0.006766635924577713,-0.14573083817958832,0.9947101473808289,0.47429805994033813,0.011137918569147587,-0.15499871969223022,0.9887180328369141,0.4999549984931946,0.03726343438029289,-0.21687927842140198,0.9969615340232849,0.4889497756958008,0.03922087699174881,-0.22177883982658386,0.9968109130859375,0.5530375242233276,0.12552447617053986,-0.0781862661242485,0.9998390078544617,0.43580538034439087,0.14396624267101288,-0.10023556649684906,0.9992642402648926,0.5890432000160217,0.21838584542274475,-0.12202342599630356,0.9174956679344177,0.41862526535987854,0.30631113052368164,-0.12064562737941742,0.7781354784965515,0.645708441734314,0.2415028214454651,-0.33603471517562866,0.9236043095588684,0.41966843605041504,0.3837651014328003,-0.21739637851715088,0.6694150567054749,0.662443995475769,0.25281891226768494,-0.3785269260406494,0.9060235023498535,0.4203587472438812,0.4228026866912842,-0.24822454154491425,0.6452019810676575,0.6558409929275513,0.24064315855503082,-0.4078913629055023,0.9195546507835388,0.4283820688724518,0.4171704947948456,-0.2768934667110443,0.6542659997940063,0.6485279202461243,0.2395029217004776,-0.35322999954223633,0.9040737152099609,0.42993393540382385,0.40690723061561584,-0.23248830437660217,0.6546161770820618,0.5298424363136292,0.42472225427627563,0.008882599882781506,0.9999361634254456,0.46459436416625977,0.4287152588367462,-0.009090607985854149,0.999918520450592,0.5276289582252502,0.6205689311027527,-0.07705578207969666,0.879431426525116,0.4573310315608978,0.6239483952522278,-0.09719971567392349,0.8636434674263,0.5492193698883057,0.8310464024543762,0.08250268548727036,0.9232562780380249,0.4656437039375305,0.8275582194328308,0.07784425467252731,0.9157907366752625,0.5404901504516602,0.8451654314994812,0.09006558358669281,0.6153377890586853,0.47410982847213745,0.8417874574661255,0.09021700918674469,0.595212996006012,0.5628741383552551,0.9257714748382568,-0.06479917466640472,0.9123753905296326,0.46777358651161194,0.9195017218589783,-0.04803522303700447,0.8819271326065063,jumpingjack
0.49242907762527466,0.09245032072067261,-0.3063957393169403,0.9972791075706482,0.49721255898475647,0.07627265900373459,-0.29220762848854065,0.9906101226806641,0.5016992092132568,0.07615326344966888,-0.2924855351448059,0.9913003444671631,0.5061020851135254,0.0762118324637413,-0.2924996018409729,0.993811309337616,0.48759573698043823,0.07601555436849594,-0.2965511977672577,0.993557333946228,0.4843849241733551,0.07610581070184708,-0.2969132959842682,0.994455099105835,0.4806463122367859,0.07605460286140442,-0.29710501432418823,0.9951691627502441,0.5120855569839478,0.085403673350811,-0.18868853151798248,0.9950195550918579,0.4743087887763977,0.08585336804389954,-0.20518264174461365,0.9895306825637817,0.4985663890838623,0.11328842490911484,-0.2631673514842987,0.9970645308494568,0.488059937953949,0.11214672029018402,-0.27030736207962036,0.9969313144683838,0.5561999082565308,0.18143464624881744,-0.11752899736166,0.9998073577880859,0.43284907937049866,0.1802872270345688,-0.14110663533210754,0.9991652369499207,0.6294307708740234,0.13870978355407715,-0.14446069300174713,0.9186562299728394,0.35931795835494995,0.1671326458454132,-0.22909387946128845,0.7924953699111938,0.6872303485870361,0.03891567885875702,-0.33095940947532654,0.9221466779708862,0.31094875931739807,0.06130164489150047,-0.3668290078639984,0.6877565979957581,0.706676185131073,0.020405221730470657,-0.32783693075180054,0.9028573036193848,0.2948558032512665,0.04063640534877777,-0.40190768241882324,0.6587668657302856,0.7042241096496582,0.00857484806329012,-0.3613912761211395,0.9169820547103882,0.297220379114151,0.02814439684152603,-0.4211581349372864,0.6682301163673401,0.6971166133880615,0.017201485112309456,-0.33587801456451416,0.9023410081863403,0.303610622882843,0.03545160964131355,-0.38261860609054565,0.669509768486023,0.5310337543487549,0.4927155673503876,0.008460992015898228,0.9999253153800964,0.46362629532814026,0.4900159537792206,-0.008664755150675774,0.9999033212661743,0.5633925795555115,0.6897595524787903,-0.11427450180053711,0.8701280951499939,0.4329829812049866,0.6643002033233643,-0.17517539858818054,0.850871741771698,0.602374792098999,0.8994532823562622,0.014914335682988167,0.9098450541496277,0.4280093312263489,0.8754172325134277,-0.011670159175992012,0.8955927491188049,0.6009711623191833,0.9282611608505249,0.01885242946445942,0.6013710498809814,0.43794625997543335,0.9039178490638733,-0.0005198701983317733,0.5799739360809326,0.6143907308578491,0.9607542157173157,-0.11892876774072647,0.8940549492835999,0.4016183316707611,0.9626173973083496,-0.11977489292621613,0.8546944260597229,jumpingjack
0.4917147159576416,0.09003887325525284,-0.2939203381538391,0.9975426197052002,0.49531984329223633,0.0613517239689827,-0.2762766480445862,0.99150151014328,0.4996080994606018,0.05998309329152107,-0.27658623456954956,0.9921305775642395,0.5043731927871704,0.05954061076045036,-0.27656084299087524,0.9943850040435791,0.4862671494483948,0.06074841693043709,-0.2811989188194275,0.9941757321357727,0.48283177614212036,0.05917099490761757,-0.28151699900627136,0.9949929714202881,0.4785754680633545,0.05793556198477745,-0.281673789024353,0.9956309199333191,0.5103268623352051,0.06872060894966125,-0.15764059126377106,0.9954842925071716,0.47211700677871704,0.06332293152809143,-0.17854364216327667,0.9905368685722351,0.4975643754005432,0.10217577964067459,-0.24626536667346954,0.9973258972167969,0.48680543899536133,0.10172108560800552,-0.25441041588783264,0.9972104430198669,0.5514115691184998,0.1711239069700241,-0.08800601214170456,0.9998173117637634,0.4305203855037689,0.165808767080307,-0.12877632677555084,0.9992287158966064,0.6218296885490417,0.16973721981048584,-0.1750064641237259,0.9096726179122925,0.3584977984428406,0.17052020132541656,-0.2585528790950775,0.8046846985816956,0.672432005405426,0.11576315760612488,-0.40225282311439514,0.9215258955955505,0.3083471655845642,0.08403979241847992,-0.48184728622436523,0.7168655395507812,0.6929898858070374,0.09817527234554291,-0.4403316080570221,0.9054902791976929,0.29099327325820923,0.057779453694820404,-0.532051682472229,0.6907867789268494,0.6885159015655518,0.08193042129278183,-0.46920958161354065,0.9195424318313599,0.2972533106803894,0.04819691926240921,-0.5471466779708862,0.699531614780426,0.6801148653030396,0.08889180421829224,-0.4203401505947113,0.9052877426147461,0.3050534427165985,0.05878452584147453,-0.4981728494167328,0.7003777027130127,0.5308414697647095,0.4863396883010864,0.010867531411349773,0.999927818775177,0.4620892107486725,0.48623427748680115,-0.011060618795454502,0.9999076128005981,0.5600599050521851,0.6566888093948364,-0.11248602718114853,0.8784750699996948,0.43612319231033325,0.6533432006835938,-0.12071578204631805,0.8614568114280701,0.5943289995193481,0.8647765517234802,0.0413062646985054,0.9159305095672607,0.4263554513454437,0.8693673610687256,0.03500163182616234,0.9037618637084961,0.5927823781967163,0.8866101503372192,0.04783962666988373,0.626612663269043,0.43605417013168335,0.8946727514266968,0.04478039965033531,0.6047611832618713,0.6088988184928894,0.9490280151367188,-0.09279967844486237,0.9018004536628723,0.4160057604312897,0.9584725499153137,-0.08858782798051834,0.8654398918151855,jumpingjack
0.491274893283844,0.04098263382911682,-0.33723241090774536,0.9977341294288635,0.49533724784851074,0.018137598410248756,-0.32095396518707275,0.9922090768814087,0.49980610609054565,0.017155999317765236,-0.3213038742542267,0.9927720427513123,0.5045273900032043,0.01633826270699501,-0.3212599456310272,0.9948468804359436,0.4856337010860443,0.01925569772720337,-0.3230976462364197,0.9946523904800415,0.48202067613601685,0.018970344215631485,-0.323457270860672,0.9954040050506592,0.47769466042518616,0.018636252731084824,-0.3236694633960724,0.995997965335846,0.5104120969772339,0.025474291294813156,-0.20229406654834747,0.9958340525627136,0.47165775299072266,0.0260203555226326,-0.21061067283153534,0.9912423491477966,0.4976414144039154,0.05760331079363823,-0.2885354161262512,0.997559666633606,0.4863061308860779,0.057862892746925354,-0.29318150877952576,0.9974533319473267,0.5513612031936646,0.1535036265850067,-0.11316776275634766,0.9998331665992737,0.43482112884521484,0.1380382478237152,-0.12663212418556213,0.999296247959137,0.5861413478851318,0.277544230222702,-0.15315407514572144,0.91579669713974,0.40527406334877014,0.23884478211402893,-0.1572803258895874,0.8191569447517395,0.5708910822868347,0.35724127292633057,-0.34034204483032227,0.9283804893493652,0.3892204761505127,0.3383917808532715,-0.39247357845306396,0.7431886792182922,0.5659436583518982,0.3876968324184418,-0.377259761095047,0.9136374592781067,0.3895723223686218,0.36714446544647217,-0.4741361141204834,0.7191041707992554,0.5545873045921326,0.36568471789360046,-0.4066855311393738,0.9264611005783081,0.3944571316242218,0.34939005970954895,-0.4506569504737854,0.7273190021514893,0.5530210733413696,0.35627514123916626,-0.35768187046051025,0.9128913879394531,0.397258996963501,0.3397408723831177,-0.41998934745788574,0.727046012878418,0.526360273361206,0.4288196265697479,0.009008689783513546,0.9999294281005859,0.461581289768219,0.4304778277873993,-0.009201216511428356,0.9999100565910339,0.5319779515266418,0.6336988806724548,0.0007637286325916648,0.883213460445404,0.4592372477054596,0.6380090117454529,-0.050543226301670074,0.8690786361694336,0.5313147306442261,0.8420091271400452,0.14373084902763367,0.9218992590904236,0.474567174911499,0.8424311280250549,0.12054586410522461,0.9103167057037354,0.527164876461029,0.85857754945755,0.14829599857330322,0.6366691589355469,0.48241162300109863,0.8595157861709595,0.1316615790128708,0.6150149703025818,0.5226807594299316,0.9399184584617615,-0.012973551638424397,0.908988893032074,0.4766291677951813,0.9462171196937561,-0.014915162697434425,0.8748903870582581,jumpingjack
0.4910179078578949,0.08305323868989944,-0.3277062773704529,0.997948169708252,0.4954094886779785,0.0654478371143341,-0.31114456057548523,0.992962658405304,0.499943345785141,0.06698475778102875,-0.31148338317871094,0.9934688210487366,0.5046662092208862,0.06829918920993805,-0.3114524185657501,0.9953416585922241,0.4852655529975891,0.06571879237890244,-0.31358757615089417,0.9951693415641785,0.4817744195461273,0.06603674590587616,-0.313944011926651,0.9958493709564209,0.477579265832901,0.06676866114139557,-0.3141535222530365,0.9963859915733337,0.5102940797805786,0.08003212511539459,-0.19659952819347382,0.9962279200553894,0.4716922640800476,0.07832920551300049,-0.20578999817371368,0.9920753240585327,0.4974732995033264,0.10565990954637527,-0.28075680136680603,0.9977903366088867,0.48582878708839417,0.10355420410633087,-0.28595855832099915,0.99769526720047,0.5497832894325256,0.20908716320991516,-0.11324407905340195,0.999847412109375,0.4350290894508362,0.21297475695610046,-0.12989036738872528,0.999360203742981,0.5661906003952026,0.3666870594024658,-0.1328648179769516,0.9229631423950195,0.423137903213501,0.3683486580848694,-0.16015177965164185,0.8353575468063354,0.5410041809082031,0.4495197832584381,-0.3112069368362427,0.9349672794342041,0.4520084261894226,0.45422932505607605,-0.35754790902137756,0.7681695818901062,0.5358290672302246,0.48645198345184326,-0.36527958512306213,0.9215944409370422,0.45892611145973206,0.48537835478782654,-0.4040818214416504,0.7462608814239502,0.5239855051040649,0.46796634793281555,-0.38966166973114014,0.9332143664360046,0.4682883620262146,0.46715477108955383,-0.414393812417984,0.753744900226593,0.5221990346908569,0.4541160464286804,-0.3232264220714569,0.9206603169441223,0.46962013840675354,0.45342808961868286,-0.3910377323627472,0.7530024647712708,0.5260082483291626,0.48490461707115173,0.008172613568603992,0.999933660030365,0.46145281195640564,0.48875999450683594,-0.008362151682376862,0.999915599822998,0.5247920155525208,0.6786876916885376,0.019558962434530258,0.8927403092384338,0.4628879427909851,0.6835343837738037,-0.012463001534342766,0.879208505153656,0.5186710953712463,0.8545944094657898,0.17952553927898407,0.9285017848014832,0.4847489893436432,0.8547624945640564,0.15509934723377228,0.9179216027259827,0.5160229802131653,0.8672258853912354,0.18712513148784637,0.66072016954422,0.4926670491695404,0.8690384030342102,0.16653254628181458,0.6415203809738159,0.5156387090682983,0.9424753189086914,0.0540110245347023,0.9166736006736755,0.4798533022403717,0.9450393915176392,0.04489683359861374,0.8855381011962891,jumpingjack
0.48997169733047485,0.017657022923231125,-0.26521727442741394,0.9977089762687683,0.4943648874759674,0.0011367567349225283,-0.2515309751033783,0.9922869801521301,0.4984935224056244,0.0015155330765992403,-0.2518205940723419,0.9928387403488159,0.5029051899909973,0.0017174058593809605,-0.2518147826194763,0.9949202537536621,0.48472315073013306,0.002107385778799653,-0.2524791359901428,0.9946363568305969,0.4812186360359192,0.0032709946390241385,-0.25281772017478943,0.9953706860542297,0.4770558476448059,0.004319304134696722,-0.25302329659461975,0.9959936141967773,0.5096060037612915,0.013346603140234947,-0.15964749455451965,0.9958935976028442,0.47137945890426636,0.017809636890888214,-0.1609496772289276,0.9912768602371216,0.49644365906715393,0.03952532261610031,-0.22804057598114014,0.9977816343307495,0.48542946577072144,0.03998969495296478,-0.2305644452571869,0.9976564645767212,0.5498625040054321,0.149702250957489,-0.10069437325000763,0.9998582601547241,0.43654531240463257,0.15511104464530945,-0.09929008781909943,0.9993884563446045,0.5775279402732849,0.2923359274864197,-0.1727275550365448,0.920557975769043,0.41594964265823364,0.3270157277584076,-0.10413970053195953,0.8107472062110901,0.5729941129684448,0.37472763657569885,-0.4083673357963562,0.9329022765159607,0.4183221757411957,0.38714897632598877,-0.20961785316467285,0.7225601077079773,0.5931750535964966,0.37103399634361267,-0.4603149890899658,0.9200788736343384,0.4205102026462555,0.42631542682647705,-0.24307282269001007,0.699058473110199,0.5788918137550354,0.3544146418571472,-0.48733729124069214,0.9320259094238281,0.42596524953842163,0.4287237524986267,-0.2736091911792755,0.7084249258041382,0.5677840113639832,0.3531912565231323,-0.42513400316238403,0.9178439378738403,0.42897337675094604,0.4195513129234314,-0.22717416286468506,0.7074387669563293,0.5258926153182983,0.4035447835922241,0.005356294102966785,0.9999373555183411,0.4614940583705902,0.40480831265449524,-0.005590986926108599,0.9999197125434875,0.526502788066864,0.6117645502090454,-0.012552130036056042,0.8828643560409546,0.46086016297340393,0.6168829798698425,-0.036856960505247116,0.8738451600074768,0.5329498052597046,0.8318544030189514,0.07268781960010529,0.9301756620407104,0.4752824902534485,0.8302775621414185,0.06272752583026886,0.9192851185798645,0.5314566493034363,0.8492485880851746,0.06989561021327972,0.6491377353668213,0.4906436502933502,0.848189651966095,0.06513358652591705,0.6323277354240417,0.5284229516983032,0.927727997303009,-0.10265277326107025,0.9184372425079346,0.4746328890323639,0.9315891861915588,-0.0883120521903038,0.8875795602798462,jumpingjack
0.4900082051753998,0.030964573845267296,-0.3466653823852539,0.9979286193847656,0.493929386138916,0.009544992819428444,-0.33485427498817444,0.9929991364479065,0.49786657094955444,0.009549926035106182,-0.33518460392951965,0.9935026168823242,0.5022342801094055,0.009802033193409443,-0.33518874645233154,0.9953836798667908,0.48473525047302246,0.006300595123320818,-0.33842718601226807,0.9951352477073669,0.48123854398727417,0.004649322014302015,-0.3387760519981384,0.9958024024963379,0.47707319259643555,0.006121646147221327,-0.338957816362381,0.9963589906692505,0.5073492527008057,0.02100510522723198,-0.2304592877626419,0.996276319026947,0.47026053071022034,0.021020397543907166,-0.24414706230163574,0.9920732975006104,0.49553051590919495,0.047616492956876755,-0.3023465871810913,0.9979628920555115,0.48534005880355835,0.04656662791967392,-0.30829522013664246,0.9978410601615906,0.5501400232315063,0.15185381472110748,-0.14388911426067352,0.9998611211776733,0.4284273684024811,0.14955396950244904,-0.1588437855243683,0.9993735551834106,0.6170458793640137,0.15603600442409515,-0.1591813862323761,0.9264399409294128,0.3517893850803375,0.15435189008712769,-0.19825159013271332,0.826322078704834,0.6767523288726807,0.08794847875833511,-0.28208571672439575,0.9382415413856506,0.2884698212146759,0.08341670781373978,-0.2951108515262604,0.7456128001213074,0.6985155940055847,0.06174206733703613,-0.3031308054924011,0.9259335398674011,0.27326735854148865,0.0629468783736229,-0.2952449321746826,0.7218113541603088,0.6911118626594543,0.04923716187477112,-0.33638614416122437,0.9371662139892578,0.27456429600715637,0.05326702818274498,-0.33711329102516174,0.7313787937164307,0.6818488836288452,0.057864561676979065,-0.3004494607448578,0.9241977334022522,0.2792602479457855,0.06273174285888672,-0.316379576921463,0.7312972545623779,0.5259732007980347,0.4060039520263672,0.004746051039546728,0.9999357461929321,0.46124178171157837,0.40734362602233887,-0.004999634809792042,0.9999157190322876,0.5498625040054321,0.6491777300834656,-0.007952873595058918,0.8844272494316101,0.44022664427757263,0.6424807906150818,0.008213700726628304,0.868844747543335,0.5972713232040405,0.8734405636787415,0.07560596615076065,0.9330654740333557,0.4318958818912506,0.8458876609802246,0.1548875868320465,0.9196164608001709,0.5976885557174683,0.9046517014503479,0.08132804930210114,0.6615279316902161,0.43997374176979065,0.8642120361328125,0.16301509737968445,0.6386644244194031,0.6067196130752563,0.9440076947212219,-0.07616119831800461,0.9223164916038513,0.4309663772583008,0.9373754858970642,0.02980567142367363,0.8887565732002258,jumpingjack
0.4889459013938904,0.06674759835004807,-0.259009450674057,0.9981293082237244,0.493039071559906,0.0467628538608551,-0.24105533957481384,0.9936684966087341,0.4973941445350647,0.046992212533950806,-0.24135717749595642,0.994125485420227,0.501995861530304,0.047520000487565994,-0.24133631587028503,0.9958215951919556,0.4831250309944153,0.04509040340781212,-0.24280211329460144,0.9956006407737732,0.47942882776260376,0.0448397621512413,-0.2431093454360962,0.996203601360321,0.47496169805526733,0.04623230919241905,-0.24325677752494812,0.9967014193534851,0.5071461200714111,0.05736055225133896,-0.134621724486351,0.9966311454772949,0.46905121207237244,0.05690879747271538,-0.14063040912151337,0.9928160309791565,0.494952529668808,0.08700881898403168,-0.21659155189990997,0.9981362819671631,0.48380932211875916,0.08827260881662369,-0.2204238623380661,0.9980181455612183,0.5532683730125427,0.17635446786880493,-0.08424820750951767,0.999862551689148,0.4273498058319092,0.16971524059772491,-0.09038441628217697,0.9993298053741455,0.6208765506744385,0.16176481544971466,-0.15830186009407043,0.9279951453208923,0.3521798253059387,0.16315707564353943,-0.19122982025146484,0.8299698233604431,0.667462944984436,0.06640969961881638,-0.3233417868614197,0.9397165775299072,0.30046769976615906,0.06280636042356491,-0.32962509989738464,0.7531810998916626,0.6860580444335938,0.04014965519309044,-0.35250213742256165,0.9276414513587952,0.282020628452301,0.034910161048173904,-0.356938898563385,0.7280583381652832,0.6828649640083313,0.02481394074857235,-0.37161868810653687,0.9385208487510681,0.28437918424606323,0.022803355008363724,-0.37261542677879333,0.7380260825157166,0.6741621494293213,0.0335683599114418,-0.33845290541648865,0.926198422908783,0.2914153039455414,0.03237812966108322,-0.3458409607410431,0.7406826019287109,0.5257326364517212,0.47248339653015137,0.005750162992626429,0.9999366402626038,0.456533282995224,0.4671822786331177,-0.005994122009724379,0.9999150037765503,0.5591065883636475,0.6636202931404114,-0.053241066634655,0.8903973698616028,0.43626993894577026,0.6716348528862,-0.02077801153063774,0.871123194694519,0.6017383337020874,0.877656102180481,0.07408599555492401,0.9357193112373352,0.42944949865341187,0.8609839677810669,0.1350160539150238,0.9214736819267273,0.5995769500732422,0.9074002504348755,0.0797162652015686,0.6741136908531189,0.43729346990585327,0.8797673583030701,0.14491084218025208,0.6465576887130737,0.6115264892578125,0.9509903192520142,-0.06774809211492538,0.9254553914070129,0.42296379804611206,0.9415522813796997,0.01450416911393404,0.8903123736381531,jumpingjack
0.4890068471431732,0.01509765163064003,-0.3227783441543579,0.9979661703109741,0.49313482642173767,-0.0034996559843420982,-0.310041606426239,0.9933558106422424,0.49749359488487244,-0.002953647868707776,-0.3103696405887604,0.9938122034072876,0.5021302700042725,-0.002404814586043358,-0.31037837266921997,0.9957053661346436,0.4832611680030823,-0.002503630705177784,-0.3129205107688904,0.9951485991477966,0.47955766320228577,-0.001209648558869958,-0.3132665455341339,0.9956969022750854,0.47510677576065063,9.280754602514207e-05,-0.31347379088401794,0.9962798953056335,0.5071966648101807,0.005818153265863657,-0.20184293389320374,0.9965118169784546,0.46914535760879517,0.0094086779281497,-0.21196348965168,0.9914320111274719,0.49503836035728455,0.03713800385594368,-0.2772187888622284,0.9981367588043213,0.4838557243347168,0.040069133043289185,-0.28229406476020813,0.9979355931282043,0.5534196496009827,0.13744930922985077,-0.11374621093273163,0.9998733997344971,0.4317980408668518,0.12656572461128235,-0.1279108077287674,0.9993420243263245,0.6109611392021179,0.20050527155399323,-0.17812500894069672,0.9264593720436096,0.3963524401187897,0.21880261600017548,-0.14895933866500854,0.7901971340179443,0.6429523229598999,0.24045301973819733,-0.4148697257041931,0.9390304684638977,0.40690240263938904,0.341677188873291,-0.25464513897895813,0.6874265074729919,0.655602216720581,0.2623436152935028,-0.46880730986595154,0.9267114996910095,0.41367286443710327,0.381158709526062,-0.29027944803237915,0.6638136506080627,0.6530636548995972,0.2413765788078308,-0.4960002899169922,0.9377109408378601,0.41651278734207153,0.37751126289367676,-0.3186378479003906,0.6737110018730164,0.6457620859146118,0.23528438806533813,-0.4316251277923584,0.9232261776924133,0.4187260568141937,0.3623412251472473,-0.2701636552810669,0.6758343577384949,0.5257987380027771,0.39939773082733154,0.0062337955459952354,0.999940812587738,0.4572300910949707,0.39877933263778687,-0.006474129855632782,0.9999195337295532,0.542789101600647,0.6199593544006348,-0.0031820652075111866,0.8845749497413635,0.449242502450943,0.627804160118103,-0.027486156672239304,0.8711938858032227,0.5594694018363953,0.8302790522575378,0.11838729679584503,0.9379137754440308,0.4552425444126129,0.8333661556243896,0.13028638064861298,0.9245156645774841,0.5542134642601013,0.8484055399894714,0.1210164874792099,0.6671367287635803,0.4596358835697174,0.84913170337677,0.1423555314540863,0.6418217420578003,0.5672235488891602,0.9234390258789062,-0.05444248393177986,0.9273201823234558,0.45270052552223206,0.9237104058265686,-0.027230773121118546,0.8933109045028687,jumpingjack
0.4892430901527405,0.0673784390091896,-0.31998634338378906,0.9981621503829956,0.4948042333126068,0.0544319823384285,-0.299629271030426,0.9940056204795837,0.49905315041542053,0.05556699261069298,-0.2999713122844696,0.9944156408309937,0.5031636953353882,0.05659462511539459,-0.2999109625816345,0.9961220026016235,0.48364120721817017,0.05321146547794342,-0.3026641607284546,0.9956241250038147,0.47993120551109314,0.05344967171549797,-0.30300644040107727,0.9961197972297668,0.47575777769088745,0.05387135222554207,-0.30322232842445374,0.9966455101966858,0.5079631805419922,0.0678243339061737,-0.17799332737922668,0.9968482255935669,0.4700252413749695,0.0654163733124733,-0.19100698828697205,0.9922683238983154,0.49551016092300415,0.0887201651930809,-0.2698725461959839,0.9983146786689758,0.48414164781570435,0.08628004789352417,-0.2759687602519989,0.9981343746185303,0.5494385957717896,0.20201614499092102,-0.10099144279956818,0.9998834729194641,0.43353089690208435,0.19455090165138245,-0.11019402742385864,0.9994025826454163,0.5694910287857056,0.3495488166809082,-0.1167127713561058,0.9322976469993591,0.41868939995765686,0.3401866555213928,-0.14434096217155457,0.8088687062263489,0.5370603799819946,0.4223288595676422,-0.29302915930747986,0.9443033337593079,0.45091933012008667,0.4243711233139038,-0.3026352524757385,0.7178090810775757,0.5305088758468628,0.4600713551044464,-0.3410142660140991,0.9331300258636475,0.4604428708553314,0.45560625195503235,-0.3597995638847351,0.6963668465614319,0.5202538967132568,0.4410075843334198,-0.36454156041145325,0.9431367516517639,0.46956300735473633,0.43654826283454895,-0.37480294704437256,0.7053758502006531,0.5192363262176514,0.4276449978351593,-0.30453211069107056,0.9296233057975769,0.4703931212425232,0.4219122529029846,-0.3114159107208252,0.7067044377326965,0.5260714888572693,0.45992228388786316,0.0038375314325094223,0.9999423027038574,0.461997926235199,0.46478956937789917,-0.004027535207569599,0.9999231100082397,0.5266508460044861,0.6700537800788879,0.04364105686545372,0.8933062553405762,0.4617440104484558,0.6684842705726624,-0.004314817488193512,0.8812242150306702,0.5264252424240112,0.8514484763145447,0.20164401829242706,0.9428015947341919,0.48568591475486755,0.8536575436592102,0.14299464225769043,0.9308464527130127,0.5275148153305054,0.8645272254943848,0.20897209644317627,0.6875060200691223,0.49353569746017456,0.8685598373413086,0.1524629145860672,0.6660631895065308,0.5178217887878418,0.9272207617759705,0.06389202177524567,0.933188259601593,0.48025304079055786,0.9296702742576599,0.010901246219873428,0.902389407157898,jumpingjack
0.4900719225406647,0.04229043424129486,-0.2592102885246277,0.9982608556747437,0.4950285851955414,0.030036309733986855,-0.2390679568052292,0.9943787455558777,0.4992963373661041,0.03090236708521843,-0.239397332072258,0.9947236776351929,0.503407895565033,0.03117986023426056,-0.2393863946199417,0.9963353276252747,0.48407283425331116,0.028322534635663033,-0.24271944165229797,0.9959191679954529,0.48027998208999634,0.028285253793001175,-0.24298572540283203,0.9963844418525696,0.4762588143348694,0.028199074789881706,-0.24315783381462097,0.9968778491020203,0.5080016255378723,0.043910227715969086,-0.12724579870700836,0.9970445036888123,0.4700050950050354,0.04238346964120865,-0.14244994521141052,0.99278324842453,0.4961211085319519,0.0634380429983139,-0.21583645045757294,0.998452365398407,0.4843207001686096,0.06229989230632782,-0.22233755886554718,0.9982870221138,0.5479310750961304,0.1829075962305069,-0.07544539123773575,0.99989253282547,0.4342772364616394,0.1881166696548462,-0.08877149969339371,0.9994495511054993,0.571803629398346,0.30175191164016724,-0.12861518561840057,0.934043824672699,0.4227214455604553,0.30452460050582886,-0.18221352994441986,0.8160517811775208,0.5674232840538025,0.35976752638816833,-0.3421841263771057,0.9476256370544434,0.4178125262260437,0.38142135739326477,-0.4239199161529541,0.7414305806159973,0.5649499893188477,0.3910800814628601,-0.3994479477405548,0.9372861981391907,0.4180954098701477,0.4160176217556,-0.48657384514808655,0.7220382690429688,0.5558239221572876,0.3774012625217438,-0.42652544379234314,0.946668803691864,0.42312827706336975,0.4062325358390808,-0.5102078914642334,0.7308106422424316,0.5534664392471313,0.36659911274909973,-0.3576525151729584,0.9332058429718018,0.42626553773880005,0.394279807806015,-0.44115033745765686,0.7298547029495239,0.5259455442428589,0.4411379098892212,0.004865284077823162,0.9999426007270813,0.46212977170944214,0.45157620310783386,-0.0050343298353254795,0.9999237656593323,0.5245659947395325,0.6471391320228577,0.011478151194751263,0.8757563829421997,0.46668991446495056,0.659035325050354,-0.017254535108804703,0.8553148508071899,0.5240243077278137,0.8339160680770874,0.16937369108200073,0.9286816716194153,0.4832516312599182,0.8402113914489746,0.1410662829875946,0.9162511229515076,0.5210858583450317,0.8421637415885925,0.1782456785440445,0.6503933072090149,0.4885362684726715,0.8493037819862366,0.1513267457485199,0.6264355778694153,0.5175145268440247,0.9218740463256836,0.03287787735462189,0.9221944212913513,0.4917713701725006,0.9287993311882019,0.009738156571984291,0.8877984285354614,jumpingjack
0.48715299367904663,0.004950304049998522,-0.2613542675971985,0.9962772130966187,0.49115943908691406,-0.015613233670592308,-0.24953846633434296,0.9868126511573792,0.49530228972435,-0.01560936402529478,-0.24984626471996307,0.9880248308181763,0.49938297271728516,-0.01565324328839779,-0.24987244606018066,0.9920511841773987,0.48036080598831177,-0.013253578916192055,-0.2529676854610443,0.9910300374031067,0.4765418469905853,-0.011410926468670368,-0.25333911180496216,0.9919165372848511,0.4726913571357727,-0.009884502738714218,-0.2535674571990967,0.9932364225387573,0.5057498812675476,-0.0044694519601762295,-0.15087881684303284,0.9939635396003723,0.4674457609653473,0.003093516221269965,-0.16317839920520782,0.9858192801475525,0.4942789077758789,0.02856019325554371,-0.22277085483074188,0.9974318146705627,0.48297324776649475,0.031671565026044846,-0.22844544053077698,0.9971204996109009,0.5477966070175171,0.126784086227417,-0.08587320148944855,0.9998961687088013,0.4340646266937256,0.1411702036857605,-0.09860407561063766,0.9993939995765686,0.5894123315811157,0.19640032947063446,-0.1240367442369461,0.9251342415809631,0.41405123472213745,0.2840399444103241,-0.09553976356983185,0.7678042650222778,0.6561298370361328,0.16380861401557922,-0.30337008833885193,0.9333681464195251,0.4101070463657379,0.3913852572441101,-0.1524435579776764,0.6704187989234924,0.6759440302848816,0.1441776007413864,-0.34031054377555847,0.9202837347984314,0.40406307578086853,0.41379377245903015,-0.17251411080360413,0.6524161100387573,0.666366696357727,0.12621141970157623,-0.3690390884876251,0.9320266842842102,0.4092768132686615,0.4088851809501648,-0.20503714680671692,0.6605901122093201,0.657341480255127,0.13262751698493958,-0.3200569450855255,0.9157776236534119,0.4124574065208435,0.3958417773246765,-0.1685953587293625,0.6601617336273193,0.5257163643836975,0.4179324209690094,0.0027104441542178392,0.9999473690986633,0.46055489778518677,0.42370718717575073,-0.0029225628823041916,0.9999295473098755,0.5397482514381409,0.634606122970581,-0.007501029409468174,0.8815963268280029,0.4483991265296936,0.6483031511306763,-0.018177099525928497,0.8628334403038025,0.5667742490768433,0.8299141526222229,0.12842126190662384,0.933034360408783,0.441415935754776,0.8410056829452515,0.10008268058300018,0.9222843050956726,0.5644174218177795,0.8442754745483398,0.1336042433977127,0.6491928696632385,0.4471959173679352,0.8593440651893616,0.10643364489078522,0.6368896961212158,0.5782564282417297,0.9236663579940796,-0.020624130964279175,0.9253587126731873,0.43094462156295776,0.929624080657959,-0.034986913204193115,0.8946036696434021,jumpingjack
0.4839729368686676,0.07731819897890091,-0.2744632363319397,0.9964308142662048,0.4882425367832184,0.060840506106615067,-0.2595653235912323,0.9868057370185852,0.49212974309921265,0.061793264001607895,-0.2598749101161957,0.9878673553466797,0.4963620603084564,0.06322406977415085,-0.2598850131034851,0.9917157292366028,0.4777544438838959,0.060664620250463486,-0.2628420293331146,0.9912910461425781,0.47374477982521057,0.061546798795461655,-0.2631959021091461,0.9921845197677612,0.470103919506073,0.06271778047084808,-0.26341432332992554,0.993404746055603,0.5025197863578796,0.07807482033967972,-0.15723896026611328,0.9937788844108582,0.4661708474159241,0.07556510716676712,-0.16985134780406952,0.9862775802612305,0.4905568063259125,0.10083314031362534,-0.23323842883110046,0.9968017339706421,0.4781021475791931,0.09977272897958755,-0.23893249034881592,0.996584951877594,0.5467733144760132,0.1760442554950714,-0.09841960668563843,0.9997470378875732,0.4250490665435791,0.18546268343925476,-0.10695946216583252,0.9989864826202393,0.6080259680747986,0.13614754378795624,-0.1523313671350479,0.9079993367195129,0.3573780953884125,0.16326090693473816,-0.21878650784492493,0.7699934244155884,0.6705212593078613,0.022415997460484505,-0.2949526607990265,0.8965179324150085,0.3132520318031311,0.06599152088165283,-0.3649686872959137,0.6696549654006958,0.6888439655303955,-0.01275450550019741,-0.32231032848358154,0.8859493136405945,0.2927961051464081,0.03606380149722099,-0.3999711275100708,0.6493291258811951,0.6852642297744751,-0.027186963707208633,-0.347774863243103,0.901219367980957,0.2909355163574219,0.025282958522439003,-0.4146207869052887,0.6583815217018127,0.6786011457443237,-0.013850633054971695,-0.3108440339565277,0.887153685092926,0.29962918162345886,0.03878716006875038,-0.379950612783432,0.6616777777671814,0.5258063077926636,0.4949600100517273,0.0017574705416336656,0.9999381899833679,0.4584183096885681,0.49803873896598816,-0.002004201989620924,0.9999188780784607,0.5555495023727417,0.6972261071205139,-0.028068047016859055,0.8749338388442993,0.41901078820228577,0.6882005333900452,-0.02662692964076996,0.8520856499671936,0.5995725393295288,0.8883351683616638,0.10830477625131607,0.9302555322647095,0.41407451033592224,0.8833076357841492,0.09770654886960983,0.9200810194015503,0.6003811359405518,0.91761714220047,0.11356814205646515,0.645422637462616,0.42133504152297974,0.9070727229118347,0.10511547327041626,0.6368176341056824,0.6065419912338257,0.9617676734924316,-0.027781616896390915,0.9193861484527588,0.39328789710998535,0.9489256739616394,-0.02965221367776394,0.8868694305419922,jumpingjack
0.48118656873703003,0.03230666741728783,-0.17113833129405975,0.99582839012146,0.4853546619415283,0.014851905405521393,-0.16132012009620667,0.9849360585212708,0.48924964666366577,0.014479702338576317,-0.1616036593914032,0.9858260154724121,0.49348726868629456,0.013834545388817787,-0.16163118183612823,0.990581750869751,0.47569361329078674,0.01707582175731659,-0.16039052605628967,0.990039587020874,0.47213053703308105,0.018490038812160492,-0.16080360114574432,0.991051971912384,0.4685496389865875,0.01965068280696869,-0.16103027760982513,0.9927146434783936,0.5015443563461304,0.018207872286438942,-0.07811558246612549,0.9923709630966187,0.46592551469802856,0.027059314772486687,-0.07089383155107498,0.9836220145225525,0.488337904214859,0.04944424703717232,-0.13520823419094086,0.9963117241859436,0.47771644592285156,0.05220803618431091,-0.1352708637714386,0.9960612654685974,0.5471524000167847,0.11229226738214493,-0.012267358601093292,0.9997648596763611,0.4284891188144684,0.12401321530342102,-0.01273240428417921,0.9990518689155579,0.6069170236587524,0.16437403857707977,-0.03074631467461586,0.9031038880348206,0.40369781851768494,0.2081136852502823,0.0034061376936733723,0.7398715019226074,0.6604426503181458,0.12317685782909393,-0.18562088906764984,0.8940972089767456,0.42246729135513306,0.35463762283325195,-0.07486042380332947,0.620029866695404,0.6782166957855225,0.11301710456609726,-0.21932271122932434,0.8807973265647888,0.4218836724758148,0.3960435688495636,-0.09953446686267853,0.598717451095581,0.6730180978775024,0.09772077202796936,-0.24816279113292694,0.8969249129295349,0.43113428354263306,0.3937969505786896,-0.1297202706336975,0.6079464554786682,0.6654659509658813,0.1017187088727951,-0.20128366351127625,0.881007730960846,0.43279677629470825,0.3750966489315033,-0.0901147872209549,0.6104748845100403,0.5234474539756775,0.4059790372848511,-0.00043357498361729085,0.9999430775642395,0.4570028781890869,0.4075438678264618,0.00017348708934150636,0.999924898147583,0.5445775389671326,0.6347000002861023,-0.038424473255872726,0.8721047639846802,0.4330379366874695,0.6272151470184326,-0.028606008738279343,0.8537027835845947,0.5742601156234741,0.8492791056632996,0.05648259073495865,0.9300575256347656,0.4227747917175293,0.8639205098152161,0.07569396495819092,0.9217528700828552,0.5656942129135132,0.8682571649551392,0.056447118520736694,0.6293320655822754,0.434093177318573,0.890991747379303,0.07958490401506424,0.6291232109069824,0.6036521196365356,0.9446238279342651,-0.09879668802022934,0.9161574244499207,0.39978456497192383,0.9364246726036072,-0.06190175563097,0.8868764042854309,jumpingjack
0.4830268919467926,0.03602074459195137,-0.17848613858222961,0.9962374567985535,0.4884639382362366,0.017363445833325386,-0.19048674404621124,0.9864221215248108,0.4932478070259094,0.017804834991693497,-0.190968856215477,0.9872206449508667,0.49797868728637695,0.018395310267806053,-0.19135084748268127,0.9915061593055725,0.47799643874168396,0.018921183422207832,-0.20026734471321106,0.9910236597061157,0.4745423197746277,0.020354636013507843,-0.2006518393754959,0.9919368624687195,0.4709916114807129,0.02141481265425682,-0.20094004273414612,0.9934357404708862,0.5043389201164246,0.024493545293807983,-0.11807169020175934,0.9931134581565857,0.46679362654685974,0.028550857678055763,-0.12321416288614273,0.9852356314659119,0.49054527282714844,0.056076616048812866,-0.16361099481582642,0.9966734647750854,0.4788786768913269,0.05663696303963661,-0.1763237863779068,0.9964489936828613,0.5472403764724731,0.13231870532035828,-0.052124179899692535,0.9997868537902832,0.43382006883621216,0.1395106166601181,-0.054741669446229935,0.9991442561149597,0.584378719329834,0.27752161026000977,-0.07933086156845093,0.9106698632240295,0.4102552831172943,0.28227531909942627,-0.060552068054676056,0.7641119956970215,0.5697442293167114,0.35802552103996277,-0.2493879348039627,0.903956413269043,0.4234100878238678,0.3859356641769409,-0.20086327195167542,0.6575831770896912,0.564661979675293,0.39630791544914246,-0.2681806683540344,0.8917879462242126,0.42838039994239807,0.42745110392570496,-0.23894664645195007,0.6381641030311584,0.5532896518707275,0.37653592228889465,-0.29577526450157166,0.9064341187477112,0.43934378027915955,0.41106757521629333,-0.2639702558517456,0.6465560793876648,0.5516880750656128,0.36577144265174866,-0.26590171456336975,0.8916323184967041,0.44079405069351196,0.39734870195388794,-0.21574625372886658,0.6484923958778381,0.5236170291900635,0.41713523864746094,-0.0004036081372760236,0.999941885471344,0.45768117904663086,0.4198295474052429,0.00015092655667103827,0.9999262094497681,0.5233706831932068,0.6380904912948608,-0.024127628654241562,0.8703928589820862,0.46193939447402954,0.6289939880371094,-0.029371017590165138,0.8578962683677673,0.5284004211425781,0.8513861894607544,0.07214713841676712,0.9310288429260254,0.4780859351158142,0.8638682961463928,0.0693231076002121,0.9237885475158691,0.5269603729248047,0.8704134821891785,0.0726064145565033,0.6236013770103455,0.4885123670101166,0.8881686925888062,0.07365422695875168,0.6241203546524048,0.5228236317634583,0.945586085319519,-0.0865996778011322,0.9194169640541077,0.4786762297153473,0.9465102553367615,-0.07428418844938278,0.8920478820800781,jumpingjack
0.483455091714859,0.05947040393948555,-0.30026698112487793,0.9965930581092834,0.48987188935279846,0.03928491845726967,-0.2832787334918976,0.9877349734306335,0.4956817626953125,0.039849258959293365,-0.283648282289505,0.9884488582611084,0.5006197690963745,0.040295541286468506,-0.2836416959762573,0.9923165440559387,0.4785308241844177,0.03937863931059837,-0.28545886278152466,0.9918934106826782,0.47526565194129944,0.03999752551317215,-0.28581178188323975,0.9927208423614502,0.4721829891204834,0.039935123175382614,-0.28603413701057434,0.9940747618675232,0.5073881149291992,0.04788034409284592,-0.16445927321910858,0.993753969669342,0.4678615629673004,0.049111004918813705,-0.16851654648780823,0.9866475462913513,0.4914077818393707,0.0819271057844162,-0.25464120507240295,0.9969847202301025,0.4790315628051758,0.07932939380407333,-0.2592019736766815,0.9967861771583557,0.5474151372909546,0.1786697953939438,-0.07966393977403641,0.9998039603233337,0.43404197692871094,0.1871328353881836,-0.0918009877204895,0.9992232918739319,0.5687125325202942,0.32423272728919983,-0.10228711366653442,0.9154626727104187,0.41955727338790894,0.32920870184898376,-0.11671517044305801,0.784498929977417,0.5533596873283386,0.39971500635147095,-0.31054478883743286,0.9120018482208252,0.43142151832580566,0.4244650900363922,-0.3115479350090027,0.6909961104393005,0.5487616658210754,0.4393981099128723,-0.35823261737823486,0.9009382724761963,0.43809834122657776,0.4545883536338806,-0.36586159467697144,0.6732526421546936,0.5379544496536255,0.4181593060493469,-0.38696423172950745,0.9143592119216919,0.4467659890651703,0.4381491243839264,-0.3902541697025299,0.6809594631195068,0.5362645387649536,0.4059727191925049,-0.32551345229148865,0.9002314805984497,0.44796496629714966,0.4249323904514313,-0.3266218304634094,0.6821268200874329,0.5237371921539307,0.4506211578845978,0.002663246588781476,0.9999408721923828,0.4593961834907532,0.4552779197692871,-0.002883180510252714,0.9999273419380188,0.5229488015174866,0.6500788331031799,0.005261101759970188,0.8709144592285156,0.4665690064430237,0.6512302160263062,-0.024457043036818504,0.8618710041046143,0.5221868753433228,0.851839542388916,0.13905613124370575,0.9326000213623047,0.4870334267616272,0.8633231520652771,0.11772717535495758,0.9265381097793579,0.518984317779541,0.8708309531211853,0.14355593919754028,0.6254220604896545,0.4948407709598541,0.8871048092842102,0.12635163962841034,0.6246626973152161,0.5166078209877014,0.9453480839729309,-0.011878917925059795,0.9227356314659119,0.4915293753147125,0.9490914940834045,-0.021290216594934464,0.897005021572113,jumpingjack
0.4838297367095947,0.025763556361198425,-0.296247661113739,0.9961737394332886,0.48997968435287476,0.005686085671186447,-0.27587080001831055,0.9861026406288147,0.4956166744232178,0.004641558509320021,-0.27620548009872437,0.9870827794075012,0.500306248664856,0.003414385486394167,-0.27618086338043213,0.9911149740219116,0.4787423610687256,0.008645768277347088,-0.27869316935539246,0.9908109307289124,0.4755077362060547,0.009530199691653252,-0.2790142893791199,0.9920252561569214,0.47237730026245117,0.009653567336499691,-0.27920886874198914,0.993389904499054,0.5069350004196167,0.007759720087051392,-0.16187837719917297,0.9930650591850281,0.46791306138038635,0.016223996877670288,-0.16785869002342224,0.9852202534675598,0.4915462136268616,0.043242380023002625,-0.253373920917511,0.9966912269592285,0.4804667830467224,0.04580562934279442,-0.25639066100120544,0.9964014887809753,0.5487090349197388,0.12088175117969513,-0.07768771797418594,0.9998131990432739,0.43433889746665955,0.14107030630111694,-0.07740092277526855,0.9992336630821228,0.5845037698745728,0.2392284870147705,-0.0984012559056282,0.9106809496879578,0.4133688807487488,0.32334426045417786,-0.10479585826396942,0.778640866279602,0.6356845498085022,0.2655312120914459,-0.2793305814266205,0.9123655557632446,0.35506290197372437,0.3320818841457367,-0.28956836462020874,0.6969557404518127,0.6528315544128418,0.2612496614456177,-0.31237417459487915,0.8997997045516968,0.3172258734703064,0.29024362564086914,-0.34874865412712097,0.6775519251823425,0.6483393907546997,0.2389078140258789,-0.34627312421798706,0.9139926433563232,0.31339409947395325,0.28232839703559875,-0.3566482365131378,0.6883917450904846,0.6403974294662476,0.23948168754577637,-0.2973344922065735,0.8990203738212585,0.32130688428878784,0.2849927544593811,-0.30289000272750854,0.6880517601966858,0.5246288776397705,0.41383349895477295,0.002199586946517229,0.9999421834945679,0.4604673385620117,0.41839301586151123,-0.002424919977784157,0.9999284148216248,0.5301356315612793,0.6226187944412231,-0.008395276963710785,0.8750742673873901,0.4613019824028015,0.6276456713676453,-0.06439246237277985,0.8690199851989746,0.531599223613739,0.8305326700210571,0.13459792733192444,0.935113787651062,0.47787636518478394,0.8311589360237122,0.1223674863576889,0.9278866648674011,0.5270997881889343,0.8454323410987854,0.14163677394390106,0.6249483823776245,0.4861384928226471,0.8463398218154907,0.13622210919857025,0.6186684966087341,0.5485311150550842,0.9349762201309204,-0.01133851520717144,0.9252966046333313,0.47977137565612793,0.9268724918365479,-0.0021505127660930157,0.8986929059028625,jumpingjack
0.48532018065452576,0.09767620265483856,-0.3005429208278656,0.9965547919273376,0.4925532341003418,0.07711644470691681,-0.2826617360115051,0.9874853491783142,0.497830331325531,0.07696202397346497,-0.28297287225723267,0.9883670210838318,0.5019896626472473,0.07718019187450409,-0.28294259309768677,0.991996705532074,0.479658842086792,0.07914207875728607,-0.2844773232936859,0.9917261004447937,0.47606244683265686,0.08010206371545792,-0.2848370671272278,0.9928193092346191,0.47255855798721313,0.08093912154436111,-0.2850157618522644,0.9940474033355713,0.5078152418136597,0.0881986916065216,-0.17190970480442047,0.9937523603439331,0.46803826093673706,0.08989934623241425,-0.17677848041057587,0.9866889715194702,0.49365362524986267,0.11699338257312775,-0.256187379360199,0.9970073699951172,0.4807625710964203,0.11771267652511597,-0.25954920053482056,0.9967460632324219,0.5568106174468994,0.1889549046754837,-0.10809353739023209,0.9998137354850769,0.4301019608974457,0.19315344095230103,-0.09772662818431854,0.9992591142654419,0.6234865188598633,0.16127793490886688,-0.11793144047260284,0.9162896275520325,0.35819339752197266,0.18602421879768372,-0.1498105674982071,0.7979478240013123,0.6805154085159302,0.0682668387889862,-0.23142366111278534,0.9178647398948669,0.2982230484485626,0.09057782590389252,-0.2802639305591583,0.7227796912193298,0.7016279697418213,0.045083049684762955,-0.24966832995414734,0.9046820998191833,0.2753618359565735,0.0708342120051384,-0.30285289883613586,0.7013964653015137,0.6995449066162109,0.0335463210940361,-0.28148502111434937,0.9184064865112305,0.2748216986656189,0.06506211310625076,-0.3201877772808075,0.7119976282119751,0.6915397047996521,0.042431432753801346,-0.24873948097229004,0.9049087762832642,0.28168219327926636,0.07081891596317291,-0.2954687178134918,0.7123735547065735,0.5272932648658752,0.5029747486114502,-0.007062760181725025,0.9999386072158813,0.4602976441383362,0.5055708289146423,0.006787954363971949,0.9999231696128845,0.5543074607849121,0.6945986151695251,-0.08715784549713135,0.8802969455718994,0.43112286925315857,0.6866754293441772,-0.004634025041013956,0.8624857068061829,0.5952585935592651,0.8922303915023804,0.04385288059711456,0.9286753535270691,0.4220345914363861,0.8700960874557495,0.15973547101020813,0.9166682362556458,0.6009975075721741,0.9232762455940247,0.04976383596658707,0.6279128193855286,0.4308090806007385,0.893962025642395,0.17116856575012207,0.6206621527671814,0.5977095365524292,0.9722237586975098,-0.0715215802192688,0.9185972809791565,0.39527279138565063,0.9272643327713013,0.0690961480140686,0.8863890767097473,jumpingjack
0.4853896200656891,0.05852103233337402,-0.25887683033943176,0.9968476891517639,0.4924694001674652,0.032781559973955154,-0.243677020072937,0.9885157346725464,0.49774307012557983,0.03126612678170204,-0.2439945489168167,0.989334762096405,0.5019868612289429,0.029894880950450897,-0.24397432804107666,0.9926431775093079,0.47974300384521484,0.034591056406497955,-0.24627581238746643,0.992382287979126,0.47610893845558167,0.034132566303014755,-0.24664492905139923,0.9933852553367615,0.47260230779647827,0.03323709964752197,-0.24682798981666565,0.9944846034049988,0.5078063607215881,0.037039827555418015,-0.1396823525428772,0.9942212700843811,0.46806639432907104,0.03941710665822029,-0.14845044910907745,0.9875364899635315,0.4937131404876709,0.07433628290891647,-0.2161603420972824,0.9971067905426025,0.48087209463119507,0.07479268312454224,-0.22096388041973114,0.9968087673187256,0.5544244050979614,0.14750652015209198,-0.0781051516532898,0.9998220205307007,0.4309186339378357,0.15040630102157593,-0.07679862529039383,0.9992049336433411,0.6158639192581177,0.18284276127815247,-0.11892418563365936,0.9105969667434692,0.37069693207740784,0.20765209197998047,-0.12882192432880402,0.7804616689682007,0.6676636934280396,0.13613511621952057,-0.28211772441864014,0.9119192361831665,0.30615514516830444,0.177891343832016,-0.2393297255039215,0.6775818467140198,0.6876515746116638,0.1171339601278305,-0.30442458391189575,0.8954285383224487,0.2829758822917938,0.1722492277622223,-0.26068976521492004,0.652635931968689,0.6802641153335571,0.10213696956634521,-0.3335578739643097,0.9105749726295471,0.283042848110199,0.16412734985351562,-0.289009690284729,0.6648321151733398,0.6721030473709106,0.10953737795352936,-0.2999706268310547,0.8963445425033569,0.2916608452796936,0.1675150841474533,-0.2579409182071686,0.6683509349822998,0.5258533954620361,0.44549882411956787,-0.0031080038752406836,0.9999414682388306,0.45995721220970154,0.44023364782333374,0.002867509378120303,0.9999246001243591,0.5550453662872314,0.6546944975852966,-0.07459995150566101,0.8838366866111755,0.4353177547454834,0.6378338932991028,-0.06652970612049103,0.8670067191123962,0.5887284278869629,0.8898429274559021,0.022141318768262863,0.9309113025665283,0.42511072754859924,0.8515635132789612,0.047422297298908234,0.9191394448280334,0.5896075963973999,0.9192060828208923,0.022982709109783173,0.63111412525177,0.43533530831336975,0.8725396990776062,0.05342165380716324,0.6242902278900146,0.5961180925369263,0.9670627117156982,-0.11606504768133163,0.9198107123374939,0.41172853112220764,0.9271738529205322,-0.06766889989376068,0.8884787559509277,jumpingjack
0.484050989151001,0.025288531556725502,-0.26792338490486145,0.9969969391822815,0.48995882272720337,0.0008916497463360429,-0.2557142376899719,0.9891565442085266,0.4950650632381439,-0.0002324674278497696,-0.25602906942367554,0.9898802042007446,0.4995810389518738,-0.0015685801627114415,-0.25597628951072693,0.9930099844932556,0.47778552770614624,0.0032751811668276787,-0.25166648626327515,0.9928030967712402,0.47403082251548767,0.003809412010014057,-0.2520122528076172,0.9937738180160522,0.4704225957393646,0.0038227250333875418,-0.25222188234329224,0.9948339462280273,0.5067704916000366,0.004540671594440937,-0.15994144976139069,0.9944912195205688,0.4675690531730652,0.010801431722939014,-0.1507965475320816,0.98832106590271,0.4922420084476471,0.04141508415341377,-0.2289656400680542,0.9973344802856445,0.4804718494415283,0.04446475952863693,-0.22506852447986603,0.9970656633377075,0.5541783571243286,0.13644316792488098,-0.08978693932294846,0.9998366832733154,0.4338284432888031,0.1293286681175232,-0.07915370911359787,0.9992777705192566,0.5970004796981812,0.23637138307094574,-0.15266169607639313,0.9168561100959778,0.40069618821144104,0.24142278730869293,-0.12343202531337738,0.7999159693717957,0.6040874719619751,0.3122099041938782,-0.3793545663356781,0.9201220273971558,0.39194053411483765,0.3432500958442688,-0.30335548520088196,0.7093263268470764,0.6025647521018982,0.34973567724227905,-0.435397207736969,0.9051337838172913,0.39733806252479553,0.3814288377761841,-0.35728761553764343,0.6866457462310791,0.5917335748672485,0.3327236473560333,-0.4646971821784973,0.9188781380653381,0.40452438592910767,0.3675276041030884,-0.3852364420890808,0.6977304816246033,0.5885935425758362,0.3208959102630615,-0.3957241177558899,0.9056054353713989,0.40668755769729614,0.3507196307182312,-0.32074570655822754,0.700507640838623,0.5239437818527222,0.4238976240158081,-0.0028158097993582487,0.9999389052391052,0.4586234986782074,0.42298707365989685,0.002575263846665621,0.9999237060546875,0.526556134223938,0.6257333755493164,-0.03316548094153404,0.8691181540489197,0.4562212824821472,0.6396297216415405,-0.04563327506184578,0.8618119955062866,0.5325224995613098,0.867949366569519,0.0870329737663269,0.9299136996269226,0.4678367078304291,0.8517941236495972,0.09690777212381363,0.9175096750259399,0.5294952988624573,0.8833300471305847,0.08897028863430023,0.6188934445381165,0.4737229347229004,0.869847297668457,0.10493575036525726,0.6100050210952759,0.5188542008399963,0.9581047892570496,-0.1080295592546463,0.920825183391571,0.47381168603897095,0.9366675615310669,-0.050558168441057205,0.8894323706626892,jumpingjack
0.4841999411582947,0.07956988364458084,-0.3097352385520935,0.9972537755966187,0.49017539620399475,0.06201479211449623,-0.29350095987319946,0.9901497960090637,0.4956681728363037,0.06296835094690323,-0.29387593269348145,0.9908022284507751,0.49987873435020447,0.06391161680221558,-0.2938386797904968,0.9936373233795166,0.4779844284057617,0.06036060303449631,-0.2959040403366089,0.9934607148170471,0.4742472767829895,0.06062135845422745,-0.29627475142478943,0.9943499565124512,0.4705814719200134,0.06112522631883621,-0.2965157926082611,0.9953123331069946,0.5066203474998474,0.0742952898144722,-0.1865331083536148,0.9949729442596436,0.4674832224845886,0.07260296493768692,-0.19823428988456726,0.9893679618835449,0.49216610193252563,0.10017289966344833,-0.2659039795398712,0.9975612759590149,0.48013871908187866,0.09885340929031372,-0.2710210680961609,0.9973220229148865,0.5494478940963745,0.207743838429451,-0.11253146827220917,0.9998494386672974,0.4328898787498474,0.20535987615585327,-0.12793517112731934,0.9993410110473633,0.5642796158790588,0.3659053444862366,-0.13676634430885315,0.9233410358428955,0.41755709052085876,0.36853107810020447,-0.1467975676059723,0.8169323205947876,0.5313347578048706,0.4511423707008362,-0.2978231608867645,0.9270005226135254,0.45449399948120117,0.4592708945274353,-0.29468458890914917,0.7371983528137207,0.5235527157783508,0.4882220923900604,-0.34356483817100525,0.913381814956665,0.4648348391056061,0.49017059803009033,-0.3426148593425751,0.7164840698242188,0.5155549049377441,0.4672725200653076,-0.3660460114479065,0.925886869430542,0.4730195105075836,0.46668505668640137,-0.36333149671554565,0.7266104221343994,0.514981746673584,0.4511092007160187,-0.3075021207332611,0.9133548140525818,0.4728884696960449,0.45114389061927795,-0.30774176120758057,0.7283696532249451,0.5239889025688171,0.4898304045200348,0.0016924543306231499,0.9999405145645142,0.45973435044288635,0.49433326721191406,-0.0018755414057523012,0.9999262690544128,0.5217813849449158,0.6863405108451843,0.03572899475693703,0.8780203461647034,0.46224290132522583,0.6875718832015991,-0.03108428418636322,0.8712945580482483,0.518785834312439,0.8806909322738647,0.1964273601770401,0.9347537755966187,0.4814906716346741,0.8760206699371338,0.13113738596439362,0.9233753085136414,0.5168284177780151,0.8973946571350098,0.20434100925922394,0.639249324798584,0.48788294196128845,0.8916953206062317,0.142278254032135,0.6298579573631287,0.5108689069747925,0.9617735743522644,0.06621422618627548,0.9262842535972595,0.48090845346450806,0.9556320309638977,0.01180342584848404,0.8972826600074768,jumpingjack
0.48583945631980896,0.021705539897084236,-0.2726600766181946,0.9969913959503174,0.4916688799858093,0.002495541237294674,-0.25803142786026,0.9892836213111877,0.4969533383846283,0.0028994351159781218,-0.2583775222301483,0.9900242686271667,0.5012930631637573,0.003410298377275467,-0.25837475061416626,0.993102490901947,0.4793005585670471,0.002436704933643341,-0.2603999376296997,0.9927147626876831,0.4755822718143463,0.0031869434751570225,-0.26076510548591614,0.9937620162963867,0.47190895676612854,0.0038807056844234467,-0.2610049843788147,0.9947938919067383,0.5069376826286316,0.012916015461087227,-0.15189625322818756,0.9947127103805542,0.46765822172164917,0.014455684460699558,-0.1617622673511505,0.9882709980010986,0.493643581867218,0.04412725940346718,-0.22929160296916962,0.9975945353507996,0.48145589232444763,0.043763745576143265,-0.23413117229938507,0.9973241090774536,0.5480098128318787,0.13364297151565552,-0.07069604098796844,0.9998610019683838,0.4334091544151306,0.14457634091377258,-0.08348380029201508,0.9993776679039001,0.5725022554397583,0.2915080189704895,-0.06048644334077835,0.9249709844589233,0.4118455946445465,0.3009348213672638,-0.09294990450143814,0.8159182667732239,0.5767567157745361,0.3344514071941376,-0.20947781205177307,0.9322589635848999,0.39668887853622437,0.3824283182621002,-0.24037675559520721,0.748151957988739,0.576442301273346,0.3532530963420868,-0.24260394275188446,0.9190242290496826,0.3860517144203186,0.38954994082450867,-0.27795806527137756,0.7265352010726929,0.565412700176239,0.33769044280052185,-0.27785009145736694,0.9308174848556519,0.38198983669281006,0.3743187487125397,-0.31382817029953003,0.7381370067596436,0.565434992313385,0.3297177851200104,-0.226175457239151,0.9186230301856995,0.38670676946640015,0.3651301860809326,-0.2599232792854309,0.7381575703620911,0.5231304168701172,0.4149015545845032,0.005030627362430096,0.9999418258666992,0.4588319659233093,0.4173525869846344,-0.005277997814118862,0.9999266862869263,0.5244766473770142,0.6290486454963684,0.010051634162664413,0.8773536682128906,0.45985251665115356,0.6314815878868103,-0.04335973784327507,0.8745991587638855,0.5317360162734985,0.8452088832855225,0.141865074634552,0.9379814267158508,0.47400593757629395,0.8410243391990662,0.11303462833166122,0.9261351227760315,0.5303431153297424,0.8635436296463013,0.14693203568458557,0.6357460021972656,0.48477476835250854,0.8563294410705566,0.12332360446453094,0.6194214224815369,0.5251133441925049,0.9439577460289001,0.0640241950750351,0.9298204779624939,0.4708709716796875,0.9462388157844543,-0.03050510212779045,0.9007840156555176,jumpingjack
0.48612579703330994,0.027478573843836784,-0.3119118809700012,0.9972449541091919,0.49167075753211975,0.007992323487997055,-0.2999917268753052,0.990206778049469,0.4969485402107239,0.008251684717833996,-0.3003150522708893,0.9908953309059143,0.5013526678085327,0.008590077981352806,-0.30033066868782043,0.9936930537223816,0.47957462072372437,0.007864984683692455,-0.3030989468097687,0.9933251142501831,0.4757784307003021,0.00819189939647913,-0.30349433422088623,0.9942721128463745,0.4719204902648926,0.00834013894200325,-0.30373358726501465,0.9951898455619812,0.5068779587745667,0.017934057861566544,-0.1972992867231369,0.9951754808425903,0.46689337491989136,0.019169805571436882,-0.2101232260465622,0.9892159104347229,0.4936988949775696,0.048726845532655716,-0.26737645268440247,0.9976820945739746,0.4814625680446625,0.048962634056806564,-0.27332326769828796,0.997410774230957,0.5436445474624634,0.13593578338623047,-0.10530431568622589,0.9998667240142822,0.4327191412448883,0.13912442326545715,-0.1165391057729721,0.9992993474006653,0.6057090163230896,0.203774556517601,-0.0862138494849205,0.9271925687789917,0.4119611382484436,0.28854259848594666,-0.037204310297966,0.76446133852005,0.680614709854126,0.16085991263389587,-0.19642333686351776,0.9312857389450073,0.43874281644821167,0.3643293082714081,0.019088178873062134,0.6755207180976868,0.7040640711784363,0.1466250717639923,-0.21642553806304932,0.9159020781517029,0.4473235607147217,0.38860079646110535,0.017139658331871033,0.6558235883712769,0.6992446184158325,0.13100211322307587,-0.24564674496650696,0.928422749042511,0.44827762246131897,0.3756224811077118,-0.0025820271112024784,0.6664438843727112,0.6903353333473206,0.135792076587677,-0.21091993153095245,0.9159852266311646,0.44573020935058594,0.363756000995636,0.011513445526361465,0.6668075323104858,0.5229535102844238,0.42015185952186584,0.002910927403718233,0.9999443292617798,0.4579540193080902,0.42106136679649353,-0.003062549512833357,0.9999259114265442,0.5481904745101929,0.6363669037818909,-0.017775926738977432,0.8839887380599976,0.4381231665611267,0.6410449147224426,-0.02891748771071434,0.8811329007148743,0.5977505445480347,0.8709572553634644,0.06303700804710388,0.9418967962265015,0.4262036383152008,0.853991687297821,0.11203603446483612,0.9306660294532776,0.6040054559707642,0.9041019678115845,0.06324822455644608,0.649398922920227,0.4335874021053314,0.8757100701332092,0.12059421837329865,0.6334952712059021,0.6010902523994446,0.9556684494018555,-0.08912600576877594,0.933435320854187,0.4130646586418152,0.9480723738670349,-0.02822817489504814,0.9053307771682739,jumpingjack
0.48538774251937866,0.06850665807723999,-0.2671659290790558,0.9975152611732483,0.49117332696914673,0.05098361521959305,-0.24824471771717072,0.9911535978317261,0.49642324447631836,0.051933273673057556,-0.24849946796894073,0.9917716979980469,0.5010045766830444,0.053299255669116974,-0.24846747517585754,0.9942968487739563,0.47950249910354614,0.05228544399142265,-0.2506867051124573,0.9939748644828796,0.4757939875125885,0.05383046343922615,-0.2510360777378082,0.9948278069496155,0.4718700051307678,0.0550539493560791,-0.2511900067329407,0.9956543445587158,0.5066629648208618,0.06539967656135559,-0.1420460045337677,0.995628833770752,0.4668532907962799,0.06612063944339752,-0.1521284431219101,0.9902525544166565,0.4930350184440613,0.09235034883022308,-0.22489969432353973,0.9978838562965393,0.4801451563835144,0.09088253229856491,-0.2300662249326706,0.997637927532196,0.5499160289764404,0.18317195773124695,-0.08407287299633026,0.9998623132705688,0.42903223633766174,0.1743590086698532,-0.10903210937976837,0.9993097186088562,0.6279708743095398,0.1653369814157486,-0.08802895992994308,0.9320008158683777,0.35511401295661926,0.16699254512786865,-0.1532820165157318,0.7846709489822388,0.6903740167617798,0.08837438374757767,-0.2322867214679718,0.9353232979774475,0.296316921710968,0.08494237810373306,-0.2507343590259552,0.7013601660728455,0.7123520374298096,0.06880412995815277,-0.2544817328453064,0.9196377396583557,0.27790454030036926,0.07410688698291779,-0.27428191900253296,0.6783308982849121,0.7090757489204407,0.05662587657570839,-0.2859233617782593,0.9317476749420166,0.27803143858909607,0.06650181114673615,-0.2939029335975647,0.6889076828956604,0.7002230882644653,0.06329751759767532,-0.24898548424243927,0.9204089045524597,0.2847958207130432,0.07265325635671616,-0.26749187707901,0.6905443072319031,0.5229653120040894,0.5012776255607605,0.005679018795490265,0.9999395608901978,0.4533061385154724,0.494287371635437,-0.005864919628947973,0.9999184608459473,0.5610499382019043,0.6854640245437622,-0.1449286788702011,0.8872478008270264,0.4259811341762543,0.6660484671592712,-0.21094301342964172,0.8840152025222778,0.6064833402633667,0.9024757146835327,-0.015546734444797039,0.9354159832000732,0.4164724349975586,0.8716952800750732,-0.03104504570364952,0.9179232716560364,0.6076785326004028,0.9321708679199219,-0.010659860447049141,0.6462037563323975,0.42555156350135803,0.9006187319755554,-0.01741940900683403,0.6220805644989014,0.6134098768234253,0.9688296914100647,-0.1404460221529007,0.9255881905555725,0.39499467611312866,0.9476560950279236,-0.12762001156806946,0.8894491195678711,jumpingjack
0.48608654737472534,0.021967105567455292,-0.32092565298080444,0.9976602792739868,0.49212580919265747,0.0014813875313848257,-0.3072511553764343,0.9915670156478882,0.49708494544029236,0.0011453265324234962,-0.3075777292251587,0.9921419620513916,0.5015495419502258,0.0009628534317016602,-0.3075370490550995,0.9945113658905029,0.48073211312294006,0.00417238799855113,-0.3062992990016937,0.9942637085914612,0.47722071409225464,0.005220030900090933,-0.30670440196990967,0.9951018691062927,0.47356104850769043,0.005686079617589712,-0.3069218695163727,0.9958876371383667,0.5072546005249023,0.006948921363800764,-0.20164024829864502,0.9957138895988464,0.4684627056121826,0.01173229981213808,-0.1953457146883011,0.9906072020530701,0.4939359128475189,0.04165022447705269,-0.27720117568969727,0.9978898167610168,0.48139357566833496,0.045796118676662445,-0.2776390016078949,0.9976633787155151,0.5500057935714722,0.12944702804088593,-0.11273012310266495,0.9998689293861389,0.4330330789089203,0.12438122183084488,-0.10775139182806015,0.999359130859375,0.6153621673583984,0.16687314212322235,-0.0922468900680542,0.9279618263244629,0.36549505591392517,0.19785207509994507,-0.0930706188082695,0.7912219166755676,0.6720017790794373,0.23512625694274902,-0.1984349489212036,0.9290869235992432,0.31421729922294617,0.13787944614887238,-0.18527618050575256,0.712455153465271,0.6858892440795898,0.2599726915359497,-0.21837589144706726,0.9067820310592651,0.29708465933799744,0.19805878400802612,-0.20632509887218475,0.6809067130088806,0.676670253276825,0.25088953971862793,-0.25706443190574646,0.9210434556007385,0.2953498959541321,0.21585966646671295,-0.24707329273223877,0.6944882273674011,0.6693501472473145,0.24483299255371094,-0.21640102565288544,0.9091042876243591,0.30182719230651855,0.21916349232196808,-0.20700761675834656,0.6968303322792053,0.5224944353103638,0.40553778409957886,0.0054581379517912865,0.9999421238899231,0.4552900791168213,0.40403568744659424,-0.005635412409901619,0.9999225735664368,0.5471950173377991,0.6243663430213928,-0.022809471935033798,0.8810378313064575,0.4436820447444916,0.6180055141448975,-0.04276029020547867,0.8811353445053101,0.5670173764228821,0.8457834124565125,0.08333255350589752,0.9355518221855164,0.4427233338356018,0.8409327268600464,0.08208072185516357,0.9192267656326294,0.5599175095558167,0.863679826259613,0.08355925977230072,0.6384652256965637,0.4474276006221771,0.8600865006446838,0.08722380548715591,0.6108981966972351,0.5837647318840027,0.9392627477645874,-0.08599478006362915,0.9266371726989746,0.4365195631980896,0.9314048886299133,-0.0881069153547287,0.8918638825416565,jumpingjack
0.48744139075279236,0.04800635948777199,-0.3515018820762634,0.9978897571563721,0.49398159980773926,0.029436267912387848,-0.3336506485939026,0.9923996329307556,0.4990106523036957,0.0310940183699131,-0.33398622274398804,0.992916464805603,0.5035709142684937,0.032724469900131226,-0.3339289128780365,0.9950515031814575,0.4820128381252289,0.027658110484480858,-0.3364238739013672,0.9948298931121826,0.4783141613006592,0.028076227754354477,-0.33679378032684326,0.9955854415893555,0.4747355580329895,0.028768979012966156,-0.3369978666305542,0.9962937831878662,0.5079025030136108,0.04211802035570145,-0.2143082171678543,0.996131956577301,0.46911779046058655,0.03940483555197716,-0.22544431686401367,0.9915264844894409,0.49470433592796326,0.07049515843391418,-0.3024407923221588,0.9980944395065308,0.4817386269569397,0.07010619342327118,-0.30798786878585815,0.9978910684585571,0.5463640093803406,0.17012286186218262,-0.12348687648773193,0.999880850315094,0.4330295920372009,0.1680191606283188,-0.13056792318820953,0.9994199275970459,0.5663134455680847,0.31386998295783997,-0.09353359788656235,0.9340915679931641,0.40462440252304077,0.31100690364837646,-0.1040908470749855,0.810125470161438,0.5434148907661438,0.42543259263038635,-0.21796074509620667,0.935492992401123,0.42205801606178284,0.415785551071167,-0.20520217716693878,0.7401543259620667,0.535165011882782,0.4666498005390167,-0.24918146431446075,0.9150695204734802,0.4273703992366791,0.4557206332683563,-0.24940066039562225,0.7111726999282837,0.5243825912475586,0.44834983348846436,-0.2803056240081787,0.9280188083648682,0.4383372366428375,0.44389215111732483,-0.2731615900993347,0.7235608100891113,0.5233790278434753,0.43544015288352966,-0.23116108775138855,0.9167865514755249,0.44057711958885193,0.4304029643535614,-0.20762619376182556,0.7249929308891296,0.5218446254730225,0.43543747067451477,0.005317577626556158,0.9999449253082275,0.45515379309654236,0.44029363989830017,-0.005495909601449966,0.999926745891571,0.5241268873214722,0.6442697048187256,0.0042990585789084435,0.890438973903656,0.4587651193141937,0.6589014530181885,-0.019886214286088943,0.8901970982551575,0.5262423753738403,0.8496933579444885,0.14214245975017548,0.9406188130378723,0.4792250990867615,0.8438228964805603,0.12116537243127823,0.9259992837905884,0.5246293544769287,0.866153359413147,0.14743582904338837,0.6584194302558899,0.4874420166015625,0.8625319600105286,0.12972891330718994,0.634405255317688,0.5202657580375671,0.9398285150527954,0.006180440075695515,0.9325451850891113,0.4750416874885559,0.93193519115448,-0.004796394146978855,0.9010254144668579,jumpingjack
0.48822325468063354,0.04512399435043335,-0.3361741304397583,0.9980598092079163,0.4949890673160553,0.02530806139111519,-0.3179050087928772,0.993061900138855,0.5003474950790405,0.027231786400079727,-0.3182467222213745,0.9935161471366882,0.5055758357048035,0.029146984219551086,-0.31820613145828247,0.9954625964164734,0.48246556520462036,0.022739466279745102,-0.3197749853134155,0.9952862858772278,0.4786476194858551,0.02281166985630989,-0.32012122869491577,0.995976984500885,0.4750633239746094,0.023356178775429726,-0.3203384280204773,0.9966244697570801,0.509850800037384,0.03902341425418854,-0.19951385259628296,0.9964396953582764,0.46907347440719604,0.03565581515431404,-0.2067273110151291,0.9922563433647156,0.49617910385131836,0.06855008006095886,-0.28837013244628906,0.9982614517211914,0.4819541573524475,0.06693845987319946,-0.29258790612220764,0.9980794191360474,0.5465813875198364,0.16798308491706848,-0.1150096207857132,0.999890148639679,0.4338953495025635,0.176054447889328,-0.12599357962608337,0.9994713068008423,0.5689905881881714,0.30767685174942017,-0.11421605199575424,0.9372068643569946,0.42017680406570435,0.31635352969169617,-0.16968826949596405,0.823967456817627,0.5658950209617615,0.401699960231781,-0.29688361287117004,0.9406805634498596,0.41770219802856445,0.4081472158432007,-0.3739183247089386,0.7650430798530579,0.564312756061554,0.4394790530204773,-0.34248191118240356,0.9219498634338379,0.42063847184181213,0.44608238339424133,-0.4312067925930023,0.7386661171913147,0.5541337728500366,0.4233444631099701,-0.3773100674152374,0.9338552355766296,0.4297705590724945,0.43072646856307983,-0.45803675055503845,0.7500171065330505,0.5519174337387085,0.41163894534111023,-0.31357187032699585,0.9229971766471863,0.4325334131717682,0.41750162839889526,-0.39029449224472046,0.7505543828010559,0.5217882394790649,0.43573370575904846,0.005921271163970232,0.9999444484710693,0.45524850487709045,0.4404984712600708,-0.00610568979755044,0.9999276399612427,0.5211617350578308,0.6433166861534119,0.016758201643824577,0.8869264125823975,0.4604628086090088,0.6556898951530457,-0.024160582572221756,0.8891146183013916,0.5222340226173401,0.845528244972229,0.1700863093137741,0.940447211265564,0.47930851578712463,0.8440353274345398,0.13200457394123077,0.9273577928543091,0.5195229053497314,0.8572562336921692,0.17641788721084595,0.6469520926475525,0.48622673749923706,0.8594627380371094,0.1417793333530426,0.6249599456787109,0.5132587552070618,0.9306090474128723,0.0211204644292593,0.9337509274482727,0.4850144386291504,0.9324692487716675,-0.003770160023123026,0.9038791060447693,jumpingjack
0.49065732955932617,0.015259048901498318,-0.30898407101631165,0.9961773157119751,0.4959227442741394,-0.003715038998052478,-0.29793277382850647,0.9868037700653076,0.5007103085517883,-0.00329504138790071,-0.2982807755470276,0.9881712198257446,0.5055171847343445,-0.003231310285627842,-0.2983849048614502,0.9921769499778748,0.4845433235168457,-0.0028050956316292286,-0.30895763635635376,0.9903752207756042,0.48093265295028687,-0.0015800327528268099,-0.30935153365135193,0.9916290640830994,0.47738733887672424,-0.0006729369633831084,-0.30964720249176025,0.99285489320755,0.5097785592079163,0.005016680341213942,-0.19716182351112366,0.9940850734710693,0.4707421660423279,0.009562813676893711,-0.20410442352294922,0.983819305896759,0.4981692433357239,0.03679246827960014,-0.2663448452949524,0.9973838925361633,0.4861484467983246,0.038624975830316544,-0.28044888377189636,0.9968999624252319,0.5492357015609741,0.12240372598171234,-0.10370945930480957,0.9998964667320251,0.43473243713378906,0.1418689340353012,-0.1293121874332428,0.9994117617607117,0.6023319959640503,0.22351667284965515,-0.10697537660598755,0.9369338154792786,0.4261693060398102,0.29109829664230347,-0.16633759438991547,0.7857187390327454,0.6644308567047119,0.25981605052948,-0.27671700716018677,0.9391072392463684,0.4401077330112457,0.41216692328453064,-0.22508661448955536,0.6949578523635864,0.6866185665130615,0.2534664571285248,-0.31352365016937256,0.9179866909980774,0.4435844421386719,0.44843170046806335,-0.25455304980278015,0.6698229908943176,0.6859675645828247,0.23463371396064758,-0.3466874063014984,0.9308944344520569,0.4446251392364502,0.44109970331192017,-0.2843465209007263,0.6806184649467468,0.6764598488807678,0.23813971877098083,-0.29341545701026917,0.9189082980155945,0.44587641954421997,0.4251553416252136,-0.23981980979442596,0.681094765663147,0.5231071710586548,0.41440629959106445,0.0072162398137152195,0.9999478459358215,0.45722562074661255,0.41593262553215027,-0.00741252675652504,0.9999301433563232,0.5338133573532104,0.6296500563621521,-0.0020919577218592167,0.8887168765068054,0.4553256630897522,0.6294663548469543,-0.04181026294827461,0.8914835453033447,0.5591670274734497,0.8355693221092224,0.1347905844449997,0.942223310470581,0.45458823442459106,0.839328944683075,0.09182129800319672,0.9304735660552979,0.5551244020462036,0.8473276495933533,0.13985952734947205,0.6382738947868347,0.45732006430625916,0.858335554599762,0.09820807725191116,0.6199169158935547,0.5652873516082764,0.9323216080665588,-0.018850434571504593,0.9337499737739563,0.45420289039611816,0.9267798662185669,-0.06228278949856758,0.9056582450866699,jumpingjack
0.4908912777900696,0.08458450436592102,-0.3081432282924652,0.9965588450431824,0.4973931312561035,0.0672590360045433,-0.29657286405563354,0.988118588924408,0.5018417239189148,0.06802999973297119,-0.29687362909317017,0.9893492460250854,0.5064906477928162,0.0694744661450386,-0.2969237267971039,0.9929543137550354,0.4856743812561035,0.06709638237953186,-0.30496248602867126,0.9913354516029358,0.48189598321914673,0.06755019724369049,-0.3053151071071625,0.9924643039703369,0.47829341888427734,0.06801846623420715,-0.3054519593715668,0.9935674071311951,0.5112701058387756,0.08453025668859482,-0.1930619478225708,0.9946715831756592,0.4717566967010498,0.07836395502090454,-0.19644595682621002,0.9854324460029602,0.49839019775390625,0.10706467181444168,-0.2649536728858948,0.997636079788208,0.4859267771244049,0.10583873093128204,-0.2782180905342102,0.9972022175788879,0.5580562949180603,0.18581756949424744,-0.11164828389883041,0.9998975396156311,0.4306158125400543,0.18911932408809662,-0.12364467233419418,0.9994528889656067,0.6324321627616882,0.16417644917964935,-0.138043612241745,0.9402625560760498,0.3552648425102234,0.17827501893043518,-0.17926940321922302,0.8030197024345398,0.7042983770370483,0.07331164926290512,-0.26935523748397827,0.9429263472557068,0.29706844687461853,0.0979410782456398,-0.2805771827697754,0.7229812145233154,0.7248868346214294,0.0564715638756752,-0.2999679148197174,0.9234631657600403,0.2779791057109833,0.08245378732681274,-0.3063395619392395,0.699061930179596,0.7235544919967651,0.04509221762418747,-0.3313475251197815,0.9357043504714966,0.27810782194137573,0.07527028024196625,-0.32992494106292725,0.7092351913452148,0.7153304815292358,0.04998420178890228,-0.2859395146369934,0.9249407649040222,0.28462934494018555,0.08091305941343307,-0.2974557876586914,0.7102916240692139,0.5255792737007141,0.5060365200042725,0.006253910716623068,0.9999424815177917,0.4569126069545746,0.5065970420837402,-0.006511447485536337,0.9999253153800964,0.5580064058303833,0.7080193161964417,-0.029951253905892372,0.8703723549842834,0.43255800008773804,0.6952488422393799,-0.07157931476831436,0.8756147623062134,0.601513683795929,0.8943262100219727,0.12487731873989105,0.916047990322113,0.42198601365089417,0.8881300091743469,0.08515562117099762,0.9091473817825317,0.6053777933120728,0.915737509727478,0.12600940465927124,0.6187845468521118,0.4288954734802246,0.911811888217926,0.09521810710430145,0.6045432090759277,0.6016050577163696,0.9675194025039673,-0.009155066683888435,0.9137353301048279,0.4107285141944885,0.9555960893630981,-0.026801656931638718,0.883488118648529,jumpingjack
0.49092015624046326,0.04235982894897461,-0.27344173192977905,0.9961287975311279,0.49718862771987915,0.023247359320521355,-0.26016995310783386,0.9864805340766907,0.5017758011817932,0.023353777825832367,-0.2604980170726776,0.9877902865409851,0.5063959360122681,0.023555448278784752,-0.26053279638290405,0.9919263124465942,0.48586398363113403,0.022022496908903122,-0.2663607895374298,0.9901434779167175,0.4822336733341217,0.021334601566195488,-0.26677075028419495,0.991375744342804,0.47855472564697266,0.020293880254030228,-0.2670016586780548,0.992679238319397,0.5111099481582642,0.03419938683509827,-0.15507595241069794,0.9934635162353516,0.47172459959983826,0.028084371238946915,-0.17498260736465454,0.9828237295150757,0.49831289052963257,0.05911007896065712,-0.22901718318462372,0.9968329668045044,0.48593267798423767,0.06002988666296005,-0.2387588918209076,0.9963893294334412,0.5572712421417236,0.1503123641014099,-0.07194209098815918,0.9998965859413147,0.43070584535598755,0.14467506110668182,-0.10083083808422089,0.9994112849235535,0.6219025254249573,0.16722668707370758,-0.10206516832113266,0.9259604811668396,0.398068368434906,0.2515280544757843,-0.07613648474216461,0.7578848004341125,0.6771242618560791,0.16088423132896423,-0.26627159118652344,0.9275162220001221,0.4097421169281006,0.3722419738769531,-0.11400371789932251,0.6547651290893555,0.6957415342330933,0.15590377151966095,-0.29890894889831543,0.9047464728355408,0.4104606509208679,0.4138266146183014,-0.13264641165733337,0.6323308348655701,0.6942790746688843,0.13987065851688385,-0.32868024706840515,0.9190587401390076,0.4169873595237732,0.4107306897640228,-0.16095390915870667,0.6417972445487976,0.6865630149841309,0.14227256178855896,-0.2826882600784302,0.9046570658683777,0.4189304709434509,0.3950946033000946,-0.12761956453323364,0.6429452896118164,0.5263453722000122,0.4532626271247864,0.006555718835443258,0.999945878982544,0.457414448261261,0.45242902636528015,-0.006799045950174332,0.9999285340309143,0.5544730424880981,0.6597698926925659,-0.0306270569562912,0.8700218200683594,0.4354744851589203,0.6563078165054321,-0.06032836437225342,0.8750232458114624,0.5906052589416504,0.8898861408233643,0.08371339738368988,0.91914963722229,0.4267258048057556,0.8740333318710327,0.08215148746967316,0.9119042754173279,0.5893916487693787,0.9092810750007629,0.08416543155908585,0.6175365447998047,0.4339360296726227,0.9103943705558777,0.08966343104839325,0.601222574710846,0.6056259274482727,0.9647610783576965,-0.07453908026218414,0.9139008522033691,0.41461119055747986,0.9539981484413147,-0.05141948536038399,0.883189857006073,jumpingjack
0.4911218285560608,0.016537467017769814,-0.35713520646095276,0.9963535070419312,0.4971945285797119,-0.0020367333199828863,-0.3434508144855499,0.9873167276382446,0.5018178820610046,-0.001435602200217545,-0.3437986969947815,0.9884820580482483,0.5064452886581421,-0.0009344348218291998,-0.34378451108932495,0.992371678352356,0.4857726991176605,-0.0028042984195053577,-0.3479921817779541,0.9908108711242676,0.4821210503578186,-0.0025163432583212852,-0.34838396310806274,0.9919821619987488,0.4784257411956787,-0.002498566173017025,-0.3486294746398926,0.9932324886322021,0.510966420173645,0.010497068986296654,-0.2337527573108673,0.9937639236450195,0.4715759754180908,0.006949993781745434,-0.2507573962211609,0.9840748906135559,0.4981967806816101,0.03611953929066658,-0.3109648823738098,0.9970858693122864,0.4858160614967346,0.03694770485162735,-0.31833869218826294,0.9966951012611389,0.5511409044265747,0.13434842228889465,-0.13308550417423248,0.9999045133590698,0.43159255385398865,0.12831702828407288,-0.1602589190006256,0.9994650483131409,0.5861764550209045,0.24868835508823395,-0.11732761561870575,0.9296403527259827,0.40431076288223267,0.2633029818534851,-0.1208271011710167,0.7803636193275452,0.5898088216781616,0.3532017469406128,-0.2822050452232361,0.9335960745811462,0.41296619176864624,0.3889544606208801,-0.2217426747083664,0.6887663006782532,0.5823832750320435,0.38847896456718445,-0.32224875688552856,0.912530779838562,0.41841936111450195,0.4291474223136902,-0.2649514079093933,0.6681467294692993,0.5767827033996582,0.37131789326667786,-0.3571249842643738,0.9256789088249207,0.4273295998573303,0.4176490008831024,-0.29745882749557495,0.6767973899841309,0.5754066705703735,0.3587082624435425,-0.2983178496360779,0.9119169116020203,0.42840760946273804,0.40320849418640137,-0.23590481281280518,0.6773223876953125,0.5233997106552124,0.42289474606513977,0.006628315895795822,0.9999437928199768,0.4568995535373688,0.42279714345932007,-0.006879749707877636,0.9999282956123352,0.5287894606590271,0.6333770155906677,-0.015581322833895683,0.8689895272254944,0.4549946188926697,0.6500284075737,-0.04707322269678116,0.8771235346794128,0.5267866849899292,0.8628359436988831,0.1053832396864891,0.9227151274681091,0.4717923104763031,0.8620718121528625,0.10008503496646881,0.9157662391662598,0.5229563117027283,0.8772269487380981,0.1073295846581459,0.6139867901802063,0.47806817293167114,0.8827430009841919,0.10856842994689941,0.597048819065094,0.521103024482727,0.9507885575294495,-0.06272158771753311,0.9179037809371948,0.4728337228298187,0.9547452926635742,-0.04159984737634659,0.8887395262718201,jumpingjack
0.489658921957016,0.0786716416478157,-0.3385239243507385,0.9967043399810791,0.4965366721153259,0.06281572580337524,-0.31517791748046875,0.9885560274124146,0.5015809535980225,0.0631052628159523,-0.3156377673149109,0.9896054267883301,0.5055301785469055,0.06354035437107086,-0.31558534502983093,0.993111789226532,0.4842703938484192,0.06281010061502457,-0.3226492702960968,0.9917090535163879,0.48062554001808167,0.06338031589984894,-0.3230011761188507,0.9927676320075989,0.47688809037208557,0.06363590806722641,-0.3232664465904236,0.9938950538635254,0.5102243423461914,0.07377699017524719,-0.19477663934230804,0.994363009929657,0.47096267342567444,0.07430598139762878,-0.22343263030052185,0.9856193661689758,0.49695366621017456,0.09973834455013275,-0.2878987789154053,0.9973605275154114,0.4848267138004303,0.09982556104660034,-0.3007849454879761,0.9970095157623291,0.5492936372756958,0.20829154551029205,-0.11899387836456299,0.9999116063117981,0.4314475953578949,0.20567266643047333,-0.1485162079334259,0.9995108842849731,0.563893735408783,0.36400923132896423,-0.11477736383676529,0.9354737997055054,0.4176253378391266,0.3604259788990021,-0.14486120641231537,0.8002367615699768,0.5400726199150085,0.4483942985534668,-0.2825431525707245,0.9397565126419067,0.44854697585105896,0.4562450349330902,-0.2846177816390991,0.7189352512359619,0.5348043441772461,0.48647943139076233,-0.32564109563827515,0.9207046627998352,0.45624327659606934,0.48980027437210083,-0.33296316862106323,0.7000425457954407,0.5268892049789429,0.46664199233055115,-0.35491541028022766,0.932611346244812,0.4667693078517914,0.4716871976852417,-0.35127145051956177,0.7079592347145081,0.5244492292404175,0.45112547278404236,-0.29675835371017456,0.9199480414390564,0.46736544370651245,0.4574768841266632,-0.29525044560432434,0.7078064680099487,0.5234758853912354,0.4891550838947296,0.006351339165121317,0.9999454617500305,0.45902639627456665,0.4910401999950409,-0.006587125360965729,0.9999305009841919,0.518936038017273,0.6810162663459778,0.0183654073625803,0.8795388340950012,0.4610002636909485,0.6948829889297485,0.008257649838924408,0.8852081894874573,0.5164705514907837,0.8706635236740112,0.16690215468406677,0.9287006258964539,0.4812237620353699,0.8740683794021606,0.16153429448604584,0.9221987724304199,0.5152996182441711,0.885915219783783,0.17346306145191193,0.6368327736854553,0.4891202449798584,0.8924163579940796,0.17138196527957916,0.6212815642356873,0.5089868307113647,0.952079713344574,0.040108900517225266,0.9241415858268738,0.4760637879371643,0.9552767276763916,0.04933999478816986,0.8972033858299255,jumpingjack
0.4896036982536316,0.024641135707497597,-0.24777427315711975,0.9967206120491028,0.49557191133499146,0.006180104799568653,-0.23074917495250702,0.9884050488471985,0.5003782510757446,0.006047111004590988,-0.2310604304075241,0.9894142746925354,0.5044423341751099,0.006206297781318426,-0.2310408651828766,0.9928823113441467,0.48377904295921326,0.008782596327364445,-0.23316006362438202,0.99172043800354,0.48011547327041626,0.01028621569275856,-0.23351940512657166,0.9928507208824158,0.4763180613517761,0.011541693471372128,-0.2337336242198944,0.9939782619476318,0.5096147060394287,0.014832965098321438,-0.12293171882629395,0.9942358136177063,0.4700019955635071,0.02141663432121277,-0.1310659646987915,0.9858473539352417,0.4969508647918701,0.04598391428589821,-0.2043164223432541,0.9974180459976196,0.48481184244155884,0.04877042770385742,-0.2090030014514923,0.9970808625221252,0.5480371713638306,0.13463275134563446,-0.04941780865192413,0.999915361404419,0.43391650915145874,0.1443350464105606,-0.06103760004043579,0.999539852142334,0.574334442615509,0.2665979266166687,-0.05979929491877556,0.9332144260406494,0.4137723445892334,0.28311723470687866,-0.08254898339509964,0.8066723346710205,0.5827606320381165,0.38276171684265137,-0.22021111845970154,0.941382884979248,0.3710431456565857,0.3506210446357727,-0.24987046420574188,0.7388793230056763,0.6055063009262085,0.4690887928009033,-0.25288084149360657,0.922071635723114,0.3532768785953522,0.37520119547843933,-0.29313188791275024,0.7187982201576233,0.5948687791824341,0.41861698031425476,-0.28957685828208923,0.9340778589248657,0.35183185338974,0.3781799376010895,-0.33857277035713196,0.727645218372345,0.5851048231124878,0.4194865822792053,-0.23856957256793976,0.9213980436325073,0.359559029340744,0.3783915936946869,-0.27779287099838257,0.7265186905860901,0.5233598351478577,0.40359196066856384,0.00659933453425765,0.9999460577964783,0.45895734429359436,0.40455445647239685,-0.006852685008198023,0.9999316334724426,0.5232235193252563,0.6132558584213257,0.004023026209324598,0.8767421841621399,0.4601432681083679,0.6276416182518005,-0.03791296109557152,0.8852143287658691,0.5298195481300354,0.8392857909202576,0.12259553372859955,0.9314567446708679,0.47230076789855957,0.8392366766929626,0.10185100883245468,0.923106849193573,0.527949333190918,0.8605485558509827,0.1208605021238327,0.6312667727470398,0.48306578397750854,0.8555244207382202,0.10982340574264526,0.607079267501831,0.5280488133430481,0.9344532489776611,-0.05139683932065964,0.9270380735397339,0.4707634449005127,0.946330189704895,-0.04272124171257019,0.8988214731216431,jumpingjack
0.48925843834877014,0.027247503399848938,-0.40286383032798767,0.9970189929008484,0.49358049035072327,0.008672748692333698,-0.39285892248153687,0.9894716143608093,0.4983130395412445,0.00853451807051897,-0.39318233728408813,0.9903895258903503,0.5028457641601562,0.008674617856740952,-0.39321500062942505,0.993533730506897,0.48305338621139526,0.01037899125367403,-0.39983177185058594,0.9924893379211426,0.4793977737426758,0.011293800547719002,-0.40024083852767944,0.9935091137886047,0.4751972556114197,0.011994772590696812,-0.40051141381263733,0.994525671005249,0.5072459578514099,0.018037177622318268,-0.2891099154949188,0.9947728514671326,0.4675362706184387,0.022032547742128372,-0.31800156831741333,0.9871494174003601,0.49636101722717285,0.0487835630774498,-0.35661637783050537,0.9976175427436829,0.48451024293899536,0.05103786662220955,-0.3671566843986511,0.9973067045211792,0.5478110313415527,0.1385408341884613,-0.17081581056118011,0.9999197125434875,0.4306822717189789,0.1439560204744339,-0.2185603678226471,0.9995078444480896,0.6169463396072388,0.18198555707931519,-0.10974643379449844,0.9362234473228455,0.4137638509273529,0.2869422435760498,-0.13881580531597137,0.7723979949951172,0.6971301436424255,0.12819047272205353,-0.18313147127628326,0.9403658509254456,0.44677501916885376,0.3980923891067505,-0.12589940428733826,0.667350709438324,0.7137969732284546,0.1186186820268631,-0.19850748777389526,0.9185430407524109,0.45732173323631287,0.43073225021362305,-0.1378321647644043,0.6486378908157349,0.7103111743927002,0.10293479263782501,-0.2327156960964203,0.9313568472862244,0.4581184387207031,0.41882434487342834,-0.15685255825519562,0.6567269563674927,0.7037713527679443,0.10948271304368973,-0.19873276352882385,0.9185856580734253,0.4556998312473297,0.4051702618598938,-0.13398289680480957,0.6558697819709778,0.5233093500137329,0.41442620754241943,0.006853670813143253,0.9999487996101379,0.45782461762428284,0.4141291379928589,-0.007056725211441517,0.9999326467514038,0.5425781607627869,0.6266783475875854,-0.002361348131671548,0.8844665288925171,0.43926095962524414,0.6398159265518188,-0.016507932916283607,0.8915547132492065,0.581710934638977,0.8576475977897644,0.11972825229167938,0.9353527426719666,0.42320913076400757,0.8576987981796265,0.11701329052448273,0.9286725521087646,0.5873173475265503,0.8863513469696045,0.11961925029754639,0.6376082897186279,0.43182048201560974,0.8833854794502258,0.12352196872234344,0.6251603960990906,0.5835736393928528,0.9445479512214661,-0.05196414142847061,0.9299396872520447,0.4152070879936218,0.9464568495750427,-0.03605234995484352,0.9046376943588257,jumpingjack
0.48842960596084595,0.06833396852016449,-0.35785621404647827,0.9973121285438538,0.4929245114326477,0.04927122965455055,-0.3462441563606262,0.9904921054840088,0.4976695477962494,0.04927004128694534,-0.3465576469898224,0.9913234710693359,0.5023015141487122,0.04967545345425606,-0.3465767502784729,0.9941520094871521,0.4825635552406311,0.05038430914282799,-0.3534993529319763,0.9932224750518799,0.47902148962020874,0.0512707456946373,-0.3539515733718872,0.9941452741622925,0.4748188853263855,0.05194207280874252,-0.3542657792568207,0.9950570464134216,0.5070727467536926,0.059150245040655136,-0.23987886309623718,0.9952751398086548,0.4675883650779724,0.06189936399459839,-0.2827106714248657,0.988400399684906,0.49546369910240173,0.09035450965166092,-0.3115878105163574,0.9978240728378296,0.4836786389350891,0.09011077880859375,-0.32116276025772095,0.9975427389144897,0.5535637140274048,0.18465813994407654,-0.14327110350131989,0.9999175667762756,0.42795079946517944,0.16866253316402435,-0.1688765287399292,0.9995209574699402,0.6245310306549072,0.16979119181632996,-0.1594465970993042,0.9395890831947327,0.3552829325199127,0.17491641640663147,-0.23000486195087433,0.7906379699707031,0.6869112253189087,0.0827978253364563,-0.2863031029701233,0.9445847272872925,0.30684083700180054,0.08266479521989822,-0.372986376285553,0.6980900764465332,0.7078956365585327,0.0641772449016571,-0.30855414271354675,0.924800455570221,0.2882726788520813,0.06359471380710602,-0.409803569316864,0.6805052161216736,0.702757716178894,0.05033500865101814,-0.34296032786369324,0.9368066787719727,0.29055458307266235,0.05276424065232277,-0.4311293661594391,0.6882227063179016,0.6940549612045288,0.05568941310048103,-0.30543673038482666,0.9252476692199707,0.29834118485450745,0.059160832315683365,-0.39050784707069397,0.6879340410232544,0.5233116745948792,0.48269855976104736,0.0069919489324092865,0.9999440312385559,0.4547549784183502,0.47547227144241333,-0.007212693337351084,0.999926745891571,0.5522094964981079,0.679582417011261,0.006759770214557648,0.8803260326385498,0.4328064024448395,0.6695035099983215,0.0007461529457941651,0.8857697248458862,0.5891774892807007,0.881122350692749,0.1496233195066452,0.9337220191955566,0.41796717047691345,0.8755590915679932,0.14567409455776215,0.9284072518348694,0.5916762948036194,0.9089152216911316,0.1546182781457901,0.6444198489189148,0.42602378129959106,0.9004546403884888,0.15373201668262482,0.6324654221534729,0.5949984788894653,0.9607002139091492,0.011967536993324757,0.929815411567688,0.40811243653297424,0.9480689764022827,0.017764754593372345,0.9039774537086487,jumpingjack
0.48588427901268005,0.018014825880527496,-0.35039466619491577,0.9960664510726929,0.49047455191612244,-0.003934276290237904,-0.32863855361938477,0.9864169955253601,0.4950832426548004,-0.004795685410499573,-0.3289717137813568,0.9877923130989075,0.4996633529663086,-0.0057135350070893764,-0.3289690911769867,0.9915812015533447,0.48104986548423767,0.00016357569256797433,-0.3349180519580841,0.9901682138442993,0.4781150817871094,0.0018325471319258213,-0.33525925874710083,0.9919097423553467,0.4745410978794098,0.0028142037335783243,-0.3354448676109314,0.9931774735450745,0.5067745447158813,0.001957201398909092,-0.24618224799633026,0.9942193031311035,0.4692714810371399,0.010699166916310787,-0.245304137468338,0.9856995344161987,0.493485689163208,0.03789457678794861,-0.2973026633262634,0.9971728920936584,0.4832422137260437,0.04047597944736481,-0.3063308596611023,0.9967705607414246,0.5534595251083374,0.13159160315990448,-0.14436554908752441,0.99991774559021,0.43402233719825745,0.11615938693284988,-0.16774682700634003,0.9995290040969849,0.6060682535171509,0.19553419947624207,-0.002977105090394616,0.9357685446739197,0.3847803771495819,0.2082219421863556,-0.046606436371803284,0.7747160196304321,0.6520345211029053,0.260346919298172,0.08831505477428436,0.9421225786209106,0.3465130925178528,0.2345704436302185,-0.01910039596259594,0.6801259517669678,0.6602298021316528,0.2970002591609955,0.1028757318854332,0.9173629283905029,0.33260366320610046,0.26680484414100647,-0.019716812297701836,0.6519689559936523,0.6620680093765259,0.2918354570865631,0.06111864000558853,0.9306410551071167,0.3342037796974182,0.27856355905532837,-0.0545656681060791,0.6636660099029541,0.656649649143219,0.28260645270347595,0.07555749267339706,0.9183200597763062,0.3403566777706146,0.27894797921180725,-0.034018464386463165,0.6647121906280518,0.5228559970855713,0.40671539306640625,0.006961163133382797,0.9999457597732544,0.45498985052108765,0.4051721692085266,-0.007181963883340359,0.99992835521698,0.536811888217926,0.623310923576355,0.02314872108399868,0.8709337115287781,0.4401077330112457,0.6275439262390137,-0.012439906597137451,0.8842649459838867,0.5466843843460083,0.8323214054107666,0.1701035052537918,0.9350772500038147,0.44370073080062866,0.8381144404411316,0.13310039043426514,0.9311501979827881,0.5422610640525818,0.8535022139549255,0.175929456949234,0.6328014135360718,0.4491998255252838,0.8586201071739197,0.14159412682056427,0.6255565285682678,0.5526713132858276,0.9273875951766968,0.02083083614706993,0.9311612844467163,0.4395372271537781,0.9322471618652344,0.008132006973028183,0.9077340364456177,jumpingjack
0.48522377014160156,0.07884681224822998,-0.3413291573524475,0.9964335560798645,0.49057522416114807,0.06316278129816055,-0.3210573196411133,0.9877253770828247,0.4951801896095276,0.06318701058626175,-0.32142916321754456,0.9889587759971619,0.49973195791244507,0.06294585019350052,-0.32134559750556946,0.992378830909729,0.4802219867706299,0.06373417377471924,-0.3269558548927307,0.9911200404167175,0.4767990708351135,0.06424050033092499,-0.327248215675354,0.992694616317749,0.4729774594306946,0.06479974091053009,-0.3274570107460022,0.9938409924507141,0.5066453218460083,0.07263990491628647,-0.2013363391160965,0.9947468042373657,0.4689621329307556,0.07445681095123291,-0.2103542983531952,0.9870648384094238,0.4930269718170166,0.10028126835823059,-0.2929989695549011,0.9974257349967957,0.4822542071342468,0.10033883899450302,-0.30340662598609924,0.9970676898956299,0.5484163761138916,0.20876140892505646,-0.11924725770950317,0.9999207854270935,0.4339495301246643,0.20845432579517365,-0.15191850066184998,0.9995679259300232,0.559640645980835,0.36289408802986145,-0.09868353605270386,0.9385033249855042,0.42503267526626587,0.3678653836250305,-0.14321385324001312,0.7937750220298767,0.5265663862228394,0.46251681447029114,-0.2753283381462097,0.9453198909759521,0.4602084755897522,0.453673779964447,-0.30394336581230164,0.7107930779457092,0.5195195078849792,0.4945577085018158,-0.32222631573677063,0.9229854941368103,0.467184841632843,0.48544764518737793,-0.3583080470561981,0.6850525736808777,0.5122161507606506,0.47235697507858276,-0.34833210706710815,0.9352387189865112,0.4772144854068756,0.4674829840660095,-0.37444037199020386,0.6957591772079468,0.5123053789138794,0.4586528241634369,-0.28772643208503723,0.922924280166626,0.47640687227249146,0.45494720339775085,-0.3143445551395416,0.6957294940948486,0.5226079225540161,0.483185350894928,0.006937516387552023,0.9999451637268066,0.457732617855072,0.4830099642276764,-0.00716145196929574,0.9999297261238098,0.5224129557609558,0.6886269450187683,0.04687093198299408,0.8755042552947998,0.4589998126029968,0.6917835474014282,0.0012775433715432882,0.8860326409339905,0.5122879147529602,0.8594308495521545,0.21077720820903778,0.9371451139450073,0.4736994802951813,0.8571442365646362,0.17532439529895782,0.9325981736183167,0.5106736421585083,0.8736332654953003,0.2188313901424408,0.6410706639289856,0.4799044728279114,0.8722417950630188,0.187590554356575,0.6307643055915833,0.5044602751731873,0.9362566471099854,0.0742972269654274,0.9335752725601196,0.4698273539543152,0.9392457008361816,0.05555108189582825,0.9105264544487,jumpingjack
0.48525819182395935,0.03375982493162155,-0.335273414850235,0.9966055750846863,0.49064183235168457,0.013172419741749763,-0.31821390986442566,0.9882630109786987,0.4952678680419922,0.013685151934623718,-0.3185819983482361,0.9894096255302429,0.49981507658958435,0.014020515605807304,-0.3185174763202667,0.9926434755325317,0.4799565374851227,0.013917000032961369,-0.3234139680862427,0.9915716648101807,0.47602471709251404,0.015278697945177555,-0.32375282049179077,0.9930865168571472,0.47182512283325195,0.01669240929186344,-0.3239845037460327,0.9941748976707458,0.5066119432449341,0.023270199075341225,-0.20136936008930206,0.9948922991752625,0.4672148823738098,0.0303538478910923,-0.2068839818239212,0.9876989126205444,0.49306219816207886,0.05641113221645355,-0.28962820768356323,0.9975790977478027,0.48185378313064575,0.059473924338817596,-0.29926615953445435,0.9972493648529053,0.5474745035171509,0.1601567268371582,-0.11744071543216705,0.9999251365661621,0.434695303440094,0.1774260252714157,-0.13288523256778717,0.9995978474617004,0.5716087222099304,0.2995731234550476,-0.10470692068338394,0.9397550225257874,0.41591310501098633,0.31427010893821716,-0.14042797684669495,0.8067721128463745,0.5831698179244995,0.36587604880332947,-0.25438767671585083,0.9480922818183899,0.4113703668117523,0.39167454838752747,-0.27145636081695557,0.7347585558891296,0.5850053429603577,0.3960726857185364,-0.2876005470752716,0.926555871963501,0.39521920680999756,0.4172181785106659,-0.30988675355911255,0.7092560529708862,0.5769051313400269,0.3872963786125183,-0.3267541229724884,0.9384587407112122,0.38892704248428345,0.40970781445503235,-0.34490159153938293,0.7201549410820007,0.5758573412895203,0.37800177931785583,-0.2728138566017151,0.9264695048332214,0.3974132537841797,0.402098685503006,-0.29020920395851135,0.7189685106277466,0.5224456787109375,0.43807452917099,0.006444399710744619,0.9999452829360962,0.45796918869018555,0.444976270198822,-0.0066942558623850346,0.9999308586120605,0.520185112953186,0.6413168907165527,0.034996289759874344,0.873593807220459,0.45999598503112793,0.6533255577087402,-0.008628367446362972,0.8850462436676025,0.5178908705711365,0.8437939286231995,0.18547245860099792,0.9379270672798157,0.4676598608493805,0.8455342054367065,0.15058863162994385,0.9330233931541443,0.5145798325538635,0.8549941778182983,0.19266222417354584,0.6318379044532776,0.4724388122558594,0.8580223917961121,0.16080816090106964,0.6164324283599854,0.5024318099021912,0.9262195229530334,0.04547188803553581,0.9352926015853882,0.47185301780700684,0.9344323873519897,0.03431171923875809,0.9122791290283203,jumpingjack
