x_0,y_0,z_0,v_0,x_1,y_1,z_1,v_1,x_2,y_2,z_2,v_2,x_3,y_3,z_3,v_3,x_4,y_4,z_4,v_4,x_5,y_5,z_5,v_5,x_6,y_6,z_6,v_6,x_7,y_7,z_7,v_7,x_8,y_8,z_8,v_8,x_9,y_9,z_9,v_9,x_10,y_10,z_10,v_10,x_11,y_11,z_11,v_11,x_12,y_12,z_12,v_12,x_13,y_13,z_13,v_13,x_14,y_14,z_14,v_14,x_15,y_15,z_15,v_15,x_16,y_16,z_16,v_16,x_17,y_17,z_17,v_17,x_18,y_18,z_18,v_18,x_19,y_19,z_19,v_19,x_20,y_20,z_20,v_20,x_21,y_21,z_21,v_21,x_22,y_22,z_22,v_22,x_23,y_23,z_23,v_23,x_24,y_24,z_24,v_24,x_25,y_25,z_25,v_25,x_26,y_26,z_26,v_26,x_27,y_27,z_27,v_27,x_28,y_28,z_28,v_28,x_29,y_29,z_29,v_29,x_30,y_30,z_30,v_30,x_31,y_31,z_31,v_31,x_32,y_32,z_32,v_32,label
0.47134843468666077,0.1454852968454361,-0.3218861520290375,0.9570798873901367,0.4778439998626709,0.12991484999656677,-0.3050524592399597,0.9455220699310303,0.48231276869773865,0.1302768737077713,-0.3054611086845398,0.9475359916687012,0.48679056763648987,0.13055403530597687,-0.30545252561569214,0.9501590132713318,0.46471714973449707,0.12954986095428467,-0.30666348338127136,0.9513207077980042,0.4600139558315277,0.12967878580093384,-0.3070468306541443,0.9573512673377991,0.4566768705844879,0.12975111603736877,-0.3072811961174011,0.960709810256958,0.4896468222141266,0.13811421394348145,-0.19473083317279816,0.9610323309898376,0.45339733362197876,0.13719971477985382,-0.20515577495098114,0.9568020701408386,0.47899794578552246,0.16383540630340576,-0.2773081660270691,0.9635986685752869,0.4655686020851135,0.1648457795381546,-0.28135591745376587,0.9639549851417542,0.5284758806228638,0.26096755266189575,-0.12797194719314575,0.999509334564209,0.41651493310928345,0.26536232233047485,-0.11698450893163681,0.9989683628082275,0.5594320893287659,0.40735217928886414,-0.11963315308094025,0.9419474601745605,0.39370861649513245,0.4120957553386688,-0.1448521465063095,0.9050522446632385,0.573189914226532,0.5042983293533325,-0.24556796252727509,0.9293922185897827,0.3714525103569031,0.5099280476570129,-0.2808535397052765,0.9020391702651978,0.5800267457962036,0.5465781688690186,-0.2793183922767639,0.9264681935310364,0.364552766084671,0.5502229928970337,-0.3172723650932312,0.8888445496559143,0.5747615694999695,0.5409315228462219,-0.31375670433044434,0.9314085841178894,0.36845123767852783,0.5467328429222107,-0.3480968177318573,0.8966583013534546,0.5674043297767639,0.528087854385376,-0.2621033489704132,0.9279759526252747,0.37419551610946655,0.5325942635536194,-0.2977754771709442,0.8890801668167114,0.5115828514099121,0.5539868474006653,-0.006405004765838385,0.9918755292892456,0.4440389573574066,0.558083176612854,0.0061991894617676735,0.9915027022361755,0.5197383761405945,0.7499012351036072,0.027216821908950806,0.9070627093315125,0.43895477056503296,0.753761351108551,0.06516794860363007,0.8859092593193054,0.5301364660263062,0.9406365156173706,0.18734505772590637,0.8865289092063904,0.4352079927921295,0.9382619857788086,0.217355415225029,0.8784016370773315,0.5244057774543762,0.959763765335083,0.1948738396167755,0.7843340635299683,0.44377368688583374,0.9594355225563049,0.22591443359851837,0.7569990158081055,0.5436926484107971,1.007085919380188,0.07355576008558273,0.8737338185310364,0.4198032319545746,1.0048363208770752,0.10956902801990509,0.8587521910667419,squat
0.4716652035713196,0.14629234373569489,-0.24754974246025085,0.9613259434700012,0.4783688485622406,0.1300923228263855,-0.22808177769184113,0.9508389234542847,0.483051061630249,0.1304425746202469,-0.2284441739320755,0.9526451826095581,0.4870747923851013,0.13070860505104065,-0.22844763100147247,0.9550368785858154,0.46511125564575195,0.12994644045829773,-0.23212175071239471,0.9560868144035339,0.4605783522129059,0.13006633520126343,-0.23242850601673126,0.9615296721458435,0.4568924307823181,0.13023029267787933,-0.23262254893779755,0.9645541906356812,0.4897264540195465,0.13855943083763123,-0.11513136327266693,0.964860737323761,0.45306167006492615,0.13777466118335724,-0.13234277069568634,0.960906445980072,0.4789906144142151,0.1657267063856125,-0.20288698375225067,0.9671993255615234,0.46575111150741577,0.16575363278388977,-0.20990577340126038,0.9675105214118958,0.5287247896194458,0.26117196679115295,-0.06462310254573822,0.9995529055595398,0.4166150987148285,0.2645614743232727,-0.07621090114116669,0.999043345451355,0.5596326589584351,0.4016643166542053,-0.11506573855876923,0.946325421333313,0.39347201585769653,0.3986332416534424,-0.17861755192279816,0.9106389880180359,0.5537864565849304,0.4786114990711212,-0.30199453234672546,0.9356741905212402,0.3890726864337921,0.4672132134437561,-0.4074915051460266,0.9098228216171265,0.5521436929702759,0.5119987726211548,-0.3510901927947998,0.9328846335411072,0.3855189383029938,0.5037077069282532,-0.4668630063533783,0.897721529006958,0.5432831048965454,0.4929039776325226,-0.377932608127594,0.9374525547027588,0.3938383460044861,0.4871486723423004,-0.48416322469711304,0.9049692153930664,0.5400585532188416,0.48109880089759827,-0.31696829199790955,0.9339250922203064,0.39911943674087524,0.4728187620639801,-0.4219079613685608,0.8971962928771973,0.5117688179016113,0.5545505285263062,-0.0033771817106753588,0.9926803708076477,0.44406795501708984,0.5593977570533752,0.003230208531022072,0.9923409223556519,0.5203574895858765,0.7484651207923889,0.01628577522933483,0.914073646068573,0.4374057352542877,0.7541728615760803,0.03081938624382019,0.8919485807418823,0.5299591422080994,0.9409772157669067,0.160140722990036,0.8958743810653687,0.43580564856529236,0.938305675983429,0.1645025610923767,0.8877959251403809,0.52405846118927,0.9602594375610352,0.16556844115257263,0.7853479981422424,0.44448453187942505,0.9597849249839783,0.17107179760932922,0.7597953677177429,0.5441681146621704,1.0061662197113037,0.03511917591094971,0.8828151822090149,0.41902613639831543,1.0050852298736572,0.0481417216360569,0.8673701882362366,squat
0.4715286195278168,0.19584013521671295,-0.2571691572666168,0.964745283126831,0.47789478302001953,0.1798596978187561,-0.23475798964500427,0.9548779129981995,0.4826553761959076,0.1808931827545166,-0.2350897341966629,0.956522524356842,0.48698967695236206,0.181662917137146,-0.2351064682006836,0.9589027762413025,0.4654046595096588,0.1802496314048767,-0.2359805554151535,0.9597167372703552,0.46111589670181274,0.18049058318138123,-0.2362905740737915,0.9647260308265686,0.4573892056941986,0.1810230314731598,-0.2365177422761917,0.9674625992774963,0.4902719557285309,0.18841561675071716,-0.1152319684624672,0.9680280089378357,0.45315876603126526,0.18805228173732758,-0.11959345638751984,0.9633914828300476,0.47909554839134216,0.2182111293077469,-0.2109086513519287,0.9702563285827637,0.46577101945877075,0.21545986831188202,-0.21432416141033173,0.9704560041427612,0.5290867686271667,0.3051125109195709,-0.060920022428035736,0.9995688796043396,0.4168888032436371,0.3070158362388611,-0.0630001500248909,0.9989897012710571,0.5600716471672058,0.44515275955200195,-0.1699286252260208,0.9496451616287231,0.391767680644989,0.43765178322792053,-0.210600346326828,0.9160603880882263,0.5252261757850647,0.4205160439014435,-0.4116697907447815,0.940282940864563,0.4227798581123352,0.41269823908805847,-0.46291404962539673,0.9153808951377869,0.5148830413818359,0.42004865407943726,-0.46400293707847595,0.9374963641166687,0.4338892102241516,0.41031965613365173,-0.524318516254425,0.9030675292015076,0.5076281428337097,0.39852195978164673,-0.46843934059143066,0.9415910243988037,0.436152845621109,0.38825610280036926,-0.5189234018325806,0.9093375205993652,0.5076413154602051,0.40192925930023193,-0.41745829582214355,0.9368675351142883,0.4343792498111725,0.3903501331806183,-0.46799007058143616,0.8993891477584839,0.5128785967826843,0.5836652517318726,-0.0011768806725740433,0.9933821558952332,0.44425255060195923,0.5886303186416626,0.0010641602566465735,0.9930604696273804,0.5312237739562988,0.762330949306488,-0.18779528141021729,0.9206430315971375,0.4148224890232086,0.7586071491241455,-0.20712320506572723,0.8993596434593201,0.5300588607788086,0.9422279596328735,0.014426199719309807,0.9011420011520386,0.42995113134384155,0.9312043190002441,0.014190779998898506,0.8906838297843933,0.5233751535415649,0.9604536294937134,0.028231387957930565,0.7861815690994263,0.43977922201156616,0.9532808065414429,0.03199867904186249,0.7580639123916626,0.5427711606025696,1.0067064762115479,-0.09324055910110474,0.8814337253570557,0.4066685140132904,0.9950577616691589,-0.0783911943435669,0.8595988154411316,squat
0.4724167287349701,0.2928093671798706,-0.1942044198513031,0.9681698083877563,0.4781820774078369,0.27313533425331116,-0.17241761088371277,0.9592529535293579,0.4827849864959717,0.2722441554069519,-0.1726645976305008,0.9607087969779968,0.48705655336380005,0.27240535616874695,-0.17262431979179382,0.9628775715827942,0.46593374013900757,0.27504464983940125,-0.17296014726161957,0.9636507630348206,0.4625236392021179,0.27546846866607666,-0.17324428260326385,0.9681683778762817,0.4591236710548401,0.275695264339447,-0.17345254123210907,0.970641553401947,0.4918486177921295,0.27863186597824097,-0.054685186594724655,0.9711156487464905,0.45376071333885193,0.2828812301158905,-0.057940222322940826,0.9669007658958435,0.4796987473964691,0.311358779668808,-0.14818774163722992,0.9730789661407471,0.46608686447143555,0.31381574273109436,-0.1510029286146164,0.9732556939125061,0.5311826467514038,0.37862926721572876,-0.015180878341197968,0.999550998210907,0.42236727476119995,0.38279926776885986,-0.010755142197012901,0.998995840549469,0.5603765845298767,0.5118560791015625,-0.16309991478919983,0.948875904083252,0.392068088054657,0.5064475536346436,-0.1914292871952057,0.9195948839187622,0.5113261938095093,0.4193955361843109,-0.3780575096607208,0.9413206577301025,0.4401857852935791,0.4038296937942505,-0.4028324484825134,0.9212467670440674,0.49911633133888245,0.394680917263031,-0.41834455728530884,0.9383730292320251,0.4539313316345215,0.38483962416648865,-0.4521443843841553,0.908231794834137,0.49360746145248413,0.3788621723651886,-0.4115125238895416,0.9414915442466736,0.45809000730514526,0.37113669514656067,-0.46267470717430115,0.9130375385284424,0.49318867921829224,0.3915567994117737,-0.37752246856689453,0.9332051873207092,0.45647937059402466,0.3810347318649292,-0.40447235107421875,0.9016401171684265,0.5162614583969116,0.6385055184364319,-0.0022740443237125874,0.9940192103385925,0.444404274225235,0.6343066096305847,0.002169084269553423,0.9937314391136169,0.5547060370445251,0.80873042345047,-0.16829298436641693,0.92387455701828,0.3863216042518616,0.788338303565979,-0.23953668773174286,0.9067012071609497,0.5324500203132629,0.9424186944961548,0.05574990063905716,0.8983634114265442,0.43002963066101074,0.9273155331611633,-0.006445877254009247,0.8883166909217834,0.5236364603042603,0.9544965028762817,0.07436604797840118,0.7747039794921875,0.4403722286224365,0.940737247467041,0.016221102327108383,0.7572970986366272,0.5431379675865173,1.011272668838501,-0.023211676627397537,0.866398811340332,0.40575283765792847,1.0119774341583252,-0.058366842567920685,0.8440146446228027,squat
0.47546935081481934,0.39235547184944153,-0.28875434398651123,0.9713306427001953,0.48225244879722595,0.368341326713562,-0.2661815881729126,0.9633039236068726,0.48689985275268555,0.36889490485191345,-0.26639524102211,0.9646093845367432,0.4918103814125061,0.36932021379470825,-0.2663859724998474,0.9665639400482178,0.46851056814193726,0.36724695563316345,-0.26532214879989624,0.9672711491584778,0.46486181020736694,0.3673801124095917,-0.265522301197052,0.9713383913040161,0.461262047290802,0.36816975474357605,-0.2656695246696472,0.9735650420188904,0.4966963231563568,0.37521520256996155,-0.14597652852535248,0.9739879965782166,0.45426973700523376,0.37717878818511963,-0.14166972041130066,0.9701906442642212,0.4841865599155426,0.4081769585609436,-0.24298307299613953,0.9757251143455505,0.46831685304641724,0.4100441038608551,-0.244045227766037,0.9758928418159485,0.5326661467552185,0.4699098467826843,-0.12434349954128265,0.999535083770752,0.42285603284835815,0.47287407517433167,-0.1092144101858139,0.9990506768226624,0.5604850053787231,0.5878109931945801,-0.3154723048210144,0.9511421918869019,0.3921293616294861,0.5796754360198975,-0.3149513900279999,0.9262603521347046,0.507465124130249,0.455090194940567,-0.5039212107658386,0.9423672556877136,0.45204609632492065,0.4271506369113922,-0.5070939064025879,0.9287233948707581,0.4973210394382477,0.4400303363800049,-0.5411293506622314,0.9377629160881042,0.46813124418258667,0.4349514842033386,-0.5497090816497803,0.9164547324180603,0.49535661935806274,0.42549794912338257,-0.5197026133537292,0.939139187335968,0.4693419337272644,0.41926783323287964,-0.5207391977310181,0.9204995632171631,0.49427223205566406,0.4326295554637909,-0.4980430006980896,0.9272887706756592,0.4660317301750183,0.4244996905326843,-0.5000871419906616,0.909498393535614,0.5233112573623657,0.7192581295967102,-0.004179040901362896,0.9945896863937378,0.44835004210472107,0.7218853235244751,0.0040301112458109856,0.9943398237228394,0.5787960290908813,0.850571870803833,-0.23918668925762177,0.9272597432136536,0.3735387623310089,0.8258564472198486,-0.22983033955097198,0.9118996262550354,0.5331166982650757,0.9395325779914856,0.04732506722211838,0.8711197376251221,0.430257648229599,0.9285517930984497,0.018182355910539627,0.8797459006309509,0.5233679413795471,0.9358919858932495,0.07543279230594635,0.761282205581665,0.44171014428138733,0.9416162371635437,0.04390397295355797,0.75880366563797,0.5387231111526489,1.0014591217041016,0.016525741666555405,0.8307898044586182,0.4085683822631836,1.0180020332336426,-0.012998123653233051,0.8212305307388306,squat
0.4779976010322571,0.3908545970916748,-0.32601916790008545,0.9741666316986084,0.4846872389316559,0.36858630180358887,-0.30809974670410156,0.9669387936592102,0.48971429467201233,0.36864158511161804,-0.30835244059562683,0.968104898929596,0.4944569170475006,0.3694927990436554,-0.30835533142089844,0.96986985206604,0.4706820845603943,0.3684355318546295,-0.3066428005695343,0.9705227017402649,0.46642956137657166,0.36860257387161255,-0.3069119155406952,0.9741843938827515,0.463527113199234,0.36905747652053833,-0.30709123611450195,0.9761908054351807,0.5007991194725037,0.3733462393283844,-0.19520187377929688,0.9765710830688477,0.45592284202575684,0.37429842352867126,-0.1890617311000824,0.9731499552726746,0.48743361234664917,0.4081525504589081,-0.28125765919685364,0.9781123995780945,0.47032827138900757,0.41122937202453613,-0.28127989172935486,0.9782701730728149,0.5360080003738403,0.4683563709259033,-0.1636020988225937,0.9995437264442444,0.42548567056655884,0.47219377756118774,-0.13800309598445892,0.9991145730018616,0.5611253976821899,0.5909022688865662,-0.36265987157821655,0.9527014493942261,0.3980773389339447,0.5873635411262512,-0.3405872881412506,0.9313308000564575,0.5082216262817383,0.45957714319229126,-0.5683121085166931,0.9427117705345154,0.45377740263938904,0.43431705236434937,-0.5537561774253845,0.9350719451904297,0.49940380454063416,0.444128155708313,-0.6118415594100952,0.9363382458686829,0.46608519554138184,0.4430868327617645,-0.601753294467926,0.9231237769126892,0.49418002367019653,0.432193785905838,-0.591697633266449,0.9358993172645569,0.4708990156650543,0.4293457865715027,-0.5731257796287537,0.9262082576751709,0.4931122660636902,0.4444795250892639,-0.5637547969818115,0.918083131313324,0.46958938241004944,0.43834254145622253,-0.5480521321296692,0.9146358966827393,0.5256860256195068,0.7123498916625977,-0.007205391768366098,0.9951089024543762,0.4505561292171478,0.7165935039520264,0.007075896952301264,0.9948916435241699,0.5796477794647217,0.8552645444869995,-0.22654394805431366,0.9260708093643188,0.3756621479988098,0.8304809331893921,-0.22826805710792542,0.9134159684181213,0.5365372896194458,0.9368239641189575,0.07830259948968887,0.8228613138198853,0.4290371537208557,0.9290261268615723,0.04101976379752159,0.8504032492637634,0.5240581035614014,0.929323136806488,0.08078201860189438,0.7215721607208252,0.4422343671321869,0.9431987404823303,0.06859219819307327,0.737294614315033,0.5390007495880127,0.995290219783783,0.07005306333303452,0.7757588028907776,0.40126848220825195,1.0025172233581543,-0.009500274434685707,0.7777417302131653,squat
0.47899213433265686,0.3115156888961792,-0.17527279257774353,0.9766893982887268,0.4853569567203522,0.29067203402519226,-0.1523219496011734,0.9701443910598755,0.4902939796447754,0.29093682765960693,-0.15254582464694977,0.971172571182251,0.49483031034469604,0.2916068732738495,-0.15253888070583344,0.9728003144264221,0.4722541272640228,0.2910762429237366,-0.15182313323020935,0.9734011888504028,0.4680422246456146,0.2915731370449066,-0.15209145843982697,0.9767019152641296,0.46475616097450256,0.29236915707588196,-0.15227434039115906,0.9785171747207642,0.5014327764511108,0.29695403575897217,-0.029810795560479164,0.9788753390312195,0.4579005837440491,0.2982325851917267,-0.027952095493674278,0.9757384061813354,0.4877435564994812,0.32883235812187195,-0.12792585790157318,0.9802802205085754,0.4716051518917084,0.33079445362091064,-0.12911969423294067,0.9804174304008484,0.5371716618537903,0.40265896916389465,0.011088422499597073,0.9995822310447693,0.42636045813560486,0.40636593103408813,0.04105140268802643,0.9991772174835205,0.5680422186851501,0.5347664952278137,-0.0909506231546402,0.9553862810134888,0.3980121910572052,0.5343878269195557,-0.09502681344747543,0.9332197904586792,0.5190024375915527,0.46181395649909973,-0.30787530541419983,0.9472534656524658,0.44395190477371216,0.44238391518592834,-0.3446340560913086,0.9396709203720093,0.512174129486084,0.4453461170196533,-0.35540348291397095,0.9411920309066772,0.4542674422264099,0.4457436800003052,-0.3980484902858734,0.9282664060592651,0.5047208666801453,0.4301128387451172,-0.3486538529396057,0.9406729340553284,0.45669469237327576,0.4246078431606293,-0.3866646885871887,0.9305996894836426,0.5033846497535706,0.43956607580184937,-0.3083832859992981,0.9229499101638794,0.45639219880104065,0.43365415930747986,-0.34621578454971313,0.9180432558059692,0.5266960263252258,0.672402560710907,-0.010624176822602749,0.9955934286117554,0.45296794176101685,0.6755807995796204,0.010508658364415169,0.9953970909118652,0.5706762075424194,0.8344443440437317,-0.1960517317056656,0.9315539002418518,0.3892246186733246,0.8146329522132874,-0.21903689205646515,0.9201794266700745,0.5353952646255493,0.9373825788497925,0.09750768542289734,0.8255718946456909,0.43086251616477966,0.9295629858970642,0.06319589912891388,0.8534920811653137,0.5217589139938354,0.9350823163986206,0.1265818476676941,0.7158669233322144,0.4450705647468567,0.9440171122550964,0.0887114554643631,0.7416664958000183,0.5393856763839722,0.9999817609786987,0.06458687782287598,0.7678093910217285,0.40263038873672485,1.003924012184143,0.0010284712770953774,0.7736319303512573,squat
0.4792194962501526,0.18744312226772308,-0.22920671105384827,0.9790156483650208,0.4857848584651947,0.16830378770828247,-0.21329863369464874,0.9731163382530212,0.49088436365127563,0.1688300520181656,-0.21361064910888672,0.9740408658981323,0.49530619382858276,0.169719859957695,-0.21359460055828094,0.9755086302757263,0.47264760732650757,0.1681654304265976,-0.21502971649169922,0.9760496020317078,0.46842852234840393,0.16876573860645294,-0.2153695821762085,0.9790216088294983,0.46497970819473267,0.16969624161720276,-0.21561448276042938,0.9806535243988037,0.5024796724319458,0.18109935522079468,-0.10008762031793594,0.9809832572937012,0.45842528343200684,0.17910552024841309,-0.10372797399759293,0.9781436324119568,0.4877069592475891,0.2084607630968094,-0.18435020744800568,0.9822500348091125,0.4718199670314789,0.20888273417949677,-0.18927520513534546,0.9823725819587708,0.5382424592971802,0.3041170537471771,-0.029440123587846756,0.9996227622032166,0.4260454773902893,0.3096223473548889,-0.03836166113615036,0.9992498755455017,0.5680718421936035,0.4325939118862152,-0.12119822204113007,0.959718644618988,0.3994733691215515,0.4397716820240021,-0.14530767500400543,0.9387771487236023,0.5369372367858887,0.47743919491767883,-0.39080607891082764,0.9524670839309692,0.4239107668399811,0.4779035449028015,-0.46028023958206177,0.9453166127204895,0.537433385848999,0.50620436668396,-0.45423150062561035,0.9469873905181885,0.4238012731075287,0.5149202346801758,-0.5272529125213623,0.9350096583366394,0.5272794961929321,0.49219202995300293,-0.4726269245147705,0.9465273022651672,0.4344910979270935,0.501905083656311,-0.542658269405365,0.937136173248291,0.5239733457565308,0.4836041331291199,-0.40361085534095764,0.9305057525634766,0.4391671121120453,0.49083366990089417,-0.47480034828186035,0.9255926609039307,0.5263936519622803,0.5887136459350586,-0.010202307254076004,0.9960308074951172,0.45326846837997437,0.6001219153404236,0.010078863240778446,0.9958511590957642,0.5549675822257996,0.7729538083076477,-0.1594284474849701,0.9379040002822876,0.41112151741981506,0.7841385006904602,-0.16096928715705872,0.9270243644714355,0.534416139125824,0.9387784600257874,0.04794313758611679,0.8418418169021606,0.4311191439628601,0.9305363297462463,0.06333567202091217,0.866272509098053,0.5215795040130615,0.946571409702301,0.06147519871592522,0.7354118227958679,0.4439167082309723,0.9485726952552795,0.08124376833438873,0.7593086957931519,0.5401136875152588,1.0062813758850098,-0.05337874963879585,0.788572371006012,0.402474969625473,1.003233790397644,-0.0197056382894516,0.792261004447937,squat
0.4812781810760498,0.13148830831050873,-0.315959632396698,0.9811087250709534,0.48696279525756836,0.11349751055240631,-0.29443392157554626,0.9757851958274841,0.4918566346168518,0.1139276921749115,-0.29477882385253906,0.9766170382499695,0.4960044324398041,0.11524014174938202,-0.2947714924812317,0.9779410362243652,0.4738072454929352,0.1131870448589325,-0.2989268898963928,0.9784305095672607,0.4697302281856537,0.11375358700752258,-0.2992519736289978,0.9811079502105713,0.465644508600235,0.11502332985401154,-0.29945212602615356,0.9825761318206787,0.5027731657028198,0.12616173923015594,-0.16409127414226532,0.9828764796257019,0.4592219293117523,0.12630727887153625,-0.18292377889156342,0.9803065657615662,0.489175021648407,0.15069632232189178,-0.2651648223400116,0.9840219616889954,0.473621129989624,0.152570903301239,-0.27275925874710083,0.9841316342353821,0.5387842655181885,0.2541978359222412,-0.07427287846803665,0.9996594786643982,0.4260052740573883,0.2564317584037781,-0.09622985124588013,0.9993189573287964,0.5679482221603394,0.39050424098968506,-0.1206788420677185,0.9633744955062866,0.3994089961051941,0.399840384721756,-0.1537996530532837,0.9438809752464294,0.5724647045135498,0.4856722950935364,-0.3039541244506836,0.9570454955101013,0.3911066949367523,0.4984690845012665,-0.3390336036682129,0.9502809643745422,0.579993724822998,0.5263473391532898,-0.34954580664634705,0.9519967436790466,0.3783099949359894,0.5358959436416626,-0.38795533776283264,0.9407277703285217,0.5717734098434448,0.5189021825790405,-0.38596978783607483,0.951626718044281,0.38693052530288696,0.534885585308075,-0.4223213791847229,0.9427435398101807,0.5653821229934692,0.5062596797943115,-0.32225534319877625,0.9370802640914917,0.39779967069625854,0.5257309675216675,-0.35824641585350037,0.9321346879005432,0.5236389636993408,0.547307014465332,-0.005156298168003559,0.9964246153831482,0.45235759019851685,0.5543191432952881,0.004963597748428583,0.9962616562843323,0.529395341873169,0.7405195236206055,-0.0017750079277902842,0.9432492256164551,0.4390929341316223,0.7533819675445557,-0.014203096739947796,0.932904064655304,0.5314549207687378,0.9389015436172485,0.15143172442913055,0.8567474484443665,0.4317173957824707,0.932012677192688,0.14033475518226624,0.8784893155097961,0.5216715931892395,0.9533382654190063,0.15708166360855103,0.7494277358055115,0.4435371458530426,0.9518512487411499,0.14873024821281433,0.7715123891830444,0.540446400642395,1.006272554397583,0.009380597621202469,0.8082214593887329,0.4074391722679138,1.0034722089767456,0.013644079677760601,0.8108718395233154,squat
0.48108500242233276,0.13006791472434998,-0.34427323937416077,0.9829964637756348,0.4867941737174988,0.11363547295331955,-0.3262898921966553,0.9782017469406128,0.49183231592178345,0.1149294450879097,-0.3266231417655945,0.9789500832557678,0.4959256052970886,0.1166740208864212,-0.3266207277774811,0.9801425337791443,0.473715215921402,0.11366454511880875,-0.32799625396728516,0.9805840849876404,0.4695793092250824,0.11462876200675964,-0.3282987177371979,0.9829942584037781,0.4655364453792572,0.1160278394818306,-0.32846570014953613,0.9843155741691589,0.5023804903030396,0.1273072063922882,-0.2083636075258255,0.9845865964889526,0.45918649435043335,0.12568144500255585,-0.21443955600261688,0.9822699427604675,0.48912468552589417,0.151154026389122,-0.29750552773475647,0.9856188297271729,0.4734710156917572,0.1521340161561966,-0.3011854887008667,0.9857173562049866,0.538676381111145,0.25020158290863037,-0.1344500482082367,0.9996930956840515,0.4246150553226471,0.2547721266746521,-0.12572993338108063,0.9993849992752075,0.5709980130195618,0.3842887878417969,-0.1487257182598114,0.9667500257492065,0.3964478373527527,0.39546072483062744,-0.174249529838562,0.9487271904945374,0.587518572807312,0.4873361885547638,-0.3152058720588684,0.9611221551895142,0.37171557545661926,0.4965899586677551,-0.36119750142097473,0.9548521637916565,0.5959926843643188,0.5258073210716248,-0.35828083753585815,0.9564003944396973,0.35799461603164673,0.5316515564918518,-0.4097815155982971,0.9460045695304871,0.5871802568435669,0.5220308899879456,-0.3935855031013489,0.9561258554458618,0.36668023467063904,0.5324101448059082,-0.43859878182411194,0.9479024410247803,0.5810792446136475,0.511218786239624,-0.3328343331813812,0.9428685307502747,0.3748229444026947,0.5230252742767334,-0.3789956867694855,0.938170850276947,0.520104169845581,0.539459764957428,-0.005689194891601801,0.9967806935310364,0.45137959718704224,0.5453191995620728,0.00546253053471446,0.9966333508491516,0.5219487547874451,0.7371330261230469,-0.009000451304018497,0.9482167959213257,0.44125890731811523,0.7473501563072205,0.02469734102487564,0.9377428889274597,0.530595600605011,0.9389636516571045,0.13857117295265198,0.8703235983848572,0.43320900201797485,0.9324941635131836,0.17850567400455475,0.8895153403282166,0.522197425365448,0.9564982056617737,0.14461715519428253,0.7634987235069275,0.4436531662940979,0.9541327357292175,0.18687069416046143,0.7837815880775452,0.539559543132782,1.0063992738723755,0.003992780111730099,0.8264098167419434,0.41734594106674194,1.0037561655044556,0.0580202154815197,0.8281062841415405,squat
0.4809419512748718,0.13370592892169952,-0.22901329398155212,0.9846867918968201,0.4866577088832855,0.11644293367862701,-0.20782065391540527,0.9803510308265686,0.49167829751968384,0.11762124300003052,-0.2081208974123001,0.9810194969177246,0.4958609938621521,0.11896557360887527,-0.20810727775096893,0.9821020364761353,0.4736560881137848,0.11556185781955719,-0.20853941142559052,0.9825022220611572,0.4694545865058899,0.11603071540594101,-0.20880739390850067,0.9846730828285217,0.46538257598876953,0.1172252893447876,-0.20895537734031677,0.9858629703521729,0.5015629529953003,0.130020409822464,-0.09035304933786392,0.9861137866973877,0.45872122049331665,0.12893159687519073,-0.09268881380558014,0.9839977622032166,0.48869600892066956,0.15418757498264313,-0.18364395201206207,0.9870510697364807,0.47327226400375366,0.15449246764183044,-0.186293363571167,0.987138032913208,0.5371468663215637,0.25095561146736145,-0.04653027281165123,0.9997222423553467,0.4241316318511963,0.2528184652328491,-0.03101985529065132,0.9994393587112427,0.5697107315063477,0.3744608461856842,-0.12579908967018127,0.9693093299865723,0.39528343081474304,0.37861907482147217,-0.1486361026763916,0.9507144093513489,0.5786312818527222,0.45575591921806335,-0.3357071578502655,0.9647217988967896,0.38578560948371887,0.4717521667480469,-0.3817574977874756,0.9582312107086182,0.5758039355278015,0.4978161156177521,-0.3833560347557068,0.9603981375694275,0.3807827830314636,0.524959921836853,-0.45491331815719604,0.9501976370811462,0.5694485306739807,0.4892997443675995,-0.4202473759651184,0.960191547870636,0.3888900876045227,0.5120676755905151,-0.4799133241176605,0.9520228505134583,0.564644455909729,0.47532904148101807,-0.34571701288223267,0.9479900002479553,0.39434555172920227,0.4922114908695221,-0.4060679078102112,0.9426432847976685,0.5160671472549438,0.5398706793785095,-0.0056518083438277245,0.9970994591712952,0.44795355200767517,0.5464297533035278,0.005429989192634821,0.996965229511261,0.5207637548446655,0.7368179559707642,-0.02792445942759514,0.9502100944519043,0.4410557746887207,0.742067813873291,-0.01809081807732582,0.9381245374679565,0.5297377109527588,0.9391477704048157,0.12531225383281708,0.8811486959457397,0.43390893936157227,0.9325503706932068,0.1383032202720642,0.8974766135215759,0.52228844165802,0.960620641708374,0.13687756657600403,0.767127275466919,0.443560928106308,0.9551297426223755,0.15689633786678314,0.786014199256897,0.5398898720741272,1.0060722827911377,-0.022722473368048668,0.8407583236694336,0.4207247197628021,1.0038946866989136,0.007585290819406509,0.8404680490493774,squat
0.4795636236667633,0.1509113907814026,-0.2128070890903473,0.9859293699264526,0.48580408096313477,0.13442298769950867,-0.19100329279899597,0.9816765189170837,0.49048131704330444,0.1359591782093048,-0.19129519164562225,0.9822760224342346,0.4937092661857605,0.13696181774139404,-0.19130510091781616,0.9834450483322144,0.4726497530937195,0.13341647386550903,-0.19407318532466888,0.9837058186531067,0.4688209593296051,0.13368366658687592,-0.19436614215373993,0.985722005367279,0.4648371636867523,0.13401253521442413,-0.19455863535404205,0.9868210554122925,0.497516930103302,0.14673002064228058,-0.07117962092161179,0.9872918128967285,0.45764851570129395,0.14275696873664856,-0.0844724029302597,0.9846781492233276,0.48556166887283325,0.1721709817647934,-0.16570569574832916,0.9882118105888367,0.4715980589389801,0.16964119672775269,-0.17161938548088074,0.9882397651672363,0.5322105288505554,0.26173141598701477,-0.015414009802043438,0.9997377991676331,0.4211187958717346,0.26616019010543823,-0.028386598452925682,0.9994167685508728,0.5633423328399658,0.38873371481895447,-0.11042024195194244,0.969681978225708,0.3896649479866028,0.39602670073509216,-0.1654592752456665,0.9490044713020325,0.5230631828308105,0.36737775802612305,-0.3282840847969055,0.9659034609794617,0.42397427558898926,0.36469486355781555,-0.3873629570007324,0.9533291459083557,0.5099657773971558,0.36621221899986267,-0.37514790892601013,0.9613504409790039,0.43573132157325745,0.35985085368156433,-0.4565475583076477,0.9441148042678833,0.5060484409332275,0.3458081781864166,-0.38305652141571045,0.9610892534255981,0.43744421005249023,0.3402622938156128,-0.46121692657470703,0.9448995590209961,0.5073620676994324,0.34730368852615356,-0.3339018225669861,0.9478681683540344,0.4347829222679138,0.3425195813179016,-0.40614742040634155,0.9304840564727783,0.5143290758132935,0.5513368248939514,0.003109243232756853,0.997382402420044,0.44444113969802856,0.5563116669654846,-0.003261632053181529,0.997256338596344,0.5252922773361206,0.7427859902381897,-0.1242436021566391,0.9543163180351257,0.435131311416626,0.7483054995536804,-0.1331978291273117,0.9426523447036743,0.5294957756996155,0.9383330345153809,0.041265152394771576,0.8918285369873047,0.4339001774787903,0.9326715469360352,0.04660288989543915,0.9058660864830017,0.5222023725509644,0.960239827632904,0.05071770027279854,0.7797965407371521,0.44289636611938477,0.954675555229187,0.06014673784375191,0.7945974469184875,0.5405961275100708,1.0059874057769775,-0.08912225812673569,0.8538552522659302,0.41985875368118286,1.003933310508728,-0.06864453852176666,0.8517228960990906,squat
0.478209912776947,0.21122415363788605,-0.2272477149963379,0.987079918384552,0.48321324586868286,0.19167359173297882,-0.20483751595020294,0.9830289483070374,0.48838549852371216,0.19203788042068481,-0.20510713756084442,0.983563244342804,0.4919349253177643,0.1917877346277237,-0.20509636402130127,0.9846561551094055,0.47111135721206665,0.192302867770195,-0.20583879947662354,0.9850031137466431,0.4678543508052826,0.19222401082515717,-0.2061336785554886,0.9868938326835632,0.46371355652809143,0.1926608383655548,-0.20633435249328613,0.9878832697868347,0.4960521161556244,0.19574566185474396,-0.08399833738803864,0.9883617758750916,0.45678433775901794,0.19690227508544922,-0.0887925773859024,0.9858872294425964,0.4842921197414398,0.22835850715637207,-0.180292546749115,0.9891229867935181,0.47098684310913086,0.22941763699054718,-0.18372215330600739,0.9891554713249207,0.531011700630188,0.302301824092865,-0.04148746281862259,0.9996435642242432,0.4221798777580261,0.29911404848098755,-0.0389910489320755,0.9993106722831726,0.5623001456260681,0.3981863558292389,-0.20987343788146973,0.970740020275116,0.38630348443984985,0.40420129895210266,-0.22882036864757538,0.9515393972396851,0.5022733211517334,0.33213984966278076,-0.41463980078697205,0.9665935039520264,0.4397425651550293,0.3285618722438812,-0.44177499413490295,0.9568697810173035,0.48847049474716187,0.30380862951278687,-0.45529502630233765,0.9615804553031921,0.45299649238586426,0.30512815713882446,-0.4921106696128845,0.9477899670600891,0.4850391447544098,0.291940301656723,-0.4369262158870697,0.9608257412910461,0.4570745825767517,0.2908681333065033,-0.46875184774398804,0.9480922222137451,0.4861294627189636,0.30544736981391907,-0.410614013671875,0.9464491605758667,0.4553871750831604,0.3041529357433319,-0.4392379820346832,0.9341332316398621,0.5143104195594788,0.5841455459594727,0.002771927509456873,0.9976161122322083,0.4442252218723297,0.5885651707649231,-0.002901362255215645,0.9975024461746216,0.537798285484314,0.7558844685554504,-0.2165907919406891,0.958190381526947,0.4077237546443939,0.771687388420105,-0.2499200850725174,0.9475993514060974,0.5295623540878296,0.9384216070175171,-0.01131431944668293,0.9008145928382874,0.43357712030410767,0.932200014591217,-0.028064925223588943,0.9131321907043457,0.521670937538147,0.959324061870575,0.0043362220749258995,0.7925100326538086,0.4429721236228943,0.9534958600997925,-0.008382081985473633,0.8070900440216064,0.5409254431724548,1.0089958906173706,-0.10006610304117203,0.8638677597045898,0.41122597455978394,1.0033403635025024,-0.10346291959285736,0.8603554368019104,squat
0.4739970266819,0.3435194790363312,-0.27094966173171997,0.9883473515510559,0.4805363714694977,0.3200858533382416,-0.2494763880968094,0.9847007989883423,0.48572689294815063,0.320477694272995,-0.249742791056633,0.9851779937744141,0.4903588891029358,0.32107701897621155,-0.24971790611743927,0.986163854598999,0.4677523672580719,0.3194875121116638,-0.2483167201280594,0.9864842891693115,0.46360960602760315,0.3193708062171936,-0.24858562648296356,0.9881876111030579,0.4597063660621643,0.31970277428627014,-0.24876639246940613,0.9890775680541992,0.4950365126132965,0.328931599855423,-0.13027723133563995,0.9895088076591492,0.45551881194114685,0.3292878270149231,-0.12592695653438568,0.9872671961784363,0.4826953411102295,0.3620344400405884,-0.22462379932403564,0.9901498556137085,0.4660424292087555,0.3631419241428375,-0.22539465129375458,0.9901790618896484,0.5299986004829407,0.42070579528808594,-0.1036711186170578,0.9995982646942139,0.4230186343193054,0.4239291250705719,-0.08476074039936066,0.9992484450340271,0.5578310489654541,0.5176150798797607,-0.30004727840423584,0.9717442393302917,0.387239933013916,0.5127726197242737,-0.30644384026527405,0.9534481167793274,0.4967852234840393,0.34610769152641296,-0.48750489950180054,0.9661479592323303,0.44502052664756775,0.3688253164291382,-0.516915500164032,0.9595330357551575,0.4863480031490326,0.3687817454338074,-0.5249194502830505,0.959951639175415,0.45318037271499634,0.3638896942138672,-0.5622240900993347,0.949743390083313,0.4851105809211731,0.3564985394477844,-0.5024110078811646,0.9581694006919861,0.4541066288948059,0.3527464270591736,-0.5319665670394897,0.9491499662399292,0.4854467511177063,0.3653554320335388,-0.48142021894454956,0.9420714974403381,0.4535333514213562,0.36441776156425476,-0.5113013982772827,0.9351003766059875,0.5192981958389282,0.6834877729415894,-0.0003742598055396229,0.997840166091919,0.4488162398338318,0.6845712661743164,0.00022079027257859707,0.9977400302886963,0.5737637281417847,0.8274784684181213,-0.22258475422859192,0.9616017937660217,0.3816134035587311,0.8127401471138,-0.23380553722381592,0.9521393179893494,0.5299803018569946,0.9384979009628296,0.014665747992694378,0.9066460132598877,0.4337196350097656,0.9346769452095032,-0.0026376391761004925,0.919037938117981,0.5194605588912964,0.9505032896995544,0.035318173468112946,0.8024531006813049,0.44708436727523804,0.9531027674674988,0.019705574959516525,0.8193292021751404,0.5418658256530762,1.01386559009552,-0.08458852022886276,0.8682761788368225,0.4062024652957916,1.0047051906585693,-0.05877446383237839,0.8657050728797913,squat
0.4735301434993744,0.3791697323322296,-0.1644754260778427,0.9894108176231384,0.48031195998191833,0.3584812879562378,-0.1405673623085022,0.9861136674880981,0.48563218116760254,0.35817524790763855,-0.1407768428325653,0.9865156412124634,0.4900398254394531,0.35804396867752075,-0.14076513051986694,0.9874305725097656,0.4670695662498474,0.35840848088264465,-0.14079682528972626,0.9877591729164124,0.4624903202056885,0.35914674401283264,-0.14103363454341888,0.9892961382865906,0.4584527611732483,0.35978007316589355,-0.14119386672973633,0.9901077151298523,0.49447083473205566,0.36637237668037415,-0.02534526027739048,0.9904882311820984,0.45386379957199097,0.36771443486213684,-0.02730649709701538,0.9884340763092041,0.4821833074092865,0.39602869749069214,-0.12047608196735382,0.9909168481826782,0.4651159346103668,0.3984508216381073,-0.12286856025457382,0.9909494519233704,0.5295591354370117,0.4590187072753906,-0.019955648109316826,0.9994410872459412,0.42161259055137634,0.4656790494918823,-0.0015395220834761858,0.9990828037261963,0.5559619665145874,0.5687500834465027,-0.23252293467521667,0.9662691354751587,0.3876062333583832,0.5568624138832092,-0.22797945141792297,0.9513688683509827,0.49477964639663696,0.4359821379184723,-0.3643004596233368,0.9503783583641052,0.44541460275650024,0.42891621589660645,-0.4108058512210846,0.9572452306747437,0.4848752021789551,0.3794831931591034,-0.39462509751319885,0.9384603500366211,0.4516304135322571,0.3721691071987152,-0.44838929176330566,0.9427928924560547,0.4862430691719055,0.3579714894294739,-0.3675628900527954,0.9331268072128296,0.4520205557346344,0.3556208312511444,-0.415520042181015,0.939674437046051,0.48666805028915405,0.400224894285202,-0.35453835129737854,0.9088602066040039,0.45223456621170044,0.39739692211151123,-0.4016420841217041,0.9217943549156189,0.5218970775604248,0.7211694717407227,-0.002709893975406885,0.9980180859565735,0.4496653079986572,0.7272152304649353,0.0025723290164023638,0.997933566570282,0.5799663066864014,0.838574230670929,-0.2564069926738739,0.9629111289978027,0.37204474210739136,0.8245152831077576,-0.24988186359405518,0.9536234140396118,0.5329142808914185,0.9385253190994263,0.01860630325973034,0.8863383531570435,0.4323643743991852,0.9306347966194153,0.015896771103143692,0.9028879404067993,0.5211023688316345,0.941626250743866,0.04505380615592003,0.7855533361434937,0.447302907705307,0.9439610838890076,0.04224265366792679,0.8082900643348694,0.5417081117630005,1.0023949146270752,-0.021680165082216263,0.8333560228347778,0.4064295291900635,1.0098369121551514,-0.013704845681786537,0.8334274888038635,squat
0.4732622504234314,0.3242160379886627,-0.16205212473869324,0.9903985261917114,0.4797275960445404,0.3026801347732544,-0.1377653181552887,0.987392783164978,0.4849523901939392,0.30280065536499023,-0.137960284948349,0.9877235293388367,0.4890303611755371,0.3028349280357361,-0.13793356716632843,0.988573431968689,0.4668680727481842,0.30246564745903015,-0.13825669884681702,0.9889159798622131,0.462644100189209,0.3023281395435333,-0.13851255178451538,0.9903057813644409,0.45865100622177124,0.3026663064956665,-0.13867470622062683,0.9910449981689453,0.49331098794937134,0.30941715836524963,-0.01731739193201065,0.9913784265518188,0.45364752411842346,0.3101796805858612,-0.020567642524838448,0.9895133972167969,0.48151978850364685,0.34224632382392883,-0.11614719778299332,0.9917060732841492,0.46535438299179077,0.3421049416065216,-0.11888617277145386,0.9917468428611755,0.5288077592849731,0.40866950154304504,-0.0014506884617730975,0.9993898272514343,0.42200392484664917,0.41438934206962585,0.013955498114228249,0.9990675449371338,0.5558596253395081,0.517394483089447,-0.1942431479692459,0.9641168117523193,0.3879016041755676,0.513995885848999,-0.1989617943763733,0.9506603479385376,0.49673181772232056,0.4064827263355255,-0.3609715402126312,0.9444811940193176,0.44734954833984375,0.40049058198928833,-0.4034055769443512,0.9581422209739685,0.48501235246658325,0.3633788526058197,-0.3976149559020996,0.9292726516723633,0.4579165577888489,0.3623386323451996,-0.4465762674808502,0.9421631097793579,0.481844961643219,0.3489001393318176,-0.3747846484184265,0.9217779040336609,0.4585447907447815,0.34725722670555115,-0.4169248640537262,0.9375629425048828,0.4829518795013428,0.36928898096084595,-0.3542192578315735,0.8913915753364563,0.4569512903690338,0.3657660186290741,-0.3965795040130615,0.9181709289550781,0.5220274925231934,0.6743477582931519,-0.004700954537838697,0.9982011318206787,0.4495934844017029,0.6767733693122864,0.004564100876450539,0.9981276988983154,0.5753017067909241,0.8257321119308472,-0.2306276559829712,0.9622336030006409,0.3794842064380646,0.8152178525924683,-0.23851437866687775,0.9533033967018127,0.5327529311180115,0.9380236268043518,0.03033042885363102,0.8708776235580444,0.43035680055618286,0.9304850101470947,0.01615263894200325,0.8906930088996887,0.5203197002410889,0.9397295713424683,0.053917836397886276,0.7666872143745422,0.4472064971923828,0.943689227104187,0.042174678295850754,0.797893762588501,0.5414191484451294,1.0044012069702148,-0.013985270634293556,0.8062225580215454,0.40660953521728516,1.021966576576233,-0.015016640536487103,0.8093339204788208,squat
0.4722486138343811,0.19028638303279877,-0.19780947268009186,0.991125762462616,0.4790384769439697,0.17080844938755035,-0.17485471069812775,0.9880854487419128,0.4834848940372467,0.1711578071117401,-0.17509889602661133,0.9883213043212891,0.4877088665962219,0.172002375125885,-0.1750844120979309,0.9892703890800476,0.4655945301055908,0.17163322865962982,-0.17560891807079315,0.9895867109298706,0.46151432394981384,0.17262603342533112,-0.17588356137275696,0.9908877611160278,0.457811176776886,0.1739296317100525,-0.17606118321418762,0.9915885925292969,0.49247604608535767,0.18296335637569427,-0.052252572029829025,0.9920157194137573,0.45259469747543335,0.18520189821720123,-0.05572690814733505,0.9898642897605896,0.48018282651901245,0.209143728017807,-0.151299387216568,0.9924449324607849,0.46468043327331543,0.2100195288658142,-0.154242604970932,0.9924560785293579,0.5283190011978149,0.2969518303871155,-0.007216473575681448,0.9994375705718994,0.42060962319374084,0.30688321590423584,-0.0008086630259640515,0.999101996421814,0.5554867386817932,0.42236328125,-0.13169047236442566,0.9642651081085205,0.38817691802978516,0.43892839550971985,-0.16479256749153137,0.9460934996604919,0.5031341314315796,0.38287052512168884,-0.3656371235847473,0.9473584294319153,0.44015973806381226,0.3838392496109009,-0.41912713646888733,0.9557299613952637,0.49337559938430786,0.3674458861351013,-0.41051140427589417,0.9333841800689697,0.4552273750305176,0.3646688759326935,-0.4825499653816223,0.9404815435409546,0.4906483292579651,0.34895166754722595,-0.4147036075592041,0.926629364490509,0.45275965332984924,0.34576284885406494,-0.476757675409317,0.9357239007949829,0.4905923306941986,0.3571256995201111,-0.355541467666626,0.896587610244751,0.44983285665512085,0.3529176414012909,-0.42390888929367065,0.9134649038314819,0.5183988213539124,0.5777841210365295,-0.002444565761834383,0.998373806476593,0.44777822494506836,0.590423047542572,0.002337351208552718,0.9983051419258118,0.5465646982192993,0.7653439044952393,-0.1670900285243988,0.9636626243591309,0.41164422035217285,0.7747604250907898,-0.21163086593151093,0.9554204344749451,0.5328626036643982,0.9382140040397644,0.061662234365940094,0.8790389895439148,0.4304782450199127,0.9316895604133606,0.014031240716576576,0.8971394300460815,0.521976888179779,0.9466438889503479,0.07773913443088531,0.7645789980888367,0.44541382789611816,0.9485152959823608,0.03274194151163101,0.7984351515769958,0.5426028966903687,1.0047465562820435,-0.03551686555147171,0.8157954216003418,0.4075375497341156,1.0126490592956543,-0.08399246633052826,0.8182054162025452,squat
0.4724244177341461,0.1380300521850586,-0.21677395701408386,0.9920074343681335,0.4791697859764099,0.12082894891500473,-0.19383977353572845,0.9892589449882507,0.4836394190788269,0.12122296541929245,-0.1941356211900711,0.9894686341285706,0.48787370324134827,0.12263992428779602,-0.19413794577121735,0.9903279542922974,0.4657846987247467,0.11945431679487228,-0.19928106665611267,0.9906134009361267,0.4617346227169037,0.1199624091386795,-0.19954156875610352,0.9917853474617004,0.4580163359642029,0.12094735354185104,-0.1996782124042511,0.9924158453941345,0.49263039231300354,0.1350267231464386,-0.06224134564399719,0.9928070306777954,0.4523700773715973,0.13131459057331085,-0.08785830438137054,0.9908522963523865,0.4801446497440338,0.1589072197675705,-0.16721346974372864,0.9931973814964294,0.4649246335029602,0.15921282768249512,-0.1760641634464264,0.993206262588501,0.5281903147697449,0.2540312111377716,-0.02394730970263481,0.9994927048683167,0.41951459646224976,0.2586423456668854,-0.01727946475148201,0.9991837739944458,0.5519146919250488,0.38458341360092163,-0.08793313056230545,0.9673892259597778,0.39194777607917786,0.39261534810066223,-0.13141074776649475,0.9495521187782288,0.5265644192695618,0.4506414234638214,-0.29467570781707764,0.952451229095459,0.4069362282752991,0.46337491273880005,-0.3379749655723572,0.9591113924980164,0.5341069102287292,0.485988587141037,-0.3479323089122772,0.9398000240325928,0.40222564339637756,0.5056564211845398,-0.3941059112548828,0.9451360702514648,0.5250606536865234,0.4782159924507141,-0.3737236559391022,0.9337480068206787,0.4107396602630615,0.49716195464134216,-0.4173201620578766,0.9409782886505127,0.5189310312271118,0.4675579369068146,-0.30846643447875977,0.9065473079681396,0.4158795475959778,0.48202717304229736,-0.3533923923969269,0.920451283454895,0.5133511424064636,0.5350835919380188,0.0013831399846822023,0.9985342025756836,0.4469524323940277,0.5466567277908325,-0.001531567657366395,0.9984708428382874,0.5238177180290222,0.7358199954032898,-0.03391631320118904,0.9659910202026367,0.43657606840133667,0.7480428218841553,-0.042173560708761215,0.9572799801826477,0.5302215814590454,0.9382005333900452,0.10404398292303085,0.8900324106216431,0.43213024735450745,0.9317091107368469,0.10527342557907104,0.9055241942405701,0.5219939947128296,0.9533460736274719,0.10921791940927505,0.7735898494720459,0.444730669260025,0.9504684209823608,0.11334554851055145,0.8025212287902832,0.5417060852050781,1.0049968957901,-0.03284347802400589,0.832274854183197,0.41497665643692017,1.0118248462677002,-0.02226134017109871,0.8328330516815186,squat
0.4725632071495056,0.13397859036922455,-0.38997331261634827,0.9928029775619507,0.47925862669944763,0.11699606478214264,-0.3742712736129761,0.9903202056884766,0.48364272713661194,0.11768664419651031,-0.37463659048080444,0.9905089735984802,0.4878408908843994,0.11895336210727692,-0.3746463358402252,0.9912843108177185,0.4659297466278076,0.11720091849565506,-0.3768070638179779,0.9915430545806885,0.461833655834198,0.1179698184132576,-0.37713247537612915,0.9925991892814636,0.4581215977668762,0.11945907771587372,-0.37732377648353577,0.9931666851043701,0.49232906103134155,0.1301191747188568,-0.25977402925491333,0.9935201406478882,0.4523071348667145,0.13041456043720245,-0.268618643283844,0.9917508363723755,0.4802057147026062,0.15391908586025238,-0.34344905614852905,0.9938743710517883,0.46508264541625977,0.15566782653331757,-0.34794479608535767,0.9938816428184509,0.5284988880157471,0.2537442445755005,-0.18405185639858246,0.9995425939559937,0.4181644320487976,0.2602679431438446,-0.17334994673728943,0.9992608428001404,0.5549014806747437,0.40069833397865295,-0.18130579590797424,0.9701284170150757,0.39195477962493896,0.40840792655944824,-0.19213691353797913,0.9532284140586853,0.5785020589828491,0.5032743811607361,-0.33147192001342773,0.9565520882606506,0.36925095319747925,0.5193613171577454,-0.35388490557670593,0.9618065357208252,0.5892614126205444,0.5438719391822815,-0.3775162398815155,0.9446633458137512,0.35654932260513306,0.5635219812393188,-0.3972690999507904,0.9482274651527405,0.5836403965950012,0.5425878763198853,-0.4125998914241791,0.9394033551216125,0.3659413754940033,0.5619302988052368,-0.4278692305088043,0.9448132514953613,0.57644122838974,0.5309077501296997,-0.31075698137283325,0.9145578145980835,0.3735373318195343,0.5444770455360413,-0.3712787926197052,0.9259313941001892,0.5132331252098083,0.5419434905052185,-0.0031746842432767153,0.9986791014671326,0.4468058943748474,0.551074206829071,0.0029339774046093225,0.99862140417099,0.5197431445121765,0.7388983964920044,-0.003420009044930339,0.9686551094055176,0.44012707471847534,0.7519398331642151,0.05494392663240433,0.9590038657188416,0.5298298001289368,0.9390710592269897,0.14779970049858093,0.9001202583312988,0.4327932894229889,0.932417631149292,0.20606902241706848,0.9136326313018799,0.5226889848709106,0.9587767720222473,0.15353016555309296,0.7834189534187317,0.4445052742958069,0.9538504481315613,0.21400801837444305,0.8093854188919067,0.5414190888404846,1.0048855543136597,0.016304774209856987,0.8477991223335266,0.41806381940841675,1.0106428861618042,0.089376300573349,0.8474956154823303,squat
0.47261589765548706,0.13597017526626587,-0.3070441782474518,0.9935137629508972,0.479316771030426,0.1191057339310646,-0.2878511846065521,0.9912586212158203,0.48370838165283203,0.11981620639562607,-0.2881907820701599,0.9914278388023376,0.4877365231513977,0.12091468274593353,-0.2881937623023987,0.9921306371688843,0.4659976065158844,0.11884606629610062,-0.29043179750442505,0.9923677444458008,0.4618533253669739,0.11933551728725433,-0.2907414138317108,0.9933217763900757,0.4582061171531677,0.12013816833496094,-0.29092690348625183,0.9938326478004456,0.49197977781295776,0.13078071177005768,-0.1718498170375824,0.994153618812561,0.4522685408592224,0.1290767788887024,-0.18248701095581055,0.9925365447998047,0.48003625869750977,0.1565508395433426,-0.26117318868637085,0.9944794774055481,0.46521177887916565,0.1578521579504013,-0.26608797907829285,0.9944844245910645,0.5285848379135132,0.2534155249595642,-0.11542858928442001,0.9995867013931274,0.41783180832862854,0.260589599609375,-0.10934467613697052,0.9993259906768799,0.5560041666030884,0.39441126585006714,-0.1338980346918106,0.9724039435386658,0.39144366979599,0.4030378460884094,-0.16979990899562836,0.9556858539581299,0.5744494199752808,0.4989362955093384,-0.2957375645637512,0.9602532982826233,0.36979129910469055,0.5059926509857178,-0.3498232960700989,0.9639671444892883,0.5851711630821228,0.5386682152748108,-0.3385479152202606,0.9491289258003235,0.3573436141014099,0.5480340719223022,-0.3974781632423401,0.9510146379470825,0.5768203735351562,0.5349351167678833,-0.3755018711090088,0.9445518851280212,0.36493784189224243,0.5456856489181519,-0.4272523522377014,0.9482338428497314,0.5680822134017944,0.5239131450653076,-0.3098999261856079,0.921821653842926,0.37235671281814575,0.5321835279464722,-0.36801907420158386,0.9306594729423523,0.5126522183418274,0.5471840500831604,-0.0031653575133532286,0.9988085627555847,0.44511350989341736,0.5551274418830872,0.002927213441580534,0.9987554550170898,0.5197658538818359,0.7426627278327942,0.018885992467403412,0.9706773161888123,0.4385131001472473,0.754855751991272,0.04424091801047325,0.9604113698005676,0.5298117399215698,0.9391027092933655,0.1827348917722702,0.9085754752159119,0.43292132019996643,0.9336419701576233,0.1965435892343521,0.9203459620475769,0.5229591727256775,0.9591530561447144,0.19029080867767334,0.7874300479888916,0.44418805837631226,0.9548001885414124,0.2050463855266571,0.8098340630531311,0.5425958633422852,1.0049980878829956,0.062231700867414474,0.8606246113777161,0.41857337951660156,1.0107296705245972,0.08332936465740204,0.8592529892921448,squat
0.47265687584877014,0.14900833368301392,-0.23878201842308044,0.9941180944442749,0.47935646772384644,0.13441778719425201,-0.22003507614135742,0.991999626159668,0.48378103971481323,0.13521797955036163,-0.22034545242786407,0.9921546578407288,0.4877297282218933,0.1360095888376236,-0.22032900154590607,0.9928135275840759,0.4660836160182953,0.1339918076992035,-0.2202523648738861,0.9930327534675598,0.4619327187538147,0.13450981676578522,-0.22057077288627625,0.9939121007919312,0.45828303694725037,0.13496915996074677,-0.2207496613264084,0.9943716526031494,0.49183106422424316,0.14715801179409027,-0.11757870018482208,0.9946771264076233,0.45228856801986694,0.14468316733837128,-0.11743716895580292,0.9931173920631409,0.4799361824989319,0.16955693066120148,-0.198015958070755,0.9950017929077148,0.46523934602737427,0.16916804015636444,-0.2002907544374466,0.9950017929077148,0.5286914110183716,0.26480668783187866,-0.08074057847261429,0.9996222853660583,0.41767963767051697,0.2689274549484253,-0.055716030299663544,0.9993726015090942,0.5580734014511108,0.38877901434898376,-0.13732819259166718,0.974021852016449,0.38554126024246216,0.38580793142318726,-0.15090018510818481,0.9564185738563538,0.5395485162734985,0.4505586326122284,-0.32093068957328796,0.963226318359375,0.376123309135437,0.4741169810295105,-0.3658730685710907,0.96513831615448,0.5356427431106567,0.5260108709335327,-0.34394869208335876,0.9531209468841553,0.388300359249115,0.5467017292976379,-0.4161362051963806,0.9534297585487366,0.5278711915016174,0.4880153238773346,-0.38738760352134705,0.9490805268287659,0.3992375135421753,0.4912474751472473,-0.43201136589050293,0.9510558247566223,0.525844931602478,0.46283191442489624,-0.33030006289482117,0.9279325604438782,0.398321270942688,0.47211799025535583,-0.37809720635414124,0.9339714050292969,0.5130202174186707,0.5580998063087463,-0.003180490806698799,0.9989206194877625,0.44503918290138245,0.5647635459899902,0.0029509474989026785,0.9988689422607422,0.523521363735199,0.7404747009277344,-0.1387762874364853,0.9725827574729919,0.4323348104953766,0.7385488748550415,-0.16676150262355804,0.9626405239105225,0.5299663543701172,0.9390799403190613,-0.006915694568306208,0.9161727428436279,0.43304920196533203,0.9352594017982483,-0.021873893216252327,0.9259682893753052,0.5229567289352417,0.9591232538223267,-0.0015169436810538173,0.7966930866241455,0.44416919350624084,0.9574695229530334,-0.012531304731965065,0.8154619336128235,0.5453685522079468,1.0050430297851562,-0.13498803973197937,0.8716093301773071,0.41825395822525024,1.0066577196121216,-0.13322702050209045,0.8686521053314209,squat
0.47268348932266235,0.2408084273338318,-0.22630508244037628,0.994452178478241,0.4794084131717682,0.22271965444087982,-0.20444948971271515,0.9924293756484985,0.48405566811561584,0.22367450594902039,-0.20473703742027283,0.9925494194030762,0.48787635564804077,0.22465218603610992,-0.20472578704357147,0.9932191371917725,0.4661235213279724,0.22164250910282135,-0.20418520271778107,0.993435263633728,0.4621012806892395,0.22158069908618927,-0.20448291301727295,0.9942572712898254,0.4586024880409241,0.22091414034366608,-0.20469622313976288,0.9946795105934143,0.49237126111984253,0.2336900532245636,-0.0894632637500763,0.995014488697052,0.4526527523994446,0.23073682188987732,-0.08804862201213837,0.9933133721351624,0.47996097803115845,0.2623276114463806,-0.18175138533115387,0.9952126145362854,0.46534889936447144,0.260910302400589,-0.18344330787658691,0.9951525926589966,0.5292568802833557,0.34018418192863464,-0.05514300614595413,0.9995905756950378,0.4200124144554138,0.3438780605792999,-0.036459971219301224,0.9992188811302185,0.5581138730049133,0.46540403366088867,-0.18699832260608673,0.9730063676834106,0.3917785882949829,0.47009360790252686,-0.2017212212085724,0.9541140794754028,0.5126034021377563,0.4080680012702942,-0.39015132188796997,0.9630307555198669,0.42946410179138184,0.40867653489112854,-0.4180227220058441,0.9636347889900208,0.4981295168399811,0.401595801115036,-0.4261380136013031,0.9533231854438782,0.4429400563240051,0.3912738263607025,-0.4654533267021179,0.9504028558731079,0.49598732590675354,0.37430334091186523,-0.41877660155296326,0.9492231011390686,0.4466659426689148,0.3658863604068756,-0.4462837278842926,0.9470102190971375,0.4977853298187256,0.3798527717590332,-0.3881762623786926,0.927057683467865,0.44517073035240173,0.37509387731552124,-0.4163643717765808,0.9284873604774475,0.514857292175293,0.6219016313552856,-0.004635804332792759,0.9989985823631287,0.44508570432662964,0.6213853359222412,0.004435330629348755,0.9989455342292786,0.5352809429168701,0.7867298722267151,-0.1915120780467987,0.9728108644485474,0.40305623412132263,0.7836472988128662,-0.22984559834003448,0.9641201496124268,0.528476357460022,0.9421123266220093,0.02585899457335472,0.9168749451637268,0.433051198720932,0.9349542260169983,-0.0034376573748886585,0.9260856509208679,0.5215531587600708,0.9552778601646423,0.0413484051823616,0.7905172109603882,0.444480836391449,0.9568355083465576,0.016994819045066833,0.8161461353302002,0.5344728231430054,1.0241416692733765,-0.1323811113834381,0.8665026426315308,0.407184898853302,1.0015965700149536,-0.06833305954933167,0.863187849521637,squat
0.47318825125694275,0.39485350251197815,-0.346052348613739,0.9949213862419128,0.47962743043899536,0.3722721040248871,-0.32896631956100464,0.9931109547615051,0.4850427508354187,0.3716951906681061,-0.32927829027175903,0.993202805519104,0.48968154191970825,0.3716079592704773,-0.3292877674102783,0.9938220977783203,0.46654829382896423,0.373370498418808,-0.32662492990493774,0.9940398335456848,0.4626151919364929,0.37303781509399414,-0.32691019773483276,0.9947812557220459,0.4587565064430237,0.37277349829673767,-0.3271414637565613,0.9951701760292053,0.49435505270957947,0.3783745765686035,-0.22265763580799103,0.9954569339752197,0.4530898630619049,0.37927424907684326,-0.21345028281211853,0.9938954710960388,0.4807930886745453,0.4104086458683014,-0.30404970049858093,0.995555579662323,0.46625328063964844,0.41327688097953796,-0.3032562732696533,0.9955143332481384,0.5316656827926636,0.47691023349761963,-0.19227339327335358,0.9995447993278503,0.42023736238479614,0.4774359464645386,-0.1632448136806488,0.9991969466209412,0.5563952922821045,0.6016358137130737,-0.3750622868537903,0.9692657589912415,0.3943059742450714,0.6001904606819153,-0.3527602255344391,0.95358806848526,0.5008556842803955,0.4763495624065399,-0.5635928511619568,0.9482221603393555,0.44772106409072876,0.47430047392845154,-0.5588558316230774,0.9630504846572876,0.48443394899368286,0.43480533361434937,-0.6015956401824951,0.9344203472137451,0.46113091707229614,0.4263492524623871,-0.6056339740753174,0.9468448758125305,0.48353448510169983,0.4105863869190216,-0.5820597410202026,0.9271355271339417,0.46071332693099976,0.40039923787117004,-0.5790345072746277,0.9422951936721802,0.4862578511238098,0.4361748993396759,-0.5579254031181335,0.8965204358100891,0.45905810594558716,0.43058937788009644,-0.5542358160018921,0.9209598898887634,0.5223941802978516,0.7243986129760742,-0.004839251283556223,0.9990667700767517,0.4498438835144043,0.7275591492652893,0.004643133841454983,0.999029815196991,0.5722562074661255,0.8489216566085815,-0.20170962810516357,0.9655100107192993,0.3794916570186615,0.8284024000167847,-0.24663583934307098,0.9614885449409485,0.5312963128089905,0.9148722887039185,0.09675943106412888,0.8606390357017517,0.4314846396446228,0.9137011766433716,0.025937911123037338,0.891000509262085,0.5234667062759399,0.9133893251419067,0.12973664700984955,0.744504451751709,0.4441162943840027,0.9250064492225647,0.025903329253196716,0.78676438331604,0.5332759022712708,0.9894100427627563,0.08489323407411575,0.8063535094261169,0.4153777062892914,0.9981502890586853,0.013681543059647083,0.81520676612854,squat
0.4748552441596985,0.46446114778518677,-0.37479230761528015,0.9953653812408447,0.4826641082763672,0.43947428464889526,-0.3579852879047394,0.9937494993209839,0.48780837655067444,0.4400811493396759,-0.35826897621154785,0.9938206076622009,0.4931657314300537,0.44099709391593933,-0.3582880198955536,0.9943876266479492,0.4683781564235687,0.438198059797287,-0.35741013288497925,0.9946030378341675,0.46433964371681213,0.4376281797885895,-0.35768362879753113,0.995271623134613,0.4607234001159668,0.43745315074920654,-0.3578872084617615,0.9956254959106445,0.4975329339504242,0.4453584849834442,-0.24626648426055908,0.9958799481391907,0.4547502100467682,0.4409821927547455,-0.24487188458442688,0.9944562911987305,0.48339104652404785,0.48250824213027954,-0.3300701379776001,0.9958926439285278,0.4666768014431,0.4846273958683014,-0.33138346672058105,0.9958668351173401,0.5336912870407104,0.5370373725891113,-0.2110808789730072,0.9995185732841492,0.42067623138427734,0.5313401818275452,-0.18940766155719757,0.9991792440414429,0.5561490654945374,0.6681938767433167,-0.40542396903038025,0.9690802097320557,0.4034178853034973,0.6706859469413757,-0.38860148191452026,0.9539696574211121,0.5026377439498901,0.5512117147445679,-0.6001801490783691,0.9425987601280212,0.4521000385284424,0.5411248803138733,-0.5962053537368774,0.963883101940155,0.4896976947784424,0.513238787651062,-0.6395047307014465,0.9236412644386292,0.46243196725845337,0.5074315667152405,-0.6420423984527588,0.9457153081893921,0.48786410689353943,0.49364614486694336,-0.6176716089248657,0.913551926612854,0.4619939923286438,0.4902445375919342,-0.6150192022323608,0.9400731325149536,0.48933911323547363,0.5134893655776978,-0.5943648815155029,0.8771501779556274,0.46049076318740845,0.5076097846031189,-0.59120774269104,0.9167348742485046,0.5220029950141907,0.7667344212532043,-0.004874432925134897,0.9991325736045837,0.44971737265586853,0.771228551864624,0.004688076674938202,0.9991074204444885,0.5819917917251587,0.8664332032203674,-0.25044363737106323,0.9642230272293091,0.37019312381744385,0.8446119427680969,-0.2730483114719391,0.9616517424583435,0.5318885445594788,0.9196510910987854,0.06058984249830246,0.8314517140388489,0.4340249001979828,0.923396646976471,0.0013410004321485758,0.8743478059768677,0.5233349800109863,0.9202178716659546,0.1025378555059433,0.7278845906257629,0.44856566190719604,0.9305088520050049,0.027410324662923813,0.7769408822059631,0.5360906720161438,0.993083119392395,0.036563046276569366,0.7676445245742798,0.4287392199039459,1.0228253602981567,-0.015839990228414536,0.7843042612075806,squat
0.4770950376987457,0.4254341125488281,-0.3253064453601837,0.9957992434501648,0.48351526260375977,0.40500542521476746,-0.3083050549030304,0.9943484663963318,0.48902326822280884,0.4058597981929779,-0.30857762694358826,0.9944046139717102,0.49400100111961365,0.4069846272468567,-0.3085843026638031,0.9949217438697815,0.4703455865383148,0.403361052274704,-0.30762410163879395,0.9951246976852417,0.4663349986076355,0.40322795510292053,-0.30790281295776367,0.9957260489463806,0.46277183294296265,0.40343254804611206,-0.3080982267856598,0.9960471987724304,0.5001335144042969,0.41236135363578796,-0.20239734649658203,0.9962762594223022,0.4564671516418457,0.40911635756492615,-0.19931815564632416,0.9949842691421509,0.48623910546302795,0.44258198142051697,-0.2825036942958832,0.9962575435638428,0.4701232314109802,0.4434773325920105,-0.28359779715538025,0.9962360858917236,0.5356106758117676,0.5080745220184326,-0.16551949083805084,0.9995362758636475,0.42260169982910156,0.5058111548423767,-0.14739756286144257,0.999212384223938,0.5568104982376099,0.6267793774604797,-0.33404549956321716,0.9670785665512085,0.41212528944015503,0.6402788758277893,-0.3233230412006378,0.9488476514816284,0.5039663314819336,0.5286802649497986,-0.5215968489646912,0.9382192492485046,0.4547671377658844,0.5241514444351196,-0.5243919491767883,0.9633153676986694,0.49213165044784546,0.49946215748786926,-0.5591918230056763,0.9178459048271179,0.4634914994239807,0.495058536529541,-0.5690711140632629,0.9440202116966248,0.4905849099159241,0.4811464548110962,-0.5426403284072876,0.9062561988830566,0.4671131670475006,0.47616636753082275,-0.5479543209075928,0.9371656179428101,0.4917418360710144,0.4954836070537567,-0.5176067352294922,0.8645153641700745,0.4668198227882385,0.48992449045181274,-0.5212087035179138,0.9116404056549072,0.5226097106933594,0.7350472211837769,-0.0043384237214922905,0.9992042183876038,0.4496278166770935,0.7376371622085571,0.004178319126367569,0.9991844296455383,0.5805693864822388,0.8612937331199646,-0.1883266568183899,0.9492514729499817,0.37942248582839966,0.8430045247077942,-0.2286456823348999,0.9550977349281311,0.532056450843811,0.9216827154159546,0.1208752989768982,0.7752528786659241,0.4337489604949951,0.9239308834075928,0.019741185009479523,0.8313032984733582,0.5208719372749329,0.9220265746116638,0.151566281914711,0.6826756000518799,0.4482876658439636,0.9287816286087036,0.03840052708983421,0.7429216504096985,0.5345203280448914,0.9937589764595032,0.11985848844051361,0.7107518315315247,0.42608243227005005,1.020009994506836,0.01873994991183281,0.7348270416259766,squat
0.4793251156806946,0.3495617210865021,-0.12988564372062683,0.9961503148078918,0.48463669419288635,0.3298702538013458,-0.1096382588148117,0.9947840571403503,0.48975834250450134,0.32933127880096436,-0.10984573513269424,0.9947987794876099,0.49469175934791565,0.3289235532283783,-0.10984063148498535,0.9953094720840454,0.4720047414302826,0.33123525977134705,-0.10814782232046127,0.9955410361289978,0.46788185834884644,0.33259516954421997,-0.10841462761163712,0.9960933923721313,0.4642496109008789,0.33421704173088074,-0.10859642922878265,0.9963957667350769,0.5010013580322266,0.3311710059642792,-0.0018134312704205513,0.9965958595275879,0.45880016684532166,0.3396052122116089,0.0038979563396424055,0.9954138398170471,0.4888297915458679,0.3759962320327759,-0.08809779584407806,0.9966043829917908,0.4726858139038086,0.37644514441490173,-0.08817267417907715,0.9965866208076477,0.5378940105438232,0.45367151498794556,0.023282406851649284,0.9995740652084351,0.4265783429145813,0.48344993591308594,0.059479422867298126,0.9992795586585999,0.5606328248977661,0.577485203742981,-0.07022752612829208,0.9669651389122009,0.4080837666988373,0.6125650405883789,-0.0650320053100586,0.9455920457839966,0.5068029165267944,0.510526716709137,-0.24993681907653809,0.9411534070968628,0.447866827249527,0.5051188468933105,-0.29238054156303406,0.9650297164916992,0.4949397146701813,0.4907535910606384,-0.2897096276283264,0.922568678855896,0.4593876302242279,0.4859415292739868,-0.34068042039871216,0.9475317001342773,0.4910837709903717,0.4742272198200226,-0.28415989875793457,0.911798357963562,0.46102747321128845,0.4679015576839447,-0.3317031264305115,0.9409958124160767,0.49144601821899414,0.49234628677368164,-0.2499649077653885,0.871071457862854,0.4595404267311096,0.48064160346984863,-0.294461727142334,0.9164681434631348,0.5246978402137756,0.6761766076087952,-0.008131647482514381,0.9992813467979431,0.4529719948768616,0.6776335835456848,0.0080159492790699,0.9992639422416687,0.5741118788719177,0.8431867957115173,-0.18344181776046753,0.951749861240387,0.3812967538833618,0.8400403261184692,-0.22433336079120636,0.957734227180481,0.5320488214492798,0.924950897693634,0.13787265121936798,0.7708874940872192,0.43514442443847656,0.9297798871994019,0.02319403924047947,0.837157130241394,0.5200161933898926,0.9227582216262817,0.16958394646644592,0.6741520166397095,0.45152655243873596,0.9367241859436035,0.04592081531882286,0.748136043548584,0.5370768308639526,0.99941086769104,0.11445055156946182,0.6944434642791748,0.42581066489219666,1.0181677341461182,-0.003306758124381304,0.735373854637146,squat
0.48103561997413635,0.20622864365577698,-0.22462713718414307,0.9964916706085205,0.4862360954284668,0.20617946982383728,-0.20599091053009033,0.995164692401886,0.4911578297615051,0.20642200112342834,-0.20624789595603943,0.9951585531234741,0.4959525167942047,0.20562158524990082,-0.20626184344291687,0.9956692457199097,0.4743991494178772,0.20763014256954193,-0.20579354465007782,0.9958748817443848,0.4700136184692383,0.20922675728797913,-0.20607364177703857,0.9963772296905518,0.46587643027305603,0.21060597896575928,-0.20626232028007507,0.9966557025909424,0.502710223197937,0.20538856089115143,-0.09711454063653946,0.9968990683555603,0.4615851938724518,0.21269285678863525,-0.09533040225505829,0.9957392811775208,0.4896422028541565,0.22037243843078613,-0.18199369311332703,0.9969350099563599,0.475884348154068,0.220915749669075,-0.1832696497440338,0.9969148635864258,0.5404345393180847,0.3070274889469147,-0.056203193962574005,0.9996152520179749,0.43044787645339966,0.31085458397865295,-0.03366285189986229,0.9993429183959961,0.5611693263053894,0.42876556515693665,-0.11985079944133759,0.9698294997215271,0.40965041518211365,0.4382050037384033,-0.11088943481445312,0.9489246606826782,0.5377081632614136,0.5042597651481628,-0.29700562357902527,0.946907639503479,0.4156211018562317,0.514892041683197,-0.29696783423423767,0.9678130149841309,0.5400359630584717,0.5261485576629639,-0.3454228341579437,0.9301272034645081,0.40804868936538696,0.5455636382102966,-0.34473979473114014,0.9518963098526001,0.5306340456008911,0.5153066515922546,-0.364074170589447,0.9204513430595398,0.4183834493160248,0.5423766374588013,-0.36736607551574707,0.9460899233818054,0.5262721180915833,0.5086619257926941,-0.3081281781196594,0.883652925491333,0.42398494482040405,0.5313916206359863,-0.31147873401641846,0.9236451387405396,0.5245283246040344,0.5792699456214905,-0.007800117135047913,0.9993493556976318,0.45625728368759155,0.5827518105506897,0.007673571351915598,0.9993314146995544,0.5545387864112854,0.7719203233718872,-0.150621697306633,0.9548458456993103,0.4130792021751404,0.795984148979187,-0.13987694680690765,0.9589936137199402,0.5318257212638855,0.9364055395126343,0.05303696542978287,0.7902035117149353,0.4351164698600769,0.9297710061073303,0.06068012863397598,0.8462313413619995,0.5200618505477905,0.9472455978393555,0.06519912928342819,0.6867401599884033,0.4500752091407776,0.9409914612770081,0.07708661258220673,0.7502198815345764,0.540086567401886,1.0079065561294556,-0.042979300022125244,0.7176569700241089,0.4183903634548187,1.006341576576233,-0.005141441710293293,0.7483885288238525,squat
0.4822729229927063,0.1314823478460312,-0.34688037633895874,0.9968393445014954,0.4879552721977234,0.11295416951179504,-0.3275269865989685,0.995635449886322,0.4928206503391266,0.11394751816987991,-0.3278573155403137,0.995629608631134,0.4973369240760803,0.11465135961771011,-0.32784727215766907,0.9960915446281433,0.47517648339271545,0.1134926900267601,-0.33113759756088257,0.9962785243988037,0.4707328677177429,0.11491453647613525,-0.33146271109580994,0.9967320561408997,0.4666426181793213,0.11617562919855118,-0.3316352665424347,0.9969824552536011,0.50397789478302,0.1246727705001831,-0.2046632021665573,0.9972026944160461,0.4618845582008362,0.12560616433620453,-0.21952803432941437,0.996148407459259,0.4914543032646179,0.15082556009292603,-0.2983880341053009,0.9972385764122009,0.47626128792762756,0.15305115282535553,-0.30456656217575073,0.9972196817398071,0.5411823391914368,0.24971158802509308,-0.12174080312252045,0.9996529221534729,0.43032604455947876,0.25385215878486633,-0.13380683958530426,0.9994034171104431,0.5734153985977173,0.391959547996521,-0.13825827836990356,0.9724536538124084,0.4057827889919281,0.4031830132007599,-0.17165492475032806,0.9524163007736206,0.6006947755813599,0.5021477341651917,-0.2855950593948364,0.9518392086029053,0.37156906723976135,0.5183387994766235,-0.32095927000045776,0.9694881439208984,0.6112486124038696,0.5366053581237793,-0.32102102041244507,0.9363923668861389,0.35804933309555054,0.5527814030647278,-0.3609197437763214,0.9541094899177551,0.6070057153701782,0.5317741632461548,-0.35862722992897034,0.9278147220611572,0.3600117266178131,0.5542080402374268,-0.39505618810653687,0.949251115322113,0.5997673273086548,0.5211703777313232,-0.3038986921310425,0.8945018649101257,0.36749041080474854,0.5430293083190918,-0.3397974669933319,0.9287536144256592,0.5239826440811157,0.5405257344245911,-0.001564957550726831,0.9994127154350281,0.4559944272041321,0.5457419753074646,0.001335203181952238,0.9993956685066223,0.5293641686439514,0.7376490235328674,-0.02553936280310154,0.9581577777862549,0.43951931595802307,0.7473251223564148,-0.039698489010334015,0.9608281850814819,0.530173659324646,0.9373183250427246,0.10878188908100128,0.8098307847976685,0.43786367774009705,0.9340658187866211,0.10845346748828888,0.8597509264945984,0.5201972126960754,0.9566046595573425,0.11127624660730362,0.7040271162986755,0.4498220384120941,0.9518076777458191,0.11633763462305069,0.7587171792984009,0.5406690835952759,1.007725715637207,-0.022635499015450478,0.7441346049308777,0.42310747504234314,1.0062822103500366,-0.006433638744056225,0.7706533670425415,squat
0.48239612579345703,0.12585172057151794,-0.4022807478904724,0.9971523880958557,0.48804742097854614,0.11009859293699265,-0.38364148139953613,0.9960606098175049,0.4924701750278473,0.11154013872146606,-0.3840115964412689,0.9960556626319885,0.49691540002822876,0.11269176006317139,-0.3840387761592865,0.9964734315872192,0.4753473699092865,0.10832919925451279,-0.3884626030921936,0.9966424703598022,0.47066283226013184,0.109258271753788,-0.388775110244751,0.9970515966415405,0.4666353166103363,0.11076520383358002,-0.38895711302757263,0.9972763657569885,0.5035912990570068,0.12334699928760529,-0.26105374097824097,0.9974786043167114,0.4613843560218811,0.12282883375883102,-0.28046172857284546,0.9965201020240784,0.4906291365623474,0.1469697803258896,-0.35356470942497253,0.9975129961967468,0.47590479254722595,0.1486600935459137,-0.36105722188949585,0.9974953532218933,0.5404796600341797,0.2511405646800995,-0.1809878796339035,0.9996870756149292,0.42763766646385193,0.25488048791885376,-0.18887415528297424,0.9994584321975708,0.5809062719345093,0.3837096691131592,-0.18293866515159607,0.9749818444252014,0.38984617590904236,0.3988552391529083,-0.21879640221595764,0.9565544724464417,0.6215981245040894,0.49962013959884644,-0.357381671667099,0.9563842415809631,0.3498918116092682,0.5100994110107422,-0.3781598210334778,0.9717035293579102,0.6373277902603149,0.5303015112876892,-0.3979893624782562,0.9421951174736023,0.3314765989780426,0.5412143468856812,-0.4229118824005127,0.9570707678794861,0.6309861540794373,0.5267717838287354,-0.41932421922683716,0.9345738291740417,0.3375830352306366,0.5435981154441833,-0.43258386850357056,0.9529408812522888,0.6224258542060852,0.5159674286842346,-0.35961493849754333,0.9044333696365356,0.34885501861572266,0.5353074669837952,-0.3866214156150818,0.9342485666275024,0.5226640701293945,0.5413604378700256,-0.0018204000080004334,0.9994695782661438,0.455040842294693,0.5454339981079102,0.0015958247240632772,0.9994533061981201,0.5243787169456482,0.7455302476882935,0.02242203801870346,0.96164870262146,0.44135943055152893,0.7568551898002625,0.03803042694926262,0.9627578258514404,0.5295077562332153,0.9396852850914001,0.2112584114074707,0.8276873826980591,0.43789857625961304,0.9350013732910156,0.22660204768180847,0.8721343874931335,0.5202881097793579,0.9626448154449463,0.22115710377693176,0.7213551998138428,0.4492601454257965,0.9544259905815125,0.2386937439441681,0.7695100903511047,0.5448319911956787,1.006655216217041,0.09103963524103165,0.7680482268333435,0.42411375045776367,1.0067845582962036,0.11803551018238068,0.7908161878585815,squat
0.4819093346595764,0.13235345482826233,-0.3506506681442261,0.9974320530891418,0.4878327250480652,0.11596810817718506,-0.3316170573234558,0.9964359402656555,0.4924035966396332,0.11675285547971725,-0.33185169100761414,0.9964310526847839,0.4961901307106018,0.11797033250331879,-0.3318885266780853,0.9968104958534241,0.474794864654541,0.11506488919258118,-0.3306189179420471,0.996965229511261,0.4704039692878723,0.11553902924060822,-0.3308829963207245,0.9973353147506714,0.4664250314235687,0.11646506935358047,-0.33109110593795776,0.9975380301475525,0.5009188055992126,0.12789906561374664,-0.2159327268600464,0.9977207183837891,0.4609990119934082,0.12607291340827942,-0.21693091094493866,0.9968432188034058,0.4886053502559662,0.15411444008350372,-0.3056797683238983,0.9977567791938782,0.47541818022727966,0.15434354543685913,-0.30608659982681274,0.9977402091026306,0.5396385788917542,0.2535080015659332,-0.1458626389503479,0.9997169375419617,0.42419058084487915,0.2519172132015228,-0.1573113203048706,0.9995065927505493,0.575896680355072,0.38978660106658936,-0.13941994309425354,0.9768219590187073,0.3865810036659241,0.383392333984375,-0.16569474339485168,0.9597678780555725,0.5960353016853333,0.496827095746994,-0.301784485578537,0.9601651430130005,0.36133429408073425,0.5087408423423767,-0.31862908601760864,0.973512589931488,0.6043072938919067,0.529350221157074,-0.3428897261619568,0.9469770789146423,0.34619060158729553,0.532281219959259,-0.3616330623626709,0.9596067667007446,0.5982173085212708,0.5257226824760437,-0.37797704339027405,0.9402649402618408,0.3579570949077606,0.5350207090377808,-0.39143770933151245,0.9561083316802979,0.5920009016990662,0.5153262615203857,-0.3188992142677307,0.9128153920173645,0.36712121963500977,0.5250909924507141,-0.33589601516723633,0.9389210343360901,0.5184957981109619,0.5453402996063232,-0.0019957649055868387,0.9995202422142029,0.4486818313598633,0.5514044165611267,0.0017734421417117119,0.9995046854019165,0.5238844156265259,0.7435214519500732,0.0021743751130998135,0.964529275894165,0.4386897683143616,0.7550086379051208,0.045518651604652405,0.9638869166374207,0.529548168182373,0.9394829869270325,0.16177166998386383,0.843778133392334,0.4375777840614319,0.935168981552124,0.2088044434785843,0.883197546005249,0.5208697319030762,0.9623559713363647,0.17001862823963165,0.7352550625801086,0.447634756565094,0.9540238380432129,0.21854007244110107,0.7758592367172241,0.5474860072135925,1.0057735443115234,0.052869755774736404,0.7894766330718994,0.42381659150123596,1.007064938545227,0.10106299072504044,0.8087096214294434,squat
0.4799756109714508,0.15406879782676697,-0.2060580551624298,0.9976668953895569,0.48609691858291626,0.13686811923980713,-0.18514244258403778,0.9967325329780579,0.49111008644104004,0.13809573650360107,-0.18546047806739807,0.9967304468154907,0.4943619668483734,0.13987624645233154,-0.18546868860721588,0.9970855712890625,0.47369152307510376,0.13620132207870483,-0.18794259428977966,0.9972200989723206,0.4695528447628021,0.13700760900974274,-0.18823227286338806,0.9975622296333313,0.4652072787284851,0.13836291432380676,-0.18838755786418915,0.9977433681488037,0.4975419044494629,0.15262921154499054,-0.0794072300195694,0.9979239702224731,0.4591641426086426,0.1496109962463379,-0.09225140511989594,0.9970578551292419,0.48573073744773865,0.17600464820861816,-0.16507045924663544,0.9979657530784607,0.4733552932739258,0.1742255538702011,-0.17073529958724976,0.9979467988014221,0.5337296724319458,0.27408793568611145,-0.0420643612742424,0.9997419714927673,0.4198344647884369,0.2774046063423157,-0.043060578405857086,0.9995365738868713,0.5679382085800171,0.39372846484184265,-0.08741883933544159,0.9784542322158813,0.3835275173187256,0.3973715901374817,-0.1436760276556015,0.9607887268066406,0.5450109243392944,0.4682247042655945,-0.269517719745636,0.9635687470436096,0.394257128238678,0.46067357063293457,-0.3501445949077606,0.9739100337028503,0.5411638617515564,0.5122782588005066,-0.3161013424396515,0.9515648484230042,0.40489721298217773,0.49067243933677673,-0.4018537104129791,0.9613120555877686,0.5330377817153931,0.5035439133644104,-0.33510488271713257,0.9455617070198059,0.41131049394607544,0.46696943044662476,-0.4144497811794281,0.9582340121269226,0.5313702821731567,0.4834701120853424,-0.2802194058895111,0.9204619526863098,0.4108935296535492,0.4550609886646271,-0.36084991693496704,0.9416930675506592,0.515828013420105,0.5653071999549866,-0.0002976589894387871,0.9995637536048889,0.4464530944824219,0.5713290572166443,0.00011518022802192718,0.999545156955719,0.5291241407394409,0.744565486907959,-0.13908140361309052,0.9675710797309875,0.4312289357185364,0.7488383650779724,-0.13708311319351196,0.9659233093261719,0.5295552015304565,0.939436674118042,0.002624377142637968,0.8582088947296143,0.43671345710754395,0.9317420721054077,0.03126903250813484,0.8924677968025208,0.5209555625915527,0.961193859577179,0.009672528132796288,0.7525531053543091,0.4442965090274811,0.950567901134491,0.04344954714179039,0.7850626111030579,0.5473536252975464,1.0058119297027588,-0.112016960978508,0.8079901933670044,0.41208043694496155,0.9849598407745361,-0.06272144615650177,0.8225948214530945,squat
0.47406548261642456,0.21986187994480133,-0.17011424899101257,0.9975668787956238,0.4798903465270996,0.20013146102428436,-0.14813435077667236,0.9965934753417969,0.48451894521713257,0.20105120539665222,-0.1484089195728302,0.9964699149131775,0.48876315355300903,0.20249466598033905,-0.14840181171894073,0.9969933032989502,0.46863946318626404,0.19877728819847107,-0.14865995943546295,0.9971404671669006,0.4644816815853119,0.19896847009658813,-0.14896734058856964,0.9974325895309448,0.46087226271629333,0.1994870901107788,-0.14918366074562073,0.997675359249115,0.49421200156211853,0.21639317274093628,-0.03441224247217178,0.9978540539741516,0.4561413824558258,0.21231631934642792,-0.03790266811847687,0.9966388940811157,0.4807921051979065,0.24433311820030212,-0.12578050792217255,0.9978486895561218,0.46789804100990295,0.2398950159549713,-0.12879842519760132,0.9977656602859497,0.5284587740898132,0.32485848665237427,-0.0028904492501169443,0.9997255206108093,0.4188770353794098,0.33120033144950867,0.013557389378547668,0.9994463920593262,0.5586858987808228,0.4492034614086151,-0.09995509684085846,0.9728114008903503,0.38532525300979614,0.45073267817497253,-0.1329767405986786,0.9545923471450806,0.5010570287704468,0.43655678629875183,-0.28037628531455994,0.9548777341842651,0.4362718462944031,0.42523863911628723,-0.33716827630996704,0.9604215621948242,0.4845959544181824,0.43940895795822144,-0.31751495599746704,0.9432447552680969,0.4537045955657959,0.4244746267795563,-0.38476434350013733,0.941434919834137,0.4812028408050537,0.40694838762283325,-0.31284230947494507,0.9367468357086182,0.45466533303260803,0.390176385641098,-0.37097108364105225,0.9358384609222412,0.48372015357017517,0.4067801237106323,-0.2802108824253082,0.9058928489685059,0.4500434994697571,0.396041601896286,-0.3371099531650543,0.9125851988792419,0.5170576572418213,0.6148089170455933,-0.003161593107506633,0.9995876550674438,0.44612646102905273,0.622187614440918,0.0029877224005758762,0.9995671510696411,0.5362643599510193,0.7852898240089417,-0.13237959146499634,0.9627832174301147,0.3994693458080292,0.7767577171325684,-0.2404068410396576,0.964646577835083,0.5295721888542175,0.9392036199569702,0.1168714314699173,0.8430424928665161,0.4326712489128113,0.9309310913085938,-9.249297727365047e-05,0.8770468235015869,0.5221990346908569,0.9508166909217834,0.1410265862941742,0.7181861400604248,0.4434777796268463,0.9502935409545898,0.02352478727698326,0.7657344937324524,0.5430220365524292,1.0048476457595825,0.07617608457803726,0.7732198238372803,0.39315730333328247,0.9806979894638062,-0.04134691506624222,0.7920852899551392,squat
0.4739656448364258,0.35861736536026,-0.22003352642059326,0.9972776770591736,0.4790683388710022,0.3379257619380951,-0.20064261555671692,0.9964544177055359,0.4835376739501953,0.3380883038043976,-0.20093238353729248,0.9962646961212158,0.4880710542201996,0.33856144547462463,-0.20092985033988953,0.9968693256378174,0.46855178475379944,0.33779633045196533,-0.1990361213684082,0.9970675110816956,0.464531809091568,0.33737823367118835,-0.1993362158536911,0.9973375797271729,0.4608113169670105,0.33742496371269226,-0.19955602288246155,0.9976389408111572,0.4939963221549988,0.3465222418308258,-0.08397920429706573,0.9976915121078491,0.4559837877750397,0.3445679247379303,-0.08807390183210373,0.9963340759277344,0.4802667200565338,0.37546828389167786,-0.17792874574661255,0.9972013235092163,0.46800175309181213,0.3771315813064575,-0.17893382906913757,0.9971367120742798,0.5286070108413696,0.4540993869304657,-0.07533719390630722,0.9995649456977844,0.4206241965293884,0.4502328336238861,-0.03469715267419815,0.999232292175293,0.5442842245101929,0.5815631151199341,-0.24891814589500427,0.9643305540084839,0.39797332882881165,0.5729119181632996,-0.2091982066631317,0.9474338889122009,0.48510193824768066,0.4477917551994324,-0.41795167326927185,0.9403360486030579,0.4446668028831482,0.44571322202682495,-0.40606436133384705,0.9546589255332947,0.4735659956932068,0.4489502012729645,-0.45120081305503845,0.9269039034843445,0.4597833752632141,0.44402506947517395,-0.44795194268226624,0.9308290481567383,0.4730364680290222,0.43020138144493103,-0.43215012550354004,0.9182748794555664,0.46166175603866577,0.423352986574173,-0.41316741704940796,0.9236751794815063,0.4757598340511322,0.43089723587036133,-0.4122079312801361,0.880946695804596,0.4578258991241455,0.42649829387664795,-0.40117353200912476,0.8968334197998047,0.5159029364585876,0.7087877988815308,-0.004886121489107609,0.9995771646499634,0.4450412690639496,0.7046558856964111,0.004734278190881014,0.9995637536048889,0.5722835063934326,0.836751401424408,-0.1808006763458252,0.952861487865448,0.3815055787563324,0.8187015056610107,-0.258394718170166,0.9607774615287781,0.5295157432556152,0.9385488629341125,0.07364889234304428,0.8129842281341553,0.4289061427116394,0.9161704778671265,0.00938238576054573,0.8439490795135498,0.521706223487854,0.9462710618972778,0.10004587471485138,0.6838638782501221,0.4432206153869629,0.9295697808265686,0.037642840296030045,0.7359178066253662,0.5332196950912476,1.025211215019226,0.044572021812200546,0.7322268486022949,0.39780929684638977,0.9897887110710144,-0.029778074473142624,0.7478864192962646,squat
0.4740465581417084,0.46341946721076965,-0.32727211713790894,0.997388482093811,0.4791262745857239,0.44330960512161255,-0.3105350136756897,0.9966802597045898,0.48413848876953125,0.44319862127304077,-0.31081369519233704,0.9964697957038879,0.4884037375450134,0.443175345659256,-0.3108266592025757,0.9970588684082031,0.46870866417884827,0.44237586855888367,-0.30825477838516235,0.9972676038742065,0.46505799889564514,0.4417467713356018,-0.3085290491580963,0.9975054860115051,0.4613007605075836,0.4414753317832947,-0.30874601006507874,0.997803807258606,0.49451810121536255,0.4482273459434509,-0.20471641421318054,0.9978177547454834,0.45630398392677307,0.4460691213607788,-0.19577810168266296,0.9965173006057739,0.4804340898990631,0.47751638293266296,-0.2852892279624939,0.9972386956214905,0.46840524673461914,0.4804615378379822,-0.28443092107772827,0.9971856474876404,0.5300792455673218,0.5486409068107605,-0.17163464426994324,0.9995231628417969,0.42284244298934937,0.5304758548736572,-0.14559252560138702,0.9992013573646545,0.5458711385726929,0.689996063709259,-0.335944265127182,0.9599551558494568,0.4056730270385742,0.6880702972412109,-0.3171538710594177,0.9464108347892761,0.4906628727912903,0.5768129825592041,-0.5152463912963867,0.920635461807251,0.45393139123916626,0.5676486492156982,-0.5163936018943787,0.9527615904808044,0.47622838616371155,0.546959638595581,-0.5500722527503967,0.899025559425354,0.46497440338134766,0.5432358384132385,-0.5611436367034912,0.9242397546768188,0.4757024645805359,0.5324597954750061,-0.5323874354362488,0.8864951133728027,0.46879759430885315,0.5283873081207275,-0.5367709398269653,0.9157811403274536,0.4800094962120056,0.5410102605819702,-0.5097399950027466,0.8404884934425354,0.4668347239494324,0.5371303558349609,-0.5120806097984314,0.8836382627487183,0.514877200126648,0.7856796383857727,-0.004883049987256527,0.9995766878128052,0.44506287574768066,0.7845443487167358,0.004731900058686733,0.9995771646499634,0.579226016998291,0.8559128642082214,-0.2384485900402069,0.9434931874275208,0.3694702386856079,0.8444317579269409,-0.2770811915397644,0.9540095925331116,0.5301257371902466,0.9227774143218994,0.055796749889850616,0.747371256351471,0.4291347563266754,0.9176805019378662,-0.005207397975027561,0.7880029678344727,0.521939754486084,0.913213849067688,0.08748984336853027,0.6344248056411743,0.4439408779144287,0.9255149960517883,0.02555498480796814,0.6949234008789062,0.5243409872055054,0.9985010027885437,0.048403918743133545,0.6698349714279175,0.4245097041130066,0.9907392859458923,-0.019878467544913292,0.6900729537010193,squat
0.47452083230018616,0.4622673988342285,-0.22634395956993103,0.9976248145103455,0.48058533668518066,0.4430271089076996,-0.21221499145030975,0.9969887137413025,0.4855071008205414,0.4438295066356659,-0.2124510258436203,0.9967926144599915,0.4900835454463959,0.4446806311607361,-0.2124863862991333,0.9973317384719849,0.4697236120700836,0.4408876299858093,-0.20951184630393982,0.9975242018699646,0.46606069803237915,0.4400363862514496,-0.209781676530838,0.997736930847168,0.46237730979919434,0.4394649565219879,-0.20996522903442383,0.9980107545852661,0.49573320150375366,0.45017701387405396,-0.12925265729427338,0.9980198740959167,0.4570678770542145,0.4444352388381958,-0.1163286417722702,0.9968340992927551,0.481029748916626,0.47986549139022827,-0.1928362250328064,0.9974708557128906,0.4691917300224304,0.48244935274124146,-0.1911407709121704,0.9974222779273987,0.5322619080543518,0.5494309067726135,-0.13678091764450073,0.9995543360710144,0.4235205054283142,0.5386233925819397,-0.08946653455495834,0.9992579221725464,0.5460337400436401,0.6794329285621643,-0.31018009781837463,0.9573725461959839,0.4066404700279236,0.6936088800430298,-0.2430199682712555,0.9454688429832458,0.492006778717041,0.5779807567596436,-0.3468264937400818,0.9113951325416565,0.45781898498535156,0.5907775163650513,-0.3709232211112976,0.9507032632827759,0.4774004817008972,0.550629198551178,-0.3651213049888611,0.8827167749404907,0.4677733778953552,0.5552743077278137,-0.3986501395702362,0.9166693091392517,0.47421151399612427,0.5381760597229004,-0.3441562056541443,0.8669099807739258,0.47098737955093384,0.5411231517791748,-0.37315884232521057,0.9062636494636536,0.4794483184814453,0.5487033724784851,-0.3373626470565796,0.815633237361908,0.46974045038223267,0.5511553287506104,-0.3633860945701599,0.8710833787918091,0.5146297812461853,0.7814140915870667,-0.005660771392285824,0.9996057748794556,0.4451683461666107,0.7789322137832642,0.005525131709873676,0.9996097683906555,0.5811542868614197,0.8634215593338013,-0.19587066769599915,0.9327499866485596,0.36915069818496704,0.8481589555740356,-0.22595088183879852,0.9461414217948914,0.5289318561553955,0.9163838624954224,0.06634685397148132,0.6782310009002686,0.42716217041015625,0.9143587946891785,0.007825739681720734,0.7214959859848022,0.520854115486145,0.9039878249168396,0.08947023004293442,0.5781266689300537,0.44258934259414673,0.9156795144081116,0.0357852466404438,0.6412447094917297,0.5160541534423828,0.974281907081604,0.0955205112695694,0.6069626808166504,0.42246213555336,0.9793946146965027,0.02430003508925438,0.6288883090019226,squat
0.4750191271305084,0.38077425956726074,-0.14482232928276062,0.9977670311927795,0.4815012514591217,0.3622594475746155,-0.1257375180721283,0.9971411228179932,0.48593607544898987,0.3628121614456177,-0.1259409636259079,0.9969232082366943,0.4906028211116791,0.3634501099586487,-0.12594136595726013,0.9974688291549683,0.46996551752090454,0.3609636127948761,-0.1264897733926773,0.9976769089698792,0.46617040038108826,0.3606659471988678,-0.12676508724689484,0.9978732466697693,0.46266740560531616,0.36063146591186523,-0.1269553154706955,0.9981431365013123,0.49576959013938904,0.3705550730228424,-0.022169116884469986,0.9981443881988525,0.4571259915828705,0.36742591857910156,-0.026400025933980942,0.9970194101333618,0.48170214891433716,0.39938482642173767,-0.10421186685562134,0.997671365737915,0.46932855248451233,0.4001579284667969,-0.10715323686599731,0.9976259469985962,0.5323009490966797,0.4758926033973694,0.007695431355386972,0.999587893486023,0.4238327443599701,0.47375500202178955,0.018172383308410645,0.9993099570274353,0.5475391149520874,0.6056447625160217,-0.07853523641824722,0.9553553462028503,0.4081648290157318,0.6117905378341675,-0.10087927430868149,0.940582275390625,0.4984529912471771,0.5459550023078918,-0.2411072552204132,0.9123451113700867,0.4542088508605957,0.5498099327087402,-0.2844572365283966,0.9464051127433777,0.48492854833602905,0.5337333083152771,-0.2735312879085541,0.8853849768638611,0.46907034516334534,0.531972348690033,-0.32439038157463074,0.9119625687599182,0.4819702208042145,0.5150952339172363,-0.2653818726539612,0.8700941205024719,0.468341588973999,0.525816023349762,-0.3103254437446594,0.900370180606842,0.484860897064209,0.5207632780075073,-0.23919209837913513,0.8169279098510742,0.4661479592323303,0.5302557349205017,-0.2828371524810791,0.8618720769882202,0.5168237686157227,0.729669451713562,-0.004485755693167448,0.9996414184570312,0.4459258019924164,0.7303784489631653,0.0043782321736216545,0.9996453523635864,0.577973484992981,0.8512185215950012,-0.1821109801530838,0.935757577419281,0.3783946931362152,0.8359531760215759,-0.22741639614105225,0.9488565325737,0.534003734588623,0.9147812724113464,0.12793554365634918,0.6577798128128052,0.4274713397026062,0.9214909076690674,0.03335190191864967,0.7149075269699097,0.5219317674636841,0.9068400263786316,0.16069474816322327,0.5576038360595703,0.44261860847473145,0.9179944396018982,0.06714364141225815,0.6311411261558533,0.5254830121994019,0.9797734022140503,0.13016623258590698,0.5748360753059387,0.42204493284225464,0.9999531507492065,0.035161491483449936,0.6080341935157776,squat
0.4751136898994446,0.2395774871110916,-0.15832720696926117,0.9979349374771118,0.48158472776412964,0.22769306600093842,-0.14966122806072235,0.9972835183143616,0.4862993657588959,0.22849725186824799,-0.14997950196266174,0.9970687031745911,0.49120625853538513,0.22935381531715393,-0.14993295073509216,0.9975975751876831,0.46991783380508423,0.2276381552219391,-0.14491833746433258,0.997807502746582,0.4659903645515442,0.22898750007152557,-0.14544017612934113,0.9980042576789856,0.46228843927383423,0.23029950261116028,-0.14569833874702454,0.9982582330703735,0.4964717924594879,0.23433078825473785,-0.08562283962965012,0.9982795715332031,0.4557323455810547,0.23606961965560913,-0.06556829810142517,0.9972013235092163,0.48301538825035095,0.26431968808174133,-0.1507251262664795,0.9978816509246826,0.4692037105560303,0.2657257616519928,-0.13060449063777924,0.9978381991386414,0.5323284864425659,0.3498154580593109,-0.039050523191690445,0.9996249675750732,0.42270150780677795,0.35822224617004395,-0.03547649830579758,0.9993664026260376,0.5485087037086487,0.4732174873352051,-0.07217195630073547,0.9588028192520142,0.4077521860599518,0.4883330166339874,-0.12183132022619247,0.9447571039199829,0.5109903216362,0.5345417857170105,-0.23916658759117126,0.9202778339385986,0.4478798508644104,0.5468830466270447,-0.3251956105232239,0.9514678120613098,0.5044761896133423,0.5565620064735413,-0.2816367447376251,0.8958510160446167,0.4585936963558197,0.5248600840568542,-0.37659066915512085,0.9204344153404236,0.4918172359466553,0.5402669310569763,-0.295676589012146,0.8821201920509338,0.46230000257492065,0.512554407119751,-0.379363477230072,0.9100027084350586,0.4920085072517395,0.5318766236305237,-0.24727454781532288,0.8336666822433472,0.4609021246433258,0.5277527570724487,-0.33213478326797485,0.8750776648521423,0.5163698196411133,0.6186566352844238,0.00013359580771066248,0.9996708035469055,0.4451419413089752,0.6182366013526917,-0.0002012733166338876,0.9996723532676697,0.5719704627990723,0.8204516172409058,-0.1675359308719635,0.9412541389465332,0.40415722131729126,0.7980749607086182,-0.22128823399543762,0.9528985619544983,0.5337113738059998,0.930022656917572,0.10921384394168854,0.6861157417297363,0.43094342947006226,0.9211333394050598,0.03381132334470749,0.7356314063072205,0.5219340324401855,0.9344908595085144,0.13476137816905975,0.5818292498588562,0.4438747763633728,0.9201088547706604,0.06703841686248779,0.6442487239837646,0.5363923907279968,1.0435904264450073,0.11007354408502579,0.6028479337692261,0.4217142164707184,1.001525640487671,0.00041620852425694466,0.6287292838096619,squat
0.47511738538742065,0.14337165653705597,-0.3227101266384125,0.998132586479187,0.48160117864608765,0.12848566472530365,-0.3020924925804138,0.9975255131721497,0.4862388074398041,0.12901340425014496,-0.3024255335330963,0.9973303079605103,0.49115610122680664,0.12960144877433777,-0.3024023473262787,0.997812807559967,0.46967434883117676,0.12843838334083557,-0.30536243319511414,0.998005747795105,0.46544280648231506,0.12960821390151978,-0.3056902289390564,0.9981858134269714,0.4616740643978119,0.1305854767560959,-0.3058888912200928,0.9984145760536194,0.4961913526058197,0.1380721777677536,-0.17984704673290253,0.9984360337257385,0.4549970030784607,0.13853897154331207,-0.19368301331996918,0.997445821762085,0.4830167293548584,0.16665346920490265,-0.27660536766052246,0.9980892539024353,0.4690723419189453,0.1671541929244995,-0.2814064621925354,0.9980495572090149,0.5323693156242371,0.2645837068557739,-0.107425257563591,0.9996615052223206,0.42045146226882935,0.27281856536865234,-0.11512116342782974,0.9994239807128906,0.5514386892318726,0.40510833263397217,-0.13009013235569,0.9624536037445068,0.40384164452552795,0.4139697551727295,-0.15280374884605408,0.9486111998558044,0.555010974407196,0.5306180119514465,-0.29700207710266113,0.9280310869216919,0.40176811814308167,0.5386529564857483,-0.3540012836456299,0.9557031393051147,0.558555543422699,0.55699622631073,-0.33833205699920654,0.9059277176856995,0.39562010765075684,0.54914790391922,-0.39678147435188293,0.9275130033493042,0.5506585836410522,0.546521008014679,-0.3137393295764923,0.893612265586853,0.40916913747787476,0.5418019890785217,-0.4349895119667053,0.9182149767875671,0.5455434918403625,0.5337727069854736,-0.3077436089515686,0.8498246073722839,0.4146660268306732,0.5328850746154785,-0.34782761335372925,0.8864482641220093,0.5164508819580078,0.5462862849235535,0.0010166744468733668,0.9997019171714783,0.4469206929206848,0.5533943772315979,-0.001127762021496892,0.9997025728225708,0.5336886644363403,0.7448005676269531,-0.020365100353956223,0.9462194442749023,0.4294961988925934,0.7509103417396545,-0.140203595161438,0.9569064974784851,0.5332590937614441,0.9304987788200378,0.1372012048959732,0.7170571088790894,0.43242302536964417,0.9279078841209412,0.02657780610024929,0.7615393996238708,0.5220893621444702,0.946263313293457,0.14492656290531158,0.6158407926559448,0.4443853795528412,0.9467376470565796,0.039314039051532745,0.6731172800064087,0.5407841801643372,1.039961338043213,0.022879019379615784,0.6418039202690125,0.421367883682251,1.0082242488861084,-0.09053517132997513,0.6648949384689331,squat
0.4751175045967102,0.131155863404274,-0.40224581956863403,0.9983181953430176,0.4816184937953949,0.11598499119281769,-0.38619476556777954,0.9977690577507019,0.4861775040626526,0.11648950725793839,-0.3865576982498169,0.9975935816764832,0.49054136872291565,0.11679712682962418,-0.3865402042865753,0.9980283379554749,0.4694764018058777,0.1159466877579689,-0.3902365565299988,0.9982023239135742,0.4652951657772064,0.11655288189649582,-0.39055299758911133,0.9983649253845215,0.4615362584590912,0.11684955656528473,-0.3907160460948944,0.9985706210136414,0.49468857049942017,0.12666791677474976,-0.270380437374115,0.998590350151062,0.4549373686313629,0.12593823671340942,-0.28633660078048706,0.9976950287818909,0.48291435837745667,0.1511385142803192,-0.3552895486354828,0.9982792735099792,0.4691799283027649,0.15184523165225983,-0.36182644963264465,0.9982432126998901,0.5323441028594971,0.25531288981437683,-0.18613842129707336,0.9996950030326843,0.4183308184146881,0.2611706852912903,-0.1921738237142563,0.9994791150093079,0.560883641242981,0.3912860155105591,-0.18495486676692963,0.9659052491188049,0.39279958605766296,0.40498796105384827,-0.20495465397834778,0.9525673985481262,0.5890085101127625,0.5135684013366699,-0.3465207517147064,0.9349542856216431,0.3658965826034546,0.5302605628967285,-0.3517691195011139,0.9589142203330994,0.5989664793014526,0.5453847646713257,-0.38868969678878784,0.9148164987564087,0.35383278131484985,0.5548258423805237,-0.3924550414085388,0.9326750040054321,0.5904474258422852,0.5390417575836182,-0.4286755919456482,0.9038196802139282,0.3589470088481903,0.5543404221534729,-0.4329454302787781,0.9245884418487549,0.5842796564102173,0.5282881259918213,-0.3697677552700043,0.8642333745956421,0.3663129210472107,0.5433958768844604,-0.36328795552253723,0.8956351280212402,0.5145074129104614,0.5383907556533813,0.0008173779351636767,0.9997307658195496,0.4457230567932129,0.5449719429016113,-0.0009672244195826352,0.9997308254241943,0.5210479497909546,0.7366839051246643,0.014093726873397827,0.9511180520057678,0.439873069524765,0.7495135068893433,0.030332690104842186,0.9600257873535156,0.531299352645874,0.9323351383209229,0.15422090888023376,0.7449673414230347,0.4355979561805725,0.9308626055717468,0.1826525628566742,0.7847487330436707,0.5226010680198669,0.9540208578109741,0.15824134647846222,0.648213267326355,0.4453775882720947,0.9535319805145264,0.19027762115001678,0.6977027654647827,0.5411641597747803,1.0325676202774048,0.017194535583257675,0.6771537661552429,0.4238509237766266,1.0071378946304321,0.05384587496519089,0.6974653601646423,squat
0.47516781091690063,0.13372281193733215,-0.3679960370063782,0.9984824061393738,0.48176461458206177,0.11610926687717438,-0.35101285576820374,0.9979774951934814,0.48619189858436584,0.11701931059360504,-0.35138240456581116,0.9978198409080505,0.49052292108535767,0.11802121996879578,-0.3513919711112976,0.998213529586792,0.4693140387535095,0.11633536964654922,-0.3549754023551941,0.9983718395233154,0.4651400148868561,0.11727391183376312,-0.35530704259872437,0.9985199570655823,0.46146053075790405,0.11890306323766708,-0.3554937243461609,0.9987051486968994,0.4941950738430023,0.12761317193508148,-0.23628243803977966,0.9987240433692932,0.4547364115715027,0.12943392992019653,-0.25212550163269043,0.9979050755500793,0.4828951358795166,0.1551373451948166,-0.3217034637928009,0.9984475374221802,0.4691072404384613,0.15697923302650452,-0.32828372716903687,0.9984142184257507,0.5323598384857178,0.2542741894721985,-0.16312864422798157,0.9997244477272034,0.41716980934143066,0.2591409683227539,-0.16437187790870667,0.9995248913764954,0.5655146241188049,0.39168933033943176,-0.1664208322763443,0.9689873456954956,0.38713306188583374,0.3980228304862976,-0.20380714535713196,0.9561631679534912,0.5933657288551331,0.5080614686012268,-0.30809205770492554,0.9410076141357422,0.36181288957595825,0.5289607644081116,-0.3446163237094879,0.9617063999176025,0.601746678352356,0.544433057308197,-0.3461596369743347,0.9224123954772949,0.3490958511829376,0.5502830743789673,-0.386382132768631,0.9371033906936646,0.593417763710022,0.5419347882270813,-0.3937438726425171,0.9126677513122559,0.3555140197277069,0.5531786680221558,-0.4247093200683594,0.9301320910453796,0.5873823165893555,0.5302103757858276,-0.3293672800064087,0.8768057823181152,0.3634583055973053,0.5411128997802734,-0.3617555499076843,0.9036489129066467,0.5139647722244263,0.5443054437637329,0.0005614382098428905,0.9997549653053284,0.44477638602256775,0.5524839758872986,-0.0007041904609650373,0.9997537732124329,0.5208104252815247,0.7431142926216125,0.02822701632976532,0.9552358388900757,0.4392935633659363,0.7550239562988281,0.055111974477767944,0.962020993232727,0.5312772393226624,0.9365646243095398,0.19552193582057953,0.7691182494163513,0.4354165196418762,0.9376586675643921,0.21718499064445496,0.8046053647994995,0.5230690240859985,0.9590311646461487,0.2030632495880127,0.6676064729690552,0.4447816014289856,0.9583011865615845,0.22636771202087402,0.7098173499107361,0.5444879531860352,1.0284408330917358,0.07165445387363434,0.707424521446228,0.4234643876552582,1.0091710090637207,0.10286612808704376,0.7246620655059814,squat
0.47494053840637207,0.14091867208480835,-0.3325694799423218,0.9986292719841003,0.48174047470092773,0.12458161264657974,-0.31329917907714844,0.9981648325920105,0.4861423969268799,0.12560807168483734,-0.3135927617549896,0.9980230927467346,0.48999541997909546,0.12641876935958862,-0.31359606981277466,0.9983803629875183,0.46897268295288086,0.123408243060112,-0.3148743808269501,0.998523473739624,0.46485480666160583,0.12379208952188492,-0.315178245306015,0.9986584186553955,0.4610709547996521,0.12492313235998154,-0.315371572971344,0.9988253712654114,0.4926624894142151,0.136455237865448,-0.199223592877388,0.9988436102867126,0.4544515013694763,0.1349433958530426,-0.20910552144050598,0.9980906844139099,0.4819146990776062,0.16237787902355194,-0.28655362129211426,0.9985980987548828,0.46865397691726685,0.16078047454357147,-0.2903754711151123,0.9985672235488892,0.5323448777198792,0.2610172629356384,-0.13972404599189758,0.9997507333755493,0.4161604344844818,0.2655162215232849,-0.13485819101333618,0.9995648264884949,0.5643506050109863,0.39790382981300354,-0.1437791883945465,0.9716538786888123,0.38655808568000793,0.40544945001602173,-0.16831336915493011,0.9592896699905396,0.5746687054634094,0.5051327347755432,-0.2952295243740082,0.9465392827987671,0.378902792930603,0.5260975956916809,-0.3110024333000183,0.9641291499137878,0.5797720551490784,0.5432786345481873,-0.3363155722618103,0.9295224547386169,0.3697279989719391,0.5534312725067139,-0.35267549753189087,0.9411272406578064,0.5720028877258301,0.5371742844581604,-0.37254369258880615,0.9208340048789978,0.3800082504749298,0.5522677302360535,-0.381538450717926,0.93507981300354,0.5666576623916626,0.5261563062667847,-0.312241792678833,0.8883206248283386,0.38762789964675903,0.5394531488418579,-0.326856791973114,0.9106950163841248,0.513944149017334,0.5504937171936035,-0.0017339612822979689,0.9997775554656982,0.44326791167259216,0.5602964758872986,0.0015443471493199468,0.9997752904891968,0.5212019085884094,0.742500901222229,-0.020499275997281075,0.9592798352241516,0.43596917390823364,0.7593955397605896,0.053586192429065704,0.9642339944839478,0.5312452912330627,0.9378278851509094,0.1853194236755371,0.7916004061698914,0.43528324365615845,0.9391390681266785,0.206350177526474,0.8232478499412537,0.5232405662536621,0.9588608741760254,0.15579895675182343,0.6915771961212158,0.4441531300544739,0.9591430425643921,0.2151549607515335,0.7283324003219604,0.5456802845001221,1.0266069173812866,0.012637550011277199,0.7356055378913879,0.41783228516578674,1.0082740783691406,0.10162420570850372,0.7504197359085083,squat
0.4742955267429352,0.17438656091690063,-0.23791038990020752,0.9986556172370911,0.48060330748558044,0.1585441529750824,-0.21515262126922607,0.9980511665344238,0.48552459478378296,0.15940111875534058,-0.2154635637998581,0.9979442954063416,0.48930054903030396,0.16014398634433746,-0.2154712677001953,0.9983174204826355,0.46843838691711426,0.15753215551376343,-0.21768207848072052,0.9984441995620728,0.4645395278930664,0.15793266892433167,-0.21799898147583008,0.9986235499382019,0.46066412329673767,0.15852996706962585,-0.21820494532585144,0.9987772703170776,0.49219948053359985,0.1688115894794464,-0.10028121620416641,0.9988313317298889,0.4541796147823334,0.16704118251800537,-0.11151136457920074,0.9979133009910583,0.48067355155944824,0.19557726383209229,-0.19340892136096954,0.9986739754676819,0.4682445526123047,0.19480887055397034,-0.1985841691493988,0.998636782169342,0.5321757197380066,0.2898768484592438,-0.05157668516039848,0.9997655153274536,0.41628918051719666,0.29326939582824707,-0.05465395376086235,0.9995711445808411,0.5636307001113892,0.421308308839798,-0.10005203634500504,0.9735613465309143,0.38629424571990967,0.42887580394744873,-0.15191589295864105,0.961472749710083,0.5441097021102905,0.49801236391067505,-0.2916441559791565,0.9511468410491943,0.4098190665245056,0.49109455943107605,-0.35726433992385864,0.9668371677398682,0.5419398546218872,0.5407289266586304,-0.33860042691230774,0.9356922507286072,0.41987037658691406,0.5093640089035034,-0.41838377714157104,0.9459688663482666,0.5332486033439636,0.5234697461128235,-0.36039918661117554,0.927929162979126,0.4248105585575104,0.4833586812019348,-0.42923516035079956,0.9405637383460999,0.5309949517250061,0.5108581781387329,-0.30333417654037476,0.8982113003730774,0.4246116280555725,0.4738995134830475,-0.3681425452232361,0.9179746508598328,0.5139729380607605,0.57076096534729,-0.0001254946255357936,0.999779224395752,0.44364404678344727,0.5771116018295288,-1.3889250112697482e-05,0.9997655153274536,0.5260893702507019,0.7469578981399536,-0.1924419105052948,0.96244877576828,0.4304817318916321,0.7526015639305115,-0.2126108705997467,0.9660218954086304,0.5312369465827942,0.9414732456207275,-0.025655090808868408,0.8092883229255676,0.43411120772361755,0.9387663006782532,-0.02665618062019348,0.8356395363807678,0.5227404236793518,0.9623193740844727,-0.017503801733255386,0.7059733271598816,0.4432089328765869,0.9575532078742981,-0.012284619733691216,0.7334956526756287,0.5462594032287598,1.0220856666564941,-0.1376378834247589,0.7546165585517883,0.41079622507095337,0.9987131953239441,-0.12023810297250748,0.7627032995223999,squat
0.4753779470920563,0.2680381238460541,-0.1935228556394577,0.9985744953155518,0.48159855604171753,0.24935175478458405,-0.17157664895057678,0.9979531168937683,0.4862329363822937,0.2500417232513428,-0.17186525464057922,0.9978109002113342,0.48982810974121094,0.2506940960884094,-0.17186377942562103,0.9982625246047974,0.46941691637039185,0.24959313869476318,-0.17248712480068207,0.9983742237091064,0.46532607078552246,0.2503466010093689,-0.1727990210056305,0.9985437989234924,0.4619785249233246,0.2510004937648773,-0.1730077564716339,0.9987239241600037,0.49346813559532166,0.25858551263809204,-0.055108435451984406,0.998781144618988,0.4548738896846771,0.25897037982940674,-0.05975622683763504,0.9976430535316467,0.48205310106277466,0.2903194725513458,-0.14791902899742126,0.9986578226089478,0.46889084577560425,0.28853991627693176,-0.15121802687644958,0.9985957741737366,0.5323900580406189,0.37127381563186646,-0.012847269885241985,0.9997695684432983,0.4179878830909729,0.3742707669734955,-0.0005849735462106764,0.9995450973510742,0.5629675984382629,0.5020344257354736,-0.10244651883840561,0.9719468355178833,0.3871244788169861,0.507378876209259,-0.1302732527256012,0.9594449400901794,0.5176516175270081,0.4883880913257599,-0.30069059133529663,0.9525118470191956,0.4320491850376129,0.46675628423690796,-0.35613396763801575,0.9662925004959106,0.504654049873352,0.49568670988082886,-0.3437418043613434,0.9384223818778992,0.44518208503723145,0.4565572440624237,-0.41543689370155334,0.9460242986679077,0.49865540862083435,0.4670162498950958,-0.3464053273200989,0.9312608242034912,0.4482968747615814,0.43218639492988586,-0.40401792526245117,0.9406723976135254,0.4987752437591553,0.468069851398468,-0.3051843047142029,0.9016453623771667,0.44710177183151245,0.4366057515144348,-0.3605625033378601,0.9169458150863647,0.5188974142074585,0.6402936577796936,-0.0007748122443445027,0.999789297580719,0.44452887773513794,0.6408687233924866,0.0006411759532056749,0.9997751712799072,0.5601494908332825,0.8220411539077759,-0.18028561770915985,0.9621696472167969,0.40053582191467285,0.792153000831604,-0.26743921637535095,0.9671335816383362,0.5320696830749512,0.9413380026817322,0.08436040580272675,0.8096882104873657,0.43353813886642456,0.9378769993782043,-0.014152544550597668,0.8379725217819214,0.5221267342567444,0.9514663815498352,0.11818237602710724,0.6942000985145569,0.4432898163795471,0.9573088884353638,0.010791914537549019,0.7276645302772522,0.5456801652908325,1.0189952850341797,0.06041913479566574,0.7426464557647705,0.41132235527038574,1.0003432035446167,-0.06352584064006805,0.754995584487915,squat
0.47620171308517456,0.39191538095474243,-0.15750952064990997,0.9984498023986816,0.4824220538139343,0.37411919236183167,-0.13305798172950745,0.9978731274604797,0.4871644079685211,0.3745081126689911,-0.1332930475473404,0.9976862668991089,0.4909380078315735,0.3746069669723511,-0.13327503204345703,0.998191237449646,0.4702175259590149,0.3739347755908966,-0.13251884281635284,0.9983329176902771,0.4663929343223572,0.37441423535346985,-0.13276104629039764,0.9984852075576782,0.4630557894706726,0.37454742193222046,-0.13294191658496857,0.9986884593963623,0.4960353374481201,0.3809238374233246,-0.021608946844935417,0.9986846446990967,0.4567442834377289,0.3820911943912506,-0.0196534376591444,0.9974371194839478,0.4830682873725891,0.4115644693374634,-0.11562243849039078,0.9984025359153748,0.4699137806892395,0.41176676750183105,-0.11693289130926132,0.9982998967170715,0.5347400903701782,0.4861781597137451,-0.00427445862442255,0.9996981620788574,0.4217354357242584,0.4909769594669342,0.0034495475701987743,0.9993558526039124,0.5614500045776367,0.6145613193511963,-0.10855227708816528,0.9651102423667908,0.4062877297401428,0.627229630947113,-0.14694342017173767,0.9541261196136475,0.50746089220047,0.529483437538147,-0.30522915720939636,0.9408708810806274,0.4485395848751068,0.4982490539550781,-0.36253994703292847,0.96049964427948,0.495078980922699,0.49967995285987854,-0.3446992039680481,0.9244546890258789,0.46211156249046326,0.47768542170524597,-0.4137302041053772,0.9349835515022278,0.49129366874694824,0.4697997570037842,-0.3336050808429718,0.9155258536338806,0.4608405530452728,0.4589756429195404,-0.39151856303215027,0.9274400472640991,0.4921404719352722,0.49294513463974,-0.30860480666160583,0.8794879913330078,0.4591275155544281,0.43961960077285767,-0.36205247044563293,0.8984469771385193,0.5219727754592896,0.7390456199645996,0.00042576403939165175,0.9997864365577698,0.44914117455482483,0.7453368306159973,-0.0005543873412534595,0.9997719526290894,0.5849753618240356,0.8471057415008545,-0.25961124897003174,0.9633984565734863,0.38539621233940125,0.8272383213043213,-0.2931232750415802,0.9676034450531006,0.5355125665664673,0.9409812092781067,0.028050919994711876,0.8016471862792969,0.42806094884872437,0.9282551407814026,-0.0018990926910191774,0.8293458223342896,0.5224685668945312,0.9441450238227844,0.05823628976941109,0.6842190027236938,0.441383421421051,0.9410883784294128,0.028585825115442276,0.7181713581085205,0.5443923473358154,1.0152509212493896,0.0035545609425753355,0.7223606705665588,0.4105594754219055,1.0038090944290161,-0.03723439946770668,0.7326705455780029,squat
0.4778515696525574,0.46368157863616943,-0.1558489352464676,0.9985118508338928,0.4843269884586334,0.44554683566093445,-0.13416123390197754,0.9979969263076782,0.48872241377830505,0.4463520348072052,-0.134379044175148,0.9978057742118835,0.4931456446647644,0.4463363587856293,-0.13438305258750916,0.9982923865318298,0.47153323888778687,0.4429014027118683,-0.13333138823509216,0.9984344244003296,0.46756139397621155,0.4426708221435547,-0.1335672289133072,0.9985703825950623,0.46415409445762634,0.4431210458278656,-0.1337384581565857,0.9987686276435852,0.49763599038124084,0.45329105854034424,-0.027630368247628212,0.99875807762146,0.4579537808895111,0.4496348798274994,-0.024387206882238388,0.9975694417953491,0.48524099588394165,0.4850117266178131,-0.11511044204235077,0.9984522461891174,0.47053712606430054,0.4849974811077118,-0.11590999364852905,0.9983470439910889,0.5352522134780884,0.548923134803772,-0.004527291748672724,0.999684751033783,0.4237622320652008,0.5425661206245422,0.007482907734811306,0.9993367791175842,0.5617276430130005,0.6890342831611633,-0.1223367229104042,0.9644397497177124,0.40858468413352966,0.693832278251648,-0.14038799703121185,0.955558717250824,0.512405276298523,0.6040890216827393,-0.30210307240486145,0.9411025047302246,0.44737276434898376,0.5825862288475037,-0.3324196934700012,0.9629237651824951,0.5027225017547607,0.5783032774925232,-0.3340793550014496,0.9239768981933594,0.455613911151886,0.5535629987716675,-0.3722322881221771,0.9383114576339722,0.49565643072128296,0.5528497695922852,-0.3193642497062683,0.9145872592926025,0.4570588171482086,0.5306206345558167,-0.3516630530357361,0.9308974742889404,0.4947366714477539,0.5650697350502014,-0.29913610219955444,0.8769011497497559,0.4571951925754547,0.5384461283683777,-0.3292132019996643,0.9024461507797241,0.5213705897331238,0.7873176336288452,0.0003196408797521144,0.9997885227203369,0.4491037428379059,0.7860400080680847,-0.00045355470501817763,0.9997760653495789,0.5924555063247681,0.8566799759864807,-0.252851277589798,0.9653428792953491,0.3705838918685913,0.8468713760375977,-0.2723565101623535,0.9690542221069336,0.5372923016548157,0.9412763118743896,0.01655835285782814,0.7937028408050537,0.43118101358413696,0.9308292865753174,0.0019726932514458895,0.8173948526382446,0.5227230191230774,0.9371947646141052,0.045247115194797516,0.6827835440635681,0.4468582570552826,0.9370994567871094,0.032439183443784714,0.712648332118988,0.5442065596580505,1.013178825378418,0.001019802177324891,0.7011061906814575,0.4171939790248871,1.0003716945648193,-0.021240193396806717,0.705298662185669,squat
0.4791938364505768,0.43692249059677124,-0.12604095041751862,0.9986023902893066,0.48483580350875854,0.4202759265899658,-0.10725609958171844,0.9981382489204407,0.48939505219459534,0.421428382396698,-0.10747035592794418,0.9979490041732788,0.49395322799682617,0.4223517179489136,-0.10748149454593658,0.9984132051467896,0.47255080938339233,0.4181242287158966,-0.10575304925441742,0.9985480904579163,0.46857428550720215,0.4180524945259094,-0.10600066184997559,0.9986683130264282,0.46502938866615295,0.4184168577194214,-0.106162428855896,0.9988577961921692,0.4991079866886139,0.42952725291252136,-0.01287651527673006,0.9988514184951782,0.4588247835636139,0.42710012197494507,-0.007059535477310419,0.9977384209632874,0.4864006042480469,0.45734304189682007,-0.09004862606525421,0.9985480308532715,0.4717775881290436,0.45813873410224915,-0.08997784554958344,0.9984462857246399,0.536501407623291,0.5330463647842407,0.005354798398911953,0.9997004866600037,0.4251154065132141,0.5271968245506287,0.019333694130182266,0.9993662238121033,0.5628864169120789,0.6701705455780029,-0.10942897945642471,0.9608501195907593,0.40925145149230957,0.6648266911506653,-0.124514639377594,0.9502634406089783,0.5134771466255188,0.5782848596572876,-0.26609358191490173,0.9394570589065552,0.453011691570282,0.5559923648834229,-0.3073190450668335,0.9631221294403076,0.5028925538063049,0.5651049017906189,-0.29378896951675415,0.9218067526817322,0.4599774479866028,0.5392605066299438,-0.34369921684265137,0.9386841654777527,0.49668312072753906,0.5451226830482483,-0.2782756984233856,0.9116959571838379,0.4644850790500641,0.5208731889724731,-0.3240295946598053,0.9307431578636169,0.49620991945266724,0.5522965788841248,-0.26122409105300903,0.8712167143821716,0.4655663073062897,0.5285881757736206,-0.30399471521377563,0.901215672492981,0.5209309458732605,0.7636511921882629,0.0003155005688313395,0.9998015761375427,0.44730645418167114,0.7648124694824219,-0.0004491939616855234,0.9997896552085876,0.587431788444519,0.858182430267334,-0.20146694779396057,0.960528552532196,0.37134724855422974,0.8461819887161255,-0.23441743850708008,0.9653709530830383,0.5376487970352173,0.9330527186393738,0.03042462468147278,0.7528688907623291,0.4294055998325348,0.9268664121627808,0.013194797560572624,0.7764037251472473,0.5223566889762878,0.9282217025756836,0.07615116238594055,0.6523623466491699,0.4448971152305603,0.9322996139526367,0.04139738902449608,0.6796621084213257,0.5422205924987793,1.0062955617904663,0.05917444825172424,0.6562015414237976,0.41705530881881714,1.005698561668396,0.008375911973416805,0.6593756675720215,squat
0.47908395528793335,0.4033767580986023,-0.08520566672086716,0.9987071752548218,0.48478713631629944,0.39693301916122437,-0.06327623128890991,0.9982745051383972,0.4893391728401184,0.3961411416530609,-0.06348282843828201,0.9980916976928711,0.49384480714797974,0.3963114023208618,-0.06347839534282684,0.9985318183898926,0.47245997190475464,0.3978094458580017,-0.06406399607658386,0.9986587166786194,0.46851643919944763,0.3997785449028015,-0.0643080621957779,0.9987685084342957,0.4649323523044586,0.40195706486701965,-0.06446358561515808,0.9989447593688965,0.4989983141422272,0.39951837062835693,0.04537446051836014,0.9989482760429382,0.45868510007858276,0.41833969950675964,0.04077882692217827,0.9979158043861389,0.4862492084503174,0.4160742163658142,-0.043766602873802185,0.9986816644668579,0.4716789722442627,0.4267883598804474,-0.0467560738325119,0.9985870718955994,0.5364072322845459,0.5263102054595947,0.07283231616020203,0.9997265934944153,0.4256318211555481,0.5006755590438843,0.08009599149227142,0.9994145035743713,0.5641050338745117,0.6480860710144043,0.0004221837443765253,0.9614971280097961,0.40760064125061035,0.6189453601837158,-0.0518975555896759,0.9453811049461365,0.5166497826576233,0.5456467866897583,-0.17450204491615295,0.9441428780555725,0.44494137167930603,0.5062416791915894,-0.2726503908634186,0.9643507599830627,0.5078762769699097,0.5298632383346558,-0.20981565117835999,0.9280909299850464,0.4525352418422699,0.4941299855709076,-0.31861168146133423,0.942038893699646,0.500972330570221,0.5046088099479675,-0.20535437762737274,0.91888028383255,0.4566708207130432,0.4695998728275299,-0.3075329661369324,0.9343747496604919,0.4998199939727783,0.5102660059928894,-0.17476826906204224,0.8809917569160461,0.45688921213150024,0.47442787885665894,-0.2737535238265991,0.9056881666183472,0.5226389765739441,0.7305489182472229,4.361843366496032e-06,0.9998193383216858,0.44916754961013794,0.7391478419303894,-0.00013094239693600684,0.9998081922531128,0.5840244293212891,0.8517614603042603,-0.18933509290218353,0.9625512361526489,0.3803185820579529,0.8330971598625183,-0.2196670025587082,0.9670383334159851,0.5374218821525574,0.9331724643707275,0.1506626158952713,0.7541829943656921,0.43164244294166565,0.927496075630188,0.08181613683700562,0.780847430229187,0.5229024291038513,0.9304772019386292,0.18533830344676971,0.6529462933540344,0.4472147822380066,0.9336073994636536,0.11419705301523209,0.6822234988212585,0.5422609448432922,1.007904291152954,0.1365033984184265,0.650059700012207,0.4176468849182129,1.00563383102417,0.06334799528121948,0.6564558744430542,squat
0.4781094491481781,0.2273927628993988,-0.2561236023902893,0.998638391494751,0.48455366492271423,0.22933848202228546,-0.2357466220855713,0.9978486895561218,0.48931512236595154,0.23023544251918793,-0.2360086739063263,0.9976432919502258,0.4937639832496643,0.23084837198257446,-0.23602744936943054,0.9982024431228638,0.47237786650657654,0.22989341616630554,-0.23601774871349335,0.998347818851471,0.4684111475944519,0.23107871413230896,-0.23632025718688965,0.9985366463661194,0.46465760469436646,0.23157855868339539,-0.23651842772960663,0.9987176656723022,0.4989810585975647,0.2329140603542328,-0.11475364863872528,0.9988980889320374,0.45786961913108826,0.2361328899860382,-0.1156570315361023,0.9977041482925415,0.4857371747493744,0.242179274559021,-0.20892219245433807,0.9987775683403015,0.47111859917640686,0.24290254712104797,-0.21099703013896942,0.9986881613731384,0.5363513231277466,0.3411538302898407,-0.05755629390478134,0.9997494220733643,0.42341262102127075,0.33926865458488464,-0.04470110684633255,0.9994586110115051,0.5633004307746887,0.46315768361091614,-0.12289454787969589,0.9646996259689331,0.4045775532722473,0.45922067761421204,-0.14213359355926514,0.9487584829330444,0.5256804823875427,0.5243229269981384,-0.3495752215385437,0.949497640132904,0.42698830366134644,0.5079777836799622,-0.40615493059158325,0.9675371646881104,0.523619532585144,0.531738817691803,-0.40844082832336426,0.9350111484527588,0.43323200941085815,0.5223875641822815,-0.4690273404121399,0.9474718570709229,0.516061007976532,0.5088931322097778,-0.42818135023117065,0.926742672920227,0.44158801436424255,0.4974757432937622,-0.48462843894958496,0.9405990242958069,0.5127509832382202,0.5115607976913452,-0.36255213618278503,0.8924197554588318,0.44159436225891113,0.4843364655971527,-0.41926464438438416,0.9144704937934875,0.5210411548614502,0.6106175184249878,-2.4338613002328202e-05,0.9998305439949036,0.4491282105445862,0.6160631775856018,-0.00010311642108717933,0.9998178482055664,0.5676559209823608,0.7871716618537903,-0.2120819091796875,0.9651133418083191,0.40432706475257874,0.7865061163902283,-0.22561252117156982,0.9684541821479797,0.5366064310073853,0.9333456158638,0.04481906071305275,0.7735069394111633,0.4317293167114258,0.926060140132904,0.01363395620137453,0.7966473698616028,0.5228381156921387,0.9387679100036621,0.0652654841542244,0.669335663318634,0.44620317220687866,0.9382466673851013,0.03418098762631416,0.6924622058868408,0.5434137582778931,1.0139329433441162,-0.040700703859329224,0.674726128578186,0.4149159789085388,1.0012779235839844,-0.06863783299922943,0.6774048805236816,squat
0.4780891537666321,0.13481317460536957,-0.3865329623222351,0.9987730383872986,0.4845214784145355,0.11908861994743347,-0.36500629782676697,0.9980587959289551,0.4892420768737793,0.11953380703926086,-0.36536115407943726,0.9978735446929932,0.4937441349029541,0.1203927993774414,-0.3653382360935211,0.9983775019645691,0.47234249114990234,0.11772415041923523,-0.36949819326400757,0.9985096454620361,0.46796098351478577,0.11812348663806915,-0.36980098485946655,0.9986801743507385,0.46420496702194214,0.11921756714582443,-0.3699851632118225,0.9988429546356201,0.4988412857055664,0.13067607581615448,-0.23172304034233093,0.9990053176879883,0.4572165012359619,0.1297598034143448,-0.250505268573761,0.9979273080825806,0.48569583892822266,0.15485535562038422,-0.33448678255081177,0.9988988637924194,0.4710708260536194,0.1556328386068344,-0.34184563159942627,0.9988182783126831,0.5362844467163086,0.2546992301940918,-0.1489342600107193,0.9997739195823669,0.42088332772254944,0.2675015926361084,-0.16714981198310852,0.9995102286338806,0.5630891919136047,0.39745739102363586,-0.17459972202777863,0.9678469896316528,0.4037887454032898,0.4113464057445526,-0.2446599006652832,0.9533142447471619,0.5573758482933044,0.513188362121582,-0.36869627237319946,0.9544001221656799,0.39984166622161865,0.5093145370483398,-0.45648232102394104,0.9706120491027832,0.562079131603241,0.5398121476173401,-0.4192441403865814,0.9412745237350464,0.3919820487499237,0.5460198521614075,-0.5152002573013306,0.9524531960487366,0.5519514083862305,0.5288412570953369,-0.454501211643219,0.9338656067848206,0.40442514419555664,0.5358139276504517,-0.5416319370269775,0.9462986588478088,0.5465739369392395,0.5179488062858582,-0.38692012429237366,0.9028503894805908,0.41039419174194336,0.5172715187072754,-0.47331666946411133,0.9226301908493042,0.5202769041061401,0.5421866178512573,0.0013573984615504742,0.9998457431793213,0.4489719867706299,0.550955057144165,-0.001516953227110207,0.9998335242271423,0.5312793850898743,0.7374981641769409,-0.033873654901981354,0.9679383635520935,0.4332394003868103,0.7530238628387451,-0.03213020786643028,0.9701884388923645,0.5331665873527527,0.9334208965301514,0.11508132517337799,0.7956819534301758,0.4339885711669922,0.929963231086731,0.12288419902324677,0.8162673711776733,0.5227810740470886,0.9525176286697388,0.11948023736476898,0.6954612135887146,0.4463282525539398,0.9503187537193298,0.1307605803012848,0.7149029970169067,0.543645977973938,1.013500452041626,-0.022830940783023834,0.7065804600715637,0.4187726080417633,1.0033677816390991,-0.01600564271211624,0.7084714770317078,squat
0.4779188632965088,0.13084916770458221,-0.37442687153816223,0.9988940954208374,0.4844922423362732,0.11376550793647766,-0.35765329003334045,0.9982474446296692,0.48889580368995667,0.11488397419452667,-0.35801267623901367,0.9980806708335876,0.4928695559501648,0.1160607784986496,-0.35799849033355713,0.99853515625,0.47164973616600037,0.11374440789222717,-0.35951802134513855,0.998654842376709,0.467216819524765,0.11493566632270813,-0.35984405875205994,0.9988089799880981,0.463387668132782,0.11652840673923492,-0.36001938581466675,0.9989556074142456,0.4972308278083801,0.12646767497062683,-0.2446681261062622,0.9991015195846558,0.4569379687309265,0.12739205360412598,-0.250804603099823,0.9981261491775513,0.48552408814430237,0.15194231271743774,-0.32895198464393616,0.9990074634552002,0.4707692265510559,0.1521879881620407,-0.3327452540397644,0.9989346861839294,0.5361340045928955,0.2552206814289093,-0.1669904738664627,0.9997959733009338,0.4206894040107727,0.26529407501220703,-0.1649150550365448,0.9995567202568054,0.5643360018730164,0.39360591769218445,-0.1705816686153412,0.9706448912620544,0.40068602561950684,0.4111328423023224,-0.2045871764421463,0.9568103551864624,0.579042911529541,0.5122836828231812,-0.3606107831001282,0.9585537910461426,0.38634151220321655,0.5269444584846497,-0.3232019543647766,0.9724907875061035,0.5863372683525085,0.5490373373031616,-0.4130556583404541,0.9464221000671387,0.37496528029441833,0.5708429217338562,-0.36312931776046753,0.9553672075271606,0.5752896666526794,0.5455082058906555,-0.4076479971408844,0.9398547410964966,0.38261768221855164,0.5664559006690979,-0.40540653467178345,0.9500458836555481,0.569470226764679,0.5315066576004028,-0.3544997572898865,0.9116886854171753,0.39165642857551575,0.5521078705787659,-0.3435128927230835,0.9283296465873718,0.5187642574310303,0.545129656791687,0.0012900657020509243,0.9998599886894226,0.4489310681819916,0.5539221167564392,-0.0014379785861819983,0.9998483657836914,0.5230862498283386,0.7365782856941223,-0.033619530498981476,0.970589816570282,0.44117435812950134,0.7518172264099121,0.030195534229278564,0.9714860916137695,0.5313504934310913,0.9334849119186401,0.11881212890148163,0.8152647614479065,0.4352753758430481,0.9344983696937561,0.18497562408447266,0.8334491848945618,0.5230700969696045,0.9555095434188843,0.12459523975849152,0.7161052227020264,0.44623714685440063,0.9588732123374939,0.1931632161140442,0.7304465770721436,0.5436681509017944,1.0098880529403687,-0.013711774721741676,0.7347878813743591,0.420332670211792,1.0033913850784302,0.06381047517061234,0.7356564402580261,squat
0.47787967324256897,0.13296951353549957,-0.3336919844150543,0.998996913433075,0.484468549489975,0.11502955853939056,-0.3155989944934845,0.9983968138694763,0.4888845980167389,0.11625279486179352,-0.31596463918685913,0.9982479214668274,0.49279946088790894,0.11762405186891556,-0.3159691095352173,0.9986599683761597,0.4712506830692291,0.11549842357635498,-0.31864994764328003,0.9987713098526001,0.466866672039032,0.1167706698179245,-0.31899088621139526,0.9989141821861267,0.4631059765815735,0.1189572662115097,-0.3192059099674225,0.9990463256835938,0.4966195225715637,0.127826988697052,-0.20393507182598114,0.9991790652275085,0.45657068490982056,0.12981145083904266,-0.21565857529640198,0.9982842206954956,0.4853881299495697,0.15458299219608307,-0.28919368982315063,0.999100387096405,0.47064200043678284,0.15585730969905853,-0.2945769727230072,0.9990339279174805,0.536080002784729,0.2559646666049957,-0.13696590065956116,0.9998136758804321,0.4200020730495453,0.26619046926498413,-0.13918927311897278,0.9995898008346558,0.56421959400177,0.3950401842594147,-0.14674188196659088,0.9732586145401001,0.3970273733139038,0.41082626581192017,-0.2010282725095749,0.9603648781776428,0.5768201947212219,0.5110111832618713,-0.284412682056427,0.9622759222984314,0.38543665409088135,0.5245968103408813,-0.31775009632110596,0.9743323922157288,0.5841608643531799,0.5497052669525146,-0.3233826756477356,0.9510043859481812,0.3729078769683838,0.5615891218185425,-0.36048343777656555,0.9582404494285583,0.5739335417747498,0.5475322008132935,-0.35931605100631714,0.9452148079872131,0.3857395648956299,0.5581756830215454,-0.39210864901542664,0.9536608457565308,0.5672600269317627,0.5349510908126831,-0.3002006411552429,0.9196563363075256,0.39520832896232605,0.5447692275047302,-0.3347066342830658,0.9337835311889648,0.5171746611595154,0.5488249659538269,0.0003979752364102751,0.9998652338981628,0.4466240406036377,0.5570273995399475,-0.0005781137733720243,0.9998514652252197,0.520911455154419,0.7433909177780151,-0.007930072024464607,0.9729110598564148,0.4370860457420349,0.7598001956939697,0.0403636172413826,0.9727462530136108,0.5312521457672119,0.935326874256134,0.13692203164100647,0.8325493335723877,0.4351610541343689,0.9416569471359253,0.18489518761634827,0.8487033247947693,0.5247523784637451,0.9594700932502747,0.14229486882686615,0.7300729751586914,0.44577521085739136,0.9649832248687744,0.19240331649780273,0.742524266242981,0.5450018048286438,1.0082824230194092,0.005692178849130869,0.7591957449913025,0.4179084300994873,1.0087653398513794,0.07006426155567169,0.7592027187347412,squat
0.4772474765777588,0.14430829882621765,-0.3063572943210602,0.99908447265625,0.48432016372680664,0.1270054131746292,-0.2848874628543854,0.9985155463218689,0.48870307207107544,0.12781380116939545,-0.28531184792518616,0.9983837008476257,0.4921235144138336,0.12860892713069916,-0.28533458709716797,0.9987607002258301,0.4705514907836914,0.12639965116977692,-0.2965245544910431,0.9988628625869751,0.4662277102470398,0.12685708701610565,-0.2969162166118622,0.99899822473526,0.4622504711151123,0.1277894526720047,-0.2970878481864929,0.9991160035133362,0.4945949912071228,0.13863158226013184,-0.1657942235469818,0.9992421269416809,0.45593777298927307,0.136942520737648,-0.20066268742084503,0.998395562171936,0.48404979705810547,0.16650281846523285,-0.2583121359348297,0.999180257320404,0.47022247314453125,0.1649155467748642,-0.2747716009616852,0.9991186857223511,0.534121036529541,0.2618158757686615,-0.10069587081670761,0.9998297691345215,0.41845303773880005,0.2680361568927765,-0.12971368432044983,0.9996179342269897,0.5641669034957886,0.38597819209098816,-0.11516569554805756,0.9756352305412292,0.39017507433891296,0.4017503559589386,-0.1763833463191986,0.9633482098579407,0.5677396059036255,0.48370489478111267,-0.2852509021759033,0.9658178687095642,0.39511194825172424,0.49221271276474,-0.3239983320236206,0.9762185215950012,0.5695838332176208,0.5215080976486206,-0.32955560088157654,0.9555425643920898,0.3891085684299469,0.5350143909454346,-0.38369226455688477,0.9614933133125305,0.5622502565383911,0.5146794319152832,-0.35786959528923035,0.9503710269927979,0.39379000663757324,0.5160232782363892,-0.41236838698387146,0.9574413895606995,0.5573192834854126,0.5022832751274109,-0.2991221845149994,0.9272173643112183,0.4035344123840332,0.5003148317337036,-0.3464890718460083,0.9391653537750244,0.5156096816062927,0.553172767162323,0.0005968265468254685,0.9998714923858643,0.446135938167572,0.5568727850914001,-0.0007720532594248652,0.9998546838760376,0.5221254229545593,0.7370684146881104,-0.07020150125026703,0.9749741554260254,0.43654918670654297,0.7501274347305298,-0.041723933070898056,0.9739856123924255,0.531021773815155,0.9363421201705933,0.05888117104768753,0.8478351831436157,0.4359399676322937,0.9431040287017822,0.11826244741678238,0.8621761202812195,0.5247084498405457,0.9605185389518738,0.06252045184373856,0.7418504357337952,0.4460889399051666,0.9652402400970459,0.11170735210180283,0.7522355914115906,0.5471472144126892,1.0077894926071167,-0.06426797807216644,0.7803835868835449,0.42002588510513306,1.0085963010787964,-0.016306623816490173,0.7793632745742798,squat
0.4758886396884918,0.17430856823921204,-0.24499443173408508,0.9988956451416016,0.4820597171783447,0.15917788445949554,-0.22184987366199493,0.9980965852737427,0.4874817430973053,0.16013860702514648,-0.2221921980381012,0.9980051517486572,0.4911387860774994,0.1608680933713913,-0.22220976650714874,0.9985073804855347,0.46931686997413635,0.15715494751930237,-0.22450025379657745,0.9984704256057739,0.4653485417366028,0.1570003181695938,-0.2248251885175705,0.9986621141433716,0.4616113603115082,0.15811888873577118,-0.2250385731458664,0.9987798929214478,0.4945076107978821,0.1700453907251358,-0.10486485064029694,0.9991145730018616,0.45579466223716736,0.16717670857906342,-0.11395059525966644,0.9975231885910034,0.48321637511253357,0.19512486457824707,-0.19965538382530212,0.9991354942321777,0.4696359634399414,0.1952563375234604,-0.2050907164812088,0.9990250468254089,0.534004271030426,0.28890153765678406,-0.0543273501098156,0.9998324513435364,0.41848206520080566,0.2953987419605255,-0.05917806178331375,0.9995524287223816,0.5642554759979248,0.4183382987976074,-0.11571173369884491,0.9769808650016785,0.39049097895622253,0.43206945061683655,-0.17497339844703674,0.9633097052574158,0.5280601382255554,0.44300147891044617,-0.3427800238132477,0.9683281779289246,0.4228973388671875,0.451445996761322,-0.3904673457145691,0.9743322730064392,0.5168418884277344,0.45325347781181335,-0.3926456570625305,0.9588693976402283,0.4349534511566162,0.4534623324871063,-0.4491061270236969,0.9598341584205627,0.5107779502868652,0.4338540732860565,-0.4003838002681732,0.954224169254303,0.43428200483322144,0.43075573444366455,-0.4507734179496765,0.9560896158218384,0.5116417407989502,0.4312872588634491,-0.3491503894329071,0.9325856566429138,0.4326290488243103,0.4296414256095886,-0.39821919798851013,0.9367808103561401,0.5156270861625671,0.5685478448867798,0.0022650014143437147,0.9998658895492554,0.4453886151313782,0.5679663419723511,-0.0024036825634539127,0.9998351335525513,0.5289302468299866,0.7442570924758911,-0.1821468472480774,0.9764317870140076,0.4321115016937256,0.7567929625511169,-0.20959851145744324,0.9744314551353455,0.5305216312408447,0.9435535669326782,0.012319632805883884,0.8599398732185364,0.4336572587490082,0.9357686638832092,0.015171289443969727,0.869527280330658,0.5240589380264282,0.963066041469574,0.025200415402650833,0.7525500059127808,0.4422260820865631,0.9590079188346863,0.03230084106326103,0.7539064288139343,0.5465396046638489,1.008038878440857,-0.09513789415359497,0.7943243980407715,0.4119716286659241,0.98865807056427,-0.07591428607702255,0.7858336567878723,squat
0.4758473336696625,0.3042747378349304,-0.24867382645606995,0.9988866448402405,0.48156213760375977,0.28552329540252686,-0.2279326468706131,0.9981361031532288,0.48717617988586426,0.28517985343933105,-0.228240966796875,0.9980437755584717,0.490852415561676,0.28467831015586853,-0.2282453328371048,0.998528778553009,0.46931570768356323,0.2845664918422699,-0.22803613543510437,0.9985056519508362,0.4654560983181,0.2840040624141693,-0.22833895683288574,0.9986889958381653,0.46169155836105347,0.28341230750083923,-0.22855189442634583,0.9987977743148804,0.4945106506347656,0.29130446910858154,-0.11407490819692612,0.9991229772567749,0.4559056758880615,0.28844204545021057,-0.1132294163107872,0.9975581169128418,0.48317331075668335,0.3248291611671448,-0.20420607924461365,0.999096155166626,0.46963152289390564,0.32543230056762695,-0.20604471862316132,0.9989721775054932,0.5341509580612183,0.393591046333313,-0.06395209580659866,0.9998098611831665,0.42151403427124023,0.39449694752693176,-0.05911843106150627,0.9994835257530212,0.565331757068634,0.5294451713562012,-0.21539291739463806,0.9771015048027039,0.38808125257492065,0.5158129930496216,-0.22116181254386902,0.9635050296783447,0.518034815788269,0.4606854319572449,-0.41761699318885803,0.9690972566604614,0.4322752356529236,0.45720434188842773,-0.44201573729515076,0.9748481512069702,0.5051303505897522,0.44779151678085327,-0.45817503333091736,0.9603418707847595,0.44424548745155334,0.43860191106796265,-0.49125295877456665,0.9606067538261414,0.49619120359420776,0.42753279209136963,-0.4476385712623596,0.9559239149093628,0.44957178831100464,0.42045533657073975,-0.4734151363372803,0.9567604064941406,0.4961950182914734,0.43541157245635986,-0.41558748483657837,0.9345683455467224,0.4490467607975006,0.4305158257484436,-0.4408797323703766,0.9376949667930603,0.5207570791244507,0.658998966217041,-0.0028682108968496323,0.999854326248169,0.4455398619174957,0.6533770561218262,0.0027131454553455114,0.9998251795768738,0.5698198676109314,0.817553699016571,-0.2278616726398468,0.9770990014076233,0.3949306011199951,0.8055363893508911,-0.24389131367206573,0.9755844473838806,0.5311158895492554,0.9441084265708923,0.01818496361374855,0.8665404915809631,0.4336422383785248,0.9374435544013977,0.004014725796878338,0.8764455318450928,0.5221624970436096,0.9534129500389099,0.03965560719370842,0.7577448487281799,0.4442390501499176,0.9574427008628845,0.028137605637311935,0.7639661431312561,0.5462697744369507,1.04019033908844,-0.08237724751234055,0.7971214056015015,0.4078921377658844,0.9951043725013733,-0.047167107462882996,0.7891330718994141,squat
0.475933700799942,0.4246024191379547,-0.17930510640144348,0.9986351728439331,0.4815768599510193,0.4033395051956177,-0.15545889735221863,0.997920572757721,0.4871731698513031,0.40258556604385376,-0.1556699424982071,0.9977327585220337,0.4908605217933655,0.40240389108657837,-0.15564878284931183,0.9983094930648804,0.4695984721183777,0.4052668809890747,-0.15648183226585388,0.9983832836151123,0.46588191390037537,0.4056485593318939,-0.15671458840370178,0.9985488653182983,0.46200618147850037,0.4061329662799835,-0.15689364075660706,0.9987123608589172,0.4950768053531647,0.4075247347354889,-0.04021947830915451,0.9988753199577332,0.45643386244773865,0.4122621715068817,-0.045173004269599915,0.9972778558731079,0.4832691252231598,0.4404619336128235,-0.1350795477628708,0.998572826385498,0.4699220657348633,0.44294044375419617,-0.13832783699035645,0.998454749584198,0.5341807007789612,0.5068503618240356,-0.014112603850662708,0.99969083070755,0.4219670295715332,0.5057088136672974,-0.016443762928247452,0.9993054270744324,0.5584604144096375,0.6359103918075562,-0.1858731061220169,0.968259334564209,0.3925591707229614,0.6422280073165894,-0.21160487830638885,0.9612972140312195,0.5084952712059021,0.5365858674049377,-0.3507600426673889,0.9534434080123901,0.444572389125824,0.5239465236663818,-0.3865686058998108,0.9707299470901489,0.49308934807777405,0.5073606967926025,-0.3738912045955658,0.9401000738143921,0.46125030517578125,0.4959282875061035,-0.42187294363975525,0.9501564502716064,0.4907064437866211,0.49101877212524414,-0.34977975487709045,0.9328083395957947,0.4621039032936096,0.4810838997364044,-0.39036524295806885,0.9439519047737122,0.49293988943099976,0.5054787397384644,-0.3365370035171509,0.9026384353637695,0.4580222964286804,0.49713829159736633,-0.37437182664871216,0.9189509153366089,0.5213343501091003,0.7538723349571228,-0.0005943888099864125,0.9998289346694946,0.4469107985496521,0.76203453540802,0.0004623369895853102,0.9998058080673218,0.5849815011024475,0.8420538306236267,-0.27077120542526245,0.9757326245307922,0.37608951330184937,0.8376079797744751,-0.296207070350647,0.9741779565811157,0.533045768737793,0.9425522089004517,0.008125116117298603,0.8465191721916199,0.43261370062828064,0.9321851134300232,-0.004559104330837727,0.8564713597297668,0.522150456905365,0.9423152208328247,0.03589116781949997,0.7414068579673767,0.44440826773643494,0.9448179602622986,0.0264736320823431,0.7491837739944458,0.5426043272018433,1.0217257738113403,-0.06438305228948593,0.7631282806396484,0.40426477789878845,0.9949682354927063,-0.03626341372728348,0.7533466219902039,squat
0.47624626755714417,0.4702802002429962,-0.1747307926416397,0.9987245798110962,0.4825056195259094,0.45268553495407104,-0.15490855276584625,0.9980769753456116,0.48771780729293823,0.4528813660144806,-0.15511173009872437,0.9978953003883362,0.49150100350379944,0.4527275860309601,-0.1551104485988617,0.9984289407730103,0.4699177145957947,0.4523059129714966,-0.15251237154006958,0.9985107183456421,0.46621593832969666,0.45226097106933594,-0.15275806188583374,0.9986610412597656,0.46220532059669495,0.45223429799079895,-0.15293805301189423,0.998815655708313,0.4961715340614319,0.4575313925743103,-0.050826746970415115,0.9989535808563232,0.4564881920814514,0.45654839277267456,-0.04069732874631882,0.9974963665008545,0.48358482122421265,0.49090105295181274,-0.1344231516122818,0.9986564517021179,0.46988731622695923,0.49111998081207275,-0.133148655295372,0.9985518455505371,0.5349642038345337,0.5500478148460388,-0.02369634434580803,0.9996962547302246,0.422489732503891,0.5479872226715088,-9.217143815476447e-05,0.9993478655815125,0.5586934089660645,0.6996651291847229,-0.15829120576381683,0.9677646160125732,0.39850592613220215,0.69919753074646,-0.1471504122018814,0.9630616307258606,0.5115544199943542,0.6042665243148804,-0.30422237515449524,0.9536697268486023,0.4436491131782532,0.5991674065589905,-0.3301540017127991,0.9729212522506714,0.4997655749320984,0.5808742642402649,-0.3302331566810608,0.9398365616798401,0.45151466131210327,0.5735939145088196,-0.36655229330062866,0.9534860849380493,0.4957089424133301,0.5590711236000061,-0.3136145770549774,0.9321478009223938,0.4559898376464844,0.5540781021118164,-0.34434860944747925,0.9475440979003906,0.49500328302383423,0.5711765885353088,-0.2969418168067932,0.9004291892051697,0.4559400975704193,0.5659315586090088,-0.32496991753578186,0.9237593412399292,0.5188359022140503,0.7895120978355408,-0.004079942591488361,0.9998223185539246,0.44652098417282104,0.7897459864616394,0.003957175649702549,0.9998068809509277,0.5878922343254089,0.8591769933700562,-0.26911526918411255,0.9758907556533813,0.36847078800201416,0.8450942039489746,-0.2630762755870819,0.9743932485580444,0.5330033302307129,0.9447421431541443,0.0036763479001820087,0.8220176100730896,0.43284177780151367,0.9339912533760071,-0.003153376979753375,0.8383266925811768,0.5215393900871277,0.9415236711502075,0.032888855785131454,0.7262892127037048,0.4467689096927643,0.9445548057556152,0.0261869877576828,0.740414023399353,0.5409164428710938,1.0170096158981323,-0.015552995726466179,0.7281777262687683,0.4197835326194763,1.008805274963379,-0.019731763750314713,0.7225222587585449,squat
0.4765063226222992,0.4090789258480072,-0.22919535636901855,0.9987179040908813,0.4828721582889557,0.39140573143959045,-0.2110755890607834,0.9981361031532288,0.48783665895462036,0.3916245400905609,-0.2112961709499359,0.9979290962219238,0.4919885993003845,0.3920273780822754,-0.21131828427314758,0.9984608888626099,0.470235675573349,0.39140793681144714,-0.21220663189888,0.9985683560371399,0.46648597717285156,0.3917301595211029,-0.21245041489601135,0.9987002015113831,0.4629722535610199,0.3918231129646301,-0.2126515805721283,0.9988575577735901,0.4967860281467438,0.3977215588092804,-0.10424327850341797,0.998985230922699,0.4571295380592346,0.39784523844718933,-0.11000378429889679,0.9975875616073608,0.48392587900161743,0.4292287230491638,-0.18768367171287537,0.9986580610275269,0.4700511395931244,0.4288404583930969,-0.1908968687057495,0.9985376000404358,0.5348981618881226,0.5006800293922424,-0.07105594873428345,0.9996820688247681,0.42263537645339966,0.5061988830566406,-0.059919245541095734,0.9992562532424927,0.5581525564193726,0.6371836066246033,-0.2036842405796051,0.9589633941650391,0.4172416627407074,0.6680570840835571,-0.21627624332904816,0.9392049312591553,0.5085110068321228,0.5629897117614746,-0.38636964559555054,0.929572343826294,0.4478472173213959,0.5593517422676086,-0.41372933983802795,0.9543543457984924,0.49176520109176636,0.5557510256767273,-0.4209251403808594,0.9126281142234802,0.46193718910217285,0.5531451106071472,-0.4552310109138489,0.9318451881408691,0.4891405701637268,0.5391200184822083,-0.4082097113132477,0.9021635055541992,0.465168297290802,0.5383024215698242,-0.4382476210594177,0.922423779964447,0.49164581298828125,0.5429443120956421,-0.38385868072509766,0.8617350459098816,0.4616604745388031,0.5387017726898193,-0.412128210067749,0.8901971578598022,0.5190926790237427,0.73870450258255,-0.0037850968074053526,0.9998301863670349,0.4474644064903259,0.7412779927253723,0.003662311704829335,0.9998145699501038,0.5868772268295288,0.8474516272544861,-0.23558466136455536,0.9739686846733093,0.37370073795318604,0.8364644646644592,-0.23724918067455292,0.9722281694412231,0.5398414134979248,0.9450350999832153,0.04598531126976013,0.806053102016449,0.4287664294242859,0.9322524070739746,0.008182956837117672,0.8259890675544739,0.5243566036224365,0.9397626519203186,0.07372911274433136,0.7102086544036865,0.44623321294784546,0.9415541887283325,0.0345616415143013,0.7301384806632996,0.5413020849227905,1.0297815799713135,0.029837289825081825,0.7005646228790283,0.4096144735813141,1.0188817977905273,-0.012068157084286213,0.6975634694099426,squat
0.4763557016849518,0.30908867716789246,-0.13230033218860626,0.998827338218689,0.4827536940574646,0.29092660546302795,-0.1093849167227745,0.9982864856719971,0.4874904751777649,0.2914636433124542,-0.10958552360534668,0.9980913400650024,0.4918641448020935,0.2923319935798645,-0.1095699667930603,0.9985809922218323,0.46993130445480347,0.2891805171966553,-0.10886403173208237,0.9986903667449951,0.46617135405540466,0.28948232531547546,-0.10910849273204803,0.9988118410110474,0.46279841661453247,0.2898406386375427,-0.10927214473485947,0.998956024646759,0.4966885447502136,0.30199694633483887,0.00686510419473052,0.9990708827972412,0.45696425437927246,0.30214744806289673,0.008621553890407085,0.9978028535842896,0.4838208556175232,0.32785695791244507,-0.08790759742259979,0.998783528804779,0.46961885690689087,0.32681646943092346,-0.08909302204847336,0.998674750328064,0.534483790397644,0.4137938320636749,0.03856540098786354,0.9997082352638245,0.4228909909725189,0.42771169543266296,0.06231581047177315,0.9993197917938232,0.5583575963973999,0.539618968963623,-0.05751628801226616,0.9605159759521484,0.4096139967441559,0.5696064233779907,-0.07095552980899811,0.9389495253562927,0.5122148990631104,0.49059465527534485,-0.25882577896118164,0.9351904392242432,0.44477829337120056,0.4913574159145355,-0.3086225688457489,0.957726240158081,0.5008701086044312,0.4805920422077179,-0.30254217982292175,0.9198576211929321,0.4593716263771057,0.48362380266189575,-0.3601486086845398,0.9373401403427124,0.49418359994888306,0.460617333650589,-0.29811418056488037,0.9103364944458008,0.45901328325271606,0.4611108601093292,-0.3500197231769562,0.9286037087440491,0.49368157982826233,0.4665040373802185,-0.2601414918899536,0.872474193572998,0.45592737197875977,0.46435433626174927,-0.31067878007888794,0.8985525369644165,0.5210596323013306,0.6605668663978577,-0.006594326347112656,0.9998441934585571,0.4493478238582611,0.6691862940788269,0.006484401412308216,0.9998301267623901,0.5810641050338745,0.8373993039131165,-0.1995437741279602,0.9744954705238342,0.3813001215457916,0.8357399702072144,-0.23287613689899445,0.9728584885597229,0.5424588918685913,0.9445485472679138,0.12619084119796753,0.8062946796417236,0.43071240186691284,0.9322995543479919,0.061132997274398804,0.8303309679031372,0.5265712738037109,0.9405447840690613,0.15631966292858124,0.7090938687324524,0.4488144814968109,0.9433609843254089,0.08892946690320969,0.7360318899154663,0.5430740118026733,1.0394667387008667,0.08961760252714157,0.6946646571159363,0.40976452827453613,1.0177758932113647,0.020527465268969536,0.697395920753479,squat
0.47547540068626404,0.18954071402549744,-0.23947659134864807,0.9987777471542358,0.48241129517555237,0.19038325548171997,-0.2221767157316208,0.9978505969047546,0.48729759454727173,0.19107134640216827,-0.2224300354719162,0.9976492524147034,0.4918145537376404,0.19099511206150055,-0.2224564254283905,0.9982532262802124,0.4697593152523041,0.19053354859352112,-0.22149498760700226,0.9983682632446289,0.46596845984458923,0.19131745398044586,-0.2218056619167328,0.9985611438751221,0.4624110758304596,0.19156305491924286,-0.2220120131969452,0.9987114667892456,0.49669575691223145,0.19116894900798798,-0.11256557703018188,0.9990167617797852,0.45659899711608887,0.19376343488693237,-0.10813703387975693,0.9975931644439697,0.4834645390510559,0.19979940354824066,-0.1961589753627777,0.9988712072372437,0.46941614151000977,0.19964197278022766,-0.19662722945213318,0.9987653493881226,0.5352121591567993,0.29501163959503174,-0.054407961666584015,0.9997338652610779,0.42191585898399353,0.2947952151298523,-0.028796246275305748,0.9993739724159241,0.5584122538566589,0.42525428533554077,-0.10777763277292252,0.9638192653656006,0.40769362449645996,0.42418643832206726,-0.1232507973909378,0.9425321221351624,0.5246707201004028,0.4880140423774719,-0.29487401247024536,0.9413831233978271,0.4204312264919281,0.4909748435020447,-0.3343808650970459,0.9611024260520935,0.5232260227203369,0.4892880618572235,-0.324746310710907,0.9275094866752625,0.41929420828819275,0.5111978054046631,-0.3848458528518677,0.9427314400672913,0.5151050686836243,0.4648113548755646,-0.3562156558036804,0.918973982334137,0.42765703797340393,0.4977525472640991,-0.38634005188941956,0.9349325299263,0.5120369791984558,0.4795019030570984,-0.2897883653640747,0.8846385478973389,0.4320985674858093,0.4757199287414551,-0.3404049277305603,0.9074419736862183,0.5199869871139526,0.5690946578979492,-0.006251660641282797,0.9998538494110107,0.45129451155662537,0.5736621022224426,0.006134064868092537,0.999839723110199,0.5495039820671082,0.7614482641220093,-0.13912639021873474,0.9757041931152344,0.42540329694747925,0.770869791507721,-0.17695513367652893,0.9742236137390137,0.5387519598007202,0.9428970217704773,0.10463772714138031,0.8232409358024597,0.43219953775405884,0.934420108795166,-0.0030036650132387877,0.8450567722320557,0.5265194177627563,0.9455572962760925,0.0927707850933075,0.7215492725372314,0.448277086019516,0.9517607092857361,0.008210836909711361,0.7482060790061951,0.5445475578308105,1.0333627462387085,-0.03794659301638603,0.7201319932937622,0.41311749815940857,1.0276885032653809,-0.10562755912542343,0.7224807739257812,squat
0.4752933084964752,0.14043821394443512,-0.36485475301742554,0.9988930225372314,0.48240989446640015,0.12407927215099335,-0.3479200303554535,0.998042643070221,0.48710012435913086,0.12468007206916809,-0.3482794165611267,0.9978617429733276,0.49136418104171753,0.12551721930503845,-0.3482906222343445,0.9984112977981567,0.46926456689834595,0.12499392032623291,-0.35092583298683167,0.9985132813453674,0.4654323160648346,0.12605918943881989,-0.351239949464798,0.9986886978149414,0.46182864904403687,0.12759898602962494,-0.351433128118515,0.998824417591095,0.4961917996406555,0.13502658903598785,-0.23329702019691467,0.9991055727005005,0.45620590448379517,0.13643400371074677,-0.24435503780841827,0.9977968335151672,0.4832761883735657,0.16008418798446655,-0.3186073899269104,0.9989804625511169,0.46914559602737427,0.16251277923583984,-0.3237766623497009,0.9988837242126465,0.5354009866714478,0.2563590705394745,-0.15495537221431732,0.9997598528862,0.42120131850242615,0.2701215147972107,-0.15447111427783966,0.9994301199913025,0.5653468370437622,0.3971802592277527,-0.15627306699752808,0.9669925570487976,0.4051033556461334,0.4194190502166748,-0.15915663540363312,0.9465320706367493,0.5704665780067444,0.49520280957221985,-0.30966120958328247,0.9469571113586426,0.3854755461215973,0.5277467966079712,-0.30425742268562317,0.9629352688789368,0.5753727555274963,0.5303022861480713,-0.34843865036964417,0.9342629909515381,0.3800666034221649,0.5746594071388245,-0.3450595736503601,0.9450787305831909,0.5634220838546753,0.5230527520179749,-0.3957518935203552,0.9266492128372192,0.38857367634773254,0.5747078061103821,-0.37599149346351624,0.9384716749191284,0.5574458837509155,0.5147108435630798,-0.3292592167854309,0.8955199122428894,0.39483577013015747,0.5584407448768616,-0.3209465444087982,0.913144052028656,0.5196964740753174,0.5465461015701294,-0.005819222424179316,0.999866247177124,0.45027369260787964,0.5551011562347412,0.005637121386826038,0.9998521208763123,0.5250566005706787,0.7372180223464966,-0.021353065967559814,0.9769443869590759,0.4395405352115631,0.7621477842330933,0.009417934343218803,0.9739292860031128,0.5327125787734985,0.9417453408241272,0.1338641345500946,0.8397545218467712,0.43456190824508667,0.9368471503257751,0.1739300638437271,0.8587517738342285,0.5261644721031189,0.951642632484436,0.13845336437225342,0.7352294325828552,0.44808387756347656,0.9563904404640198,0.18338099122047424,0.7574865818023682,0.5430632829666138,1.022054672241211,-0.006215206813067198,0.7463507056236267,0.4161989688873291,1.0271892547607422,0.055581558495759964,0.747094988822937,squat
0.4753046929836273,0.138387069106102,-0.3865783214569092,0.9989912509918213,0.48246249556541443,0.12076979875564575,-0.3705108165740967,0.9982005953788757,0.48708564043045044,0.12148575484752655,-0.3708844780921936,0.9980391263961792,0.49119052290916443,0.12222406268119812,-0.3709030747413635,0.9985403418540955,0.4691062867641449,0.11992167681455612,-0.37116071581840515,0.9986320734024048,0.46514883637428284,0.12061015516519547,-0.37148845195770264,0.9987937211990356,0.46143969893455505,0.12116185575723648,-0.3717024624347687,0.9989160299301147,0.49564313888549805,0.1307501494884491,-0.25735825300216675,0.9991809129714966,0.45595020055770874,0.13128164410591125,-0.257106214761734,0.9979683756828308,0.48327356576919556,0.15924979746341705,-0.34070611000061035,0.999076247215271,0.4690816402435303,0.16005921363830566,-0.34265342354774475,0.998987078666687,0.5353972911834717,0.2554895877838135,-0.185496985912323,0.9997823238372803,0.4207061231136322,0.27061450481414795,-0.1582603007555008,0.9994755983352661,0.5657497644424438,0.3914245665073395,-0.21519061923027039,0.9700199365615845,0.398525208234787,0.4193577170372009,-0.16209746897220612,0.9509124159812927,0.5768285393714905,0.4973328113555908,-0.40020713210105896,0.9519648551940918,0.3779296576976776,0.539428174495697,-0.2983417809009552,0.965632438659668,0.5839545726776123,0.5400559902191162,-0.4505985379219055,0.9403430819511414,0.3693374991416931,0.5833289623260498,-0.3399425745010376,0.9488404393196106,0.5724303126335144,0.5361796617507935,-0.48520955443382263,0.933552622795105,0.381455659866333,0.5822508335113525,-0.373775452375412,0.9431207776069641,0.5657989382743835,0.5229219198226929,-0.41813820600509644,0.9053173661231995,0.38990291953086853,0.5676597952842712,-0.3162752687931061,0.9199991226196289,0.5188006162643433,0.55014967918396,-0.010027632117271423,0.9998732805252075,0.449319452047348,0.5564079880714417,0.009791870601475239,0.9998575448989868,0.5218898057937622,0.7438254356384277,-0.00618277071043849,0.9786494970321655,0.4405725598335266,0.7590934634208679,0.06724188476800919,0.974622368812561,0.531582772731781,0.9419971704483032,0.15902702510356903,0.8548130989074707,0.434622585773468,0.9387820959091187,0.22715100646018982,0.8714287877082825,0.5259381532669067,0.9573392271995544,0.1665409505367279,0.7493845820426941,0.4475046992301941,0.9594841003417969,0.23619702458381653,0.7691448926925659,0.5437045097351074,1.0175906419754028,0.03241851180791855,0.7698593735694885,0.4166643023490906,1.025244116783142,0.1155398041009903,0.7693467140197754,squat
0.4764842092990875,0.1365189105272293,-0.314799964427948,0.9990813732147217,0.4835236668586731,0.11996152997016907,-0.2961558699607849,0.9983464479446411,0.4875577390193939,0.1215490847826004,-0.29647237062454224,0.9982028603553772,0.4916190207004547,0.12292452901601791,-0.2964843809604645,0.9986603260040283,0.4698219299316406,0.11922912299633026,-0.29762327671051025,0.9987441301345825,0.4654816687107086,0.12055148929357529,-0.2979320287704468,0.9988939762115479,0.4618159830570221,0.12234561890363693,-0.2981336712837219,0.999004602432251,0.4955405592918396,0.13248251378536224,-0.1836007535457611,0.999248743057251,0.45587167143821716,0.13407635688781738,-0.19112879037857056,0.9981282353401184,0.48368459939956665,0.15846684575080872,-0.27010518312454224,0.9991623759269714,0.46952134370803833,0.15957404673099518,-0.27372801303863525,0.9990813136100769,0.5352289080619812,0.2597465217113495,-0.12877801060676575,0.9998020529747009,0.41920509934425354,0.2683441936969757,-0.11636729538440704,0.9995181560516357,0.5658178925514221,0.3878594636917114,-0.13962559401988983,0.9727249145507812,0.39471516013145447,0.4126375913619995,-0.14472219347953796,0.9553101062774658,0.560641348361969,0.48731791973114014,-0.3166797459125519,0.9565192461013794,0.3912123143672943,0.5374537110328674,-0.2866688668727875,0.9684316515922546,0.5614317655563354,0.5316652655601501,-0.3658163547515869,0.9459065794944763,0.38552600145339966,0.5709590315818787,-0.33090659976005554,0.9528701305389404,0.5521048307418823,0.5289391279220581,-0.40748167037963867,0.9398388266563416,0.3970324695110321,0.5652341246604919,-0.35725682973861694,0.9478242993354797,0.5479419827461243,0.5093878507614136,-0.3347797989845276,0.9142633676528931,0.40348005294799805,0.5512058734893799,-0.30139607191085815,0.9267175197601318,0.5173507928848267,0.551450788974762,-0.008196158334612846,0.9998806715011597,0.44887596368789673,0.5589621663093567,0.007948096841573715,0.9998640418052673,0.5225058794021606,0.7381092309951782,-0.061632245779037476,0.9803875684738159,0.4373784065246582,0.7576687932014465,0.01699814572930336,0.9757223725318909,0.531436026096344,0.9420050978660583,0.11470015347003937,0.868438184261322,0.4349186420440674,0.941882312297821,0.16302576661109924,0.8830400109291077,0.5257760882377625,0.9609894752502441,0.10246316343545914,0.762968122959137,0.4471282958984375,0.962243378162384,0.17160426080226898,0.7792690396308899,0.5469328165054321,1.0141468048095703,-0.039637088775634766,0.7909835577011108,0.41883525252342224,1.0223139524459839,0.05613614246249199,0.7893819212913513,squat
0.4772295355796814,0.17082136869430542,-0.2345709502696991,0.999087929725647,0.4839858114719391,0.1556476503610611,-0.20945937931537628,0.9982886910438538,0.4877443313598633,0.15715429186820984,-0.2097814381122589,0.9981505274772644,0.4916780889034271,0.15871813893318176,-0.2097969353199005,0.9986212849617004,0.47048425674438477,0.15437301993370056,-0.21315880119800568,0.9987056851387024,0.46620362997055054,0.15491342544555664,-0.21345403790473938,0.9988680481910706,0.46248263120651245,0.1556725800037384,-0.21363040804862976,0.9989721179008484,0.4954547882080078,0.16968414187431335,-0.089896060526371,0.9992259740829468,0.4558657109737396,0.16802720725536346,-0.10628167539834976,0.9980010390281677,0.48385292291641235,0.19193273782730103,-0.1892165243625641,0.9991940855979919,0.4697607159614563,0.19142919778823853,-0.1960066258907318,0.999114453792572,0.5348919034004211,0.2896530330181122,-0.05089142173528671,0.9998100996017456,0.41891345381736755,0.29827743768692017,-0.06095225736498833,0.9995304942131042,0.5656960606575012,0.41842150688171387,-0.13943536579608917,0.9738849401473999,0.3912067115306854,0.4250449240207672,-0.16293543577194214,0.9571517705917358,0.5318742990493774,0.4463103711605072,-0.36399659514427185,0.9595730900764465,0.41571861505508423,0.48530420660972595,-0.39155036211013794,0.9701402187347412,0.5252518057823181,0.4721411466598511,-0.4217284619808197,0.949998676776886,0.4239718019962311,0.505119264125824,-0.4529072642326355,0.9559448957443237,0.5148903131484985,0.454753041267395,-0.43586716055870056,0.9446071982383728,0.4305885434150696,0.4783742129802704,-0.4605432450771332,0.9514500498771667,0.5146782994270325,0.4453906714916229,-0.3744317293167114,0.9207903742790222,0.4289619028568268,0.4708741009235382,-0.40115228295326233,0.9314048886299133,0.517532467842102,0.5753362774848938,-0.0003271792666055262,0.9998772144317627,0.448864221572876,0.581433892250061,0.00013525865506380796,0.9998543858528137,0.5297708511352539,0.7512681484222412,-0.16587935388088226,0.9801848530769348,0.43047910928726196,0.759469747543335,-0.17274458706378937,0.9731231331825256,0.5312692523002625,0.9448148012161255,0.012307414785027504,0.8749946355819702,0.43269339203834534,0.9389923214912415,0.01233748160302639,0.8853937387466431,0.5256191492080688,0.9623715877532959,0.021830907091498375,0.7644343972206116,0.4422345757484436,0.9620860815048218,0.026187071576714516,0.7728371024131775,0.547258734703064,1.0140992403030396,-0.09200786799192429,0.7981866598129272,0.40275439620018005,0.9979994297027588,-0.07864759862422943,0.789592981338501,squat
0.47743281722068787,0.29659709334373474,-0.17454414069652557,0.9989789724349976,0.4839772582054138,0.27805623412132263,-0.15131108462810516,0.9981849789619446,0.4878188669681549,0.27926018834114075,-0.15156592428684235,0.9980183839797974,0.49165892601013184,0.2797025740146637,-0.15155020356178284,0.9985049366950989,0.4706586003303528,0.27748897671699524,-0.1513792723417282,0.9986682534217834,0.4665185511112213,0.27768218517303467,-0.15166199207305908,0.9988385438919067,0.4628622531890869,0.2781895101070404,-0.15187349915504456,0.9989543557167053,0.4953654408454895,0.288684606552124,-0.036165885627269745,0.9991229176521301,0.4561574459075928,0.2863777279853821,-0.03695245832204819,0.9979554414749146,0.483980655670166,0.3193496763706207,-0.13044828176498413,0.9990774989128113,0.46982231736183167,0.31775331497192383,-0.1325444132089615,0.9990193843841553,0.5348180532455444,0.39596426486968994,-0.006491790059953928,0.9997633695602417,0.4216717779636383,0.39717763662338257,0.00221635727211833,0.9994955062866211,0.5654737949371338,0.5338408350944519,-0.14129002392292023,0.9685246348381042,0.390217125415802,0.5201454758644104,-0.1634524166584015,0.9556375741958618,0.5161575078964233,0.4619608521461487,-0.355437308549881,0.9549320936203003,0.4372856020927429,0.46897968649864197,-0.3893280625343323,0.9707778096199036,0.5044878721237183,0.45110663771629333,-0.4181804656982422,0.9471234083175659,0.4485582411289215,0.4496656656265259,-0.4398544728755951,0.9568136930465698,0.4975377917289734,0.43157920241355896,-0.3886869549751282,0.9415582418441772,0.45292264223098755,0.43081533908843994,-0.4349084794521332,0.9521539807319641,0.49770817160606384,0.43998801708221436,-0.3649168908596039,0.915233314037323,0.4517596364021301,0.4404512941837311,-0.389456570148468,0.9320914149284363,0.5210153460502625,0.6551001667976379,-0.0010384219931438565,0.9998709559440613,0.44880810379981995,0.6558918356895447,0.0008550422498956323,0.9998531937599182,0.5712984204292297,0.8232714533805847,-0.21914935111999512,0.9784818887710571,0.3988616466522217,0.8139377236366272,-0.2547302842140198,0.9729071259498596,0.5315447449684143,0.9441362023353577,0.03338241949677467,0.8733288049697876,0.43528589606285095,0.9405093789100647,-0.0013428919482976198,0.8837823867797852,0.5230059623718262,0.9521653652191162,0.046804092824459076,0.7595781087875366,0.449134886264801,0.9582692384719849,0.023594114929437637,0.7704744338989258,0.547181248664856,1.0136526823043823,-0.02687404677271843,0.7888760566711426,0.4186517596244812,1.045527458190918,-0.05398598313331604,0.7781323790550232,squat
0.47780895233154297,0.4402064383029938,-0.1500733643770218,0.9989592432975769,0.4844743311405182,0.42278072237968445,-0.12660647928714752,0.9982506632804871,0.4887046217918396,0.423657089471817,-0.12682485580444336,0.9980704188346863,0.4927578866481781,0.4244733452796936,-0.12680360674858093,0.9985448718070984,0.47137004137039185,0.4213259816169739,-0.12660428881645203,0.9987250566482544,0.46741777658462524,0.42090946435928345,-0.1268353909254074,0.9988808035850525,0.46362680196762085,0.42090898752212524,-0.1270027458667755,0.9990020394325256,0.49719148874282837,0.4306989014148712,-0.014368553645908833,0.9991148710250854,0.45753687620162964,0.42601150274276733,-0.014941886067390442,0.998008668422699,0.4845663011074066,0.4604411721229553,-0.10725989192724228,0.9989810585975647,0.4704490303993225,0.4594452679157257,-0.10920442640781403,0.9989284873008728,0.5352746248245239,0.5258585810661316,0.0090175187215209,0.999721109867096,0.42306071519851685,0.5166791677474976,0.012144538573920727,0.9994486570358276,0.5645241141319275,0.6640101075172424,-0.12670961022377014,0.96199631690979,0.41006699204444885,0.6635189652442932,-0.1522047519683838,0.9546310305595398,0.5132454037666321,0.5633043646812439,-0.31101176142692566,0.9470924139022827,0.45348483324050903,0.5539310574531555,-0.355559378862381,0.9708482623100281,0.5018742680549622,0.5335080623626709,-0.3447937071323395,0.937465488910675,0.46329134702682495,0.5195863842964172,-0.3958069682121277,0.9554967284202576,0.49747705459594727,0.518474817276001,-0.3269674777984619,0.9302181005477905,0.4674410820007324,0.5059285759925842,-0.37154898047447205,0.9502394795417786,0.4971674382686615,0.5315583348274231,-0.3072686195373535,0.8981776833534241,0.46649879217147827,0.5209391117095947,-0.34880509972572327,0.928094744682312,0.5212326049804688,0.7592748999595642,0.00029764563078060746,0.9998595714569092,0.44879093766212463,0.7628270387649536,-0.0004492504522204399,0.9998456835746765,0.5855602622032166,0.8611913919448853,-0.24671468138694763,0.9777851700782776,0.37955254316329956,0.8514249324798584,-0.26813846826553345,0.9724554419517517,0.5291677117347717,0.9439243674278259,0.02940497174859047,0.8508976697921753,0.4338086247444153,0.9326580762863159,0.01512959599494934,0.8599681854248047,0.5169359445571899,0.9498907327651978,0.05437537282705307,0.743848979473114,0.44756969809532166,0.9357237815856934,0.04427960515022278,0.7526333928108215,0.5407989621162415,1.0096601247787476,-0.0009786308510228992,0.7545431852340698,0.4224918782711029,1.0383938550949097,-0.011267750523984432,0.7405213713645935,squat
0.4823063015937805,0.46763482689857483,-0.28418654203414917,0.9990202188491821,0.48705512285232544,0.45001187920570374,-0.2664012610912323,0.9983841776847839,0.49198898673057556,0.4496334493160248,-0.26661592721939087,0.9982098340988159,0.4957102835178375,0.44933006167411804,-0.26662710309028625,0.998649537563324,0.4749658703804016,0.44961440563201904,-0.2666293680667877,0.9988219141960144,0.47054362297058105,0.4495725929737091,-0.2668766379356384,0.9989609122276306,0.4665204584598541,0.44955864548683167,-0.26704853773117065,0.9990760684013367,0.5006868839263916,0.45318713784217834,-0.15824958682060242,0.9991782903671265,0.4598776698112488,0.45462024211883545,-0.15934409201145172,0.9981540441513062,0.48948296904563904,0.4863829016685486,-0.2414816915988922,0.9990367889404297,0.4757169783115387,0.48738881945610046,-0.24337685108184814,0.998986542224884,0.5373367667198181,0.5520444512367249,-0.11388959735631943,0.9997294545173645,0.4252753257751465,0.5490474700927734,-0.11056210100650787,0.9994729161262512,0.5658647418022156,0.6962851285934448,-0.26777514815330505,0.9630023241043091,0.4063590168952942,0.7018923163414001,-0.2668691873550415,0.9572698473930359,0.5160916447639465,0.6058536171913147,-0.47497209906578064,0.948603630065918,0.45261549949645996,0.5962036848068237,-0.4705479145050049,0.9728884696960449,0.5084734559059143,0.5718598365783691,-0.5148731470108032,0.9375482201576233,0.4593230187892914,0.5663023591041565,-0.5153659582138062,0.9579034447669983,0.5019310712814331,0.5555309653282166,-0.5003582239151001,0.9300543069839478,0.466508150100708,0.5523996949195862,-0.49392446875572205,0.9528088569641113,0.49988994002342224,0.5729118585586548,-0.4719272553920746,0.8962079882621765,0.4674205183982849,0.5655468702316284,-0.46653619408607483,0.9307498931884766,0.5206950902938843,0.7816355228424072,0.00021969134104438126,0.9998088479042053,0.44731202721595764,0.7794110774993896,-0.0003700097440741956,0.9997996687889099,0.5864768624305725,0.8660336136817932,-0.25705376267433167,0.9649451971054077,0.37541037797927856,0.8588258624076843,-0.24928851425647736,0.9602359533309937,0.5292428731918335,0.9461401104927063,0.004787129815667868,0.7817115783691406,0.42994681000709534,0.9257454872131348,0.029340961948037148,0.7896428108215332,0.5167943239212036,0.9474051594734192,0.03237978741526604,0.6897891163825989,0.4431162476539612,0.9267160296440125,0.04598291963338852,0.6979358196258545,0.5360342264175415,1.0094470977783203,-0.006558871828019619,0.6900420784950256,0.4215359091758728,1.011244535446167,0.035666245967149734,0.6756055951118469,squat
0.48201480507850647,0.3765420615673065,-0.15710961818695068,0.9990736842155457,0.4870220720767975,0.3588320314884186,-0.1354808211326599,0.9984728693962097,0.4920598864555359,0.3588811159133911,-0.13567166030406952,0.9982953667640686,0.49580854177474976,0.35894110798835754,-0.13565079867839813,0.9987077116966248,0.4748736023902893,0.358234703540802,-0.13545677065849304,0.9988999962806702,0.47050270438194275,0.3581009805202484,-0.13570287823677063,0.9990319013595581,0.46657949686050415,0.35797831416130066,-0.13587825000286102,0.9991403222084045,0.5020577311515808,0.36423805356025696,-0.021652355790138245,0.9992284774780273,0.4598952829837799,0.36402249336242676,-0.022504733875393867,0.9983028173446655,0.4897153973579407,0.3949783444404602,-0.11331669241189957,0.9991058707237244,0.47526153922080994,0.39500877261161804,-0.11513247340917587,0.9990637898445129,0.5388827323913574,0.4693058431148529,0.009790981188416481,0.9997420907020569,0.42648500204086304,0.47467270493507385,0.023449823260307312,0.999510645866394,0.5680041909217834,0.6045170426368713,-0.1160149946808815,0.9625359177589417,0.4078125059604645,0.610090434551239,-0.13669493794441223,0.9566351771354675,0.5186388492584229,0.5294288396835327,-0.3030150532722473,0.9501374363899231,0.452139675617218,0.5249243378639221,-0.36156198382377625,0.9748730063438416,0.510989785194397,0.4924987852573395,-0.33964887261390686,0.9398955702781677,0.4599337577819824,0.4948512613773346,-0.4071299433708191,0.9610912799835205,0.5018886923789978,0.4774497449398041,-0.3249204456806183,0.932523787021637,0.4687885344028473,0.48072755336761475,-0.38248223066329956,0.9562209844589233,0.500519335269928,0.49682193994522095,-0.29929226636886597,0.8983091711997986,0.4696897566318512,0.4955981373786926,-0.3563551604747772,0.9354680776596069,0.5238782167434692,0.7191420793533325,-0.0027224074583500624,0.9998239278793335,0.45081812143325806,0.7205230593681335,0.0025988458655774593,0.9998164772987366,0.5871552228927612,0.8621055483818054,-0.22815224528312683,0.9667599201202393,0.3830290138721466,0.8403922319412231,-0.2233121693134308,0.9625042080879211,0.5316728353500366,0.9449579119682312,0.11907541751861572,0.7838194370269775,0.43273401260375977,0.9266249537467957,0.05072568729519844,0.797039806842804,0.517245888710022,0.9438982009887695,0.15189602971076965,0.6934830546379089,0.45071473717689514,0.9312269687652588,0.08008305728435516,0.7085520029067993,0.5369508862495422,1.0325456857681274,0.10720895230770111,0.6833067536354065,0.4176391065120697,1.0077235698699951,0.03743157908320427,0.6760944128036499,squat
0.48178499937057495,0.25397196412086487,-0.25616466999053955,0.9991064071655273,0.48701125383377075,0.23832741379737854,-0.23660573363304138,0.9984982013702393,0.4920346736907959,0.23865821957588196,-0.2368491142988205,0.9983113408088684,0.49589210748672485,0.23905572295188904,-0.2368653118610382,0.9987188577651978,0.4747084677219391,0.23890386521816254,-0.23802867531776428,0.9989324808120728,0.4703478217124939,0.23915626108646393,-0.23832817375659943,0.9990656971931458,0.46642136573791504,0.23979271948337555,-0.23853711783885956,0.999172568321228,0.5021745562553406,0.24508360028266907,-0.10829460620880127,0.9992617964744568,0.4597660005092621,0.24559345841407776,-0.11503762006759644,0.9983963966369629,0.4897152781486511,0.27576571702957153,-0.20477518439292908,0.9991782307624817,0.4748890995979309,0.27656376361846924,-0.20842094719409943,0.9991398453712463,0.5390700697898865,0.3639320731163025,-0.03161510080099106,0.9997609853744507,0.4265831410884857,0.37113919854164124,0.010940445587038994,0.9995443224906921,0.5678967237472534,0.4953119158744812,-0.13082680106163025,0.9650633931159973,0.407285213470459,0.5144026279449463,-0.14374011754989624,0.9589909315109253,0.5170289874076843,0.4815077483654022,-0.3179151117801666,0.954162061214447,0.44620147347450256,0.48429688811302185,-0.38234663009643555,0.9769081473350525,0.5121462941169739,0.47015953063964844,-0.36218753457069397,0.944678544998169,0.4524518549442291,0.47462552785873413,-0.43991541862487793,0.9644221663475037,0.5040737390518188,0.44975903630256653,-0.37545835971832275,0.9380078315734863,0.46021169424057007,0.4495318531990051,-0.4377874732017517,0.9599981904029846,0.5023549795150757,0.4572720527648926,-0.3028796911239624,0.9060578346252441,0.4613249897956848,0.4533025622367859,-0.3868124186992645,0.9407541155815125,0.5245969891548157,0.6196959018707275,-0.006883824709802866,0.9998342990875244,0.4526175558567047,0.6257855892181396,0.006822931580245495,0.999828577041626,0.5745866298675537,0.8254633545875549,-0.20736464858055115,0.9687712788581848,0.38971561193466187,0.8018088340759277,-0.2286674976348877,0.9652746915817261,0.5316506624221802,0.9423099160194397,0.1127544641494751,0.7922775745391846,0.435354620218277,0.9280652403831482,0.0005480300169438124,0.811902642250061,0.5172877907752991,0.9439293742179871,0.13947764039039612,0.6928924918174744,0.45114660263061523,0.9438209533691406,0.021677102893590927,0.7231500148773193,0.5392431020736694,1.0291013717651367,0.06001698970794678,0.6871180534362793,0.41540807485580444,1.0080808401107788,-0.07126868516206741,0.6938090324401855,squat
0.48157477378845215,0.14995716512203217,-0.3179660737514496,0.9991805553436279,0.4869111478328705,0.13897448778152466,-0.2956938147544861,0.9985997676849365,0.49187740683555603,0.1396186649799347,-0.29600653052330017,0.998431384563446,0.4957478642463684,0.13998334109783173,-0.2960141599178314,0.9988058805465698,0.47466668486595154,0.13919751346111298,-0.29907214641571045,0.9990015029907227,0.4702453017234802,0.14035293459892273,-0.2993702292442322,0.9991288185119629,0.4663037657737732,0.14162039756774902,-0.2995775640010834,0.9992210268974304,0.5017467141151428,0.14474397897720337,-0.164513498544693,0.9993217587471008,0.4593464434146881,0.1479853242635727,-0.17875470221042633,0.9985106587409973,0.4893971085548401,0.17266260087490082,-0.2669093906879425,0.9992562532424927,0.4746360182762146,0.17645767331123352,-0.2728588283061981,0.9992202520370483,0.5395585894584656,0.2720472812652588,-0.09469994902610779,0.9997832775115967,0.42651963233947754,0.2776637673377991,-0.09247209876775742,0.9995794892311096,0.5675884485244751,0.41045325994491577,-0.15727053582668304,0.9683398008346558,0.40675845742225647,0.41526442766189575,-0.20016328990459442,0.9622117280960083,0.5416322946548462,0.47945284843444824,-0.3843972086906433,0.9586782455444336,0.42918461561203003,0.485107421875,-0.45432034134864807,0.9789506196975708,0.5410979986190796,0.4805324077606201,-0.44517311453819275,0.95011967420578,0.4261140823364258,0.49617376923561096,-0.5200228095054626,0.9676763415336609,0.5312181711196899,0.45510420203208923,-0.4701429307460785,0.9441251158714294,0.43684977293014526,0.48840048909187317,-0.5379172563552856,0.9637177586555481,0.5285247564315796,0.47011715173721313,-0.39744049310684204,0.9152955412864685,0.4423920512199402,0.4591197967529297,-0.4684825837612152,0.9461963772773743,0.5241954922676086,0.5479212999343872,-0.006188657134771347,0.9998446106910706,0.45516514778137207,0.558073103427887,0.006146291270852089,0.9998366236686707,0.5389112234115601,0.756527304649353,-0.06768923252820969,0.9711843132972717,0.4300075173377991,0.7616127729415894,-0.11987368017435074,0.9678752422332764,0.5313589572906494,0.9423994421958923,0.1215595006942749,0.8120740056037903,0.4365733563899994,0.9326573610305786,0.04231484979391098,0.8295717239379883,0.5179640054702759,0.9514334201812744,0.13338205218315125,0.714509129524231,0.45040398836135864,0.9553285241127014,0.04477816820144653,0.7430121302604675,0.5419347286224365,1.0255531072616577,0.03766490891575813,0.7163141965866089,0.41543588042259216,1.0082370042800903,-0.05460045859217644,0.7217737436294556,squat
0.4816041886806488,0.12945562601089478,-0.39099520444869995,0.9992572665214539,0.48700040578842163,0.11446014791727066,-0.3742341101169586,0.9987233877182007,0.49176502227783203,0.11559256166219711,-0.37461143732070923,0.9985719919204712,0.49567580223083496,0.11645711958408356,-0.37462350726127625,0.9989125728607178,0.47456175088882446,0.11293913424015045,-0.3779456913471222,0.9990891218185425,0.47018900513648987,0.11402572691440582,-0.3782634735107422,0.9992052912712097,0.46624556183815,0.11550962924957275,-0.37846869230270386,0.9992884397506714,0.5014857649803162,0.12624210119247437,-0.256928026676178,0.9993821382522583,0.4592460095882416,0.12683819234371185,-0.27132004499435425,0.9986365437507629,0.48918086290359497,0.14975549280643463,-0.3434503674507141,0.9993277192115784,0.47457677125930786,0.15234985947608948,-0.34960973262786865,0.9992945790290833,0.5394424796104431,0.2539191246032715,-0.17630180716514587,0.9998042583465576,0.42457765340805054,0.26268139481544495,-0.17854620516300201,0.9996169209480286,0.5686438083648682,0.3986094295978546,-0.19330526888370514,0.9710056185722351,0.40315619111061096,0.4105493426322937,-0.20602330565452576,0.9648192524909973,0.5647107362747192,0.4868071377277374,-0.37808579206466675,0.9625287652015686,0.39422154426574707,0.5162598490715027,-0.37133461236953735,0.980094850063324,0.5710656046867371,0.5153423547744751,-0.42863893508911133,0.9546708464622498,0.3836328387260437,0.5628233551979065,-0.4181322455406189,0.9693727493286133,0.5603028535842896,0.5046923756599426,-0.4584631323814392,0.9493343234062195,0.39697930216789246,0.5619450211524963,-0.4931724965572357,0.9660004377365112,0.5544388294219971,0.49729305505752563,-0.3936389982700348,0.9231685400009155,0.40540561079978943,0.5445931553840637,-0.3954974412918091,0.9497889280319214,0.522824764251709,0.5401073694229126,-0.00587769690901041,0.9998574256896973,0.4548664093017578,0.5485257506370544,0.005850392859429121,0.9998489618301392,0.5227628350257874,0.7422583699226379,0.00956552755087614,0.9728683233261108,0.4429779052734375,0.7542738914489746,0.02669437788426876,0.9683213233947754,0.5294779539108276,0.9386900067329407,0.1577625572681427,0.8299809098243713,0.43830427527427673,0.9326964616775513,0.18333183228969574,0.8450453877449036,0.5191354751586914,0.9524407386779785,0.16317060589790344,0.7322600483894348,0.4502071440219879,0.9563596248626709,0.19133260846138,0.7555373907089233,0.5402408838272095,1.0123013257980347,0.02965909242630005,0.743354320526123,0.41965484619140625,1.0051108598709106,0.06461761146783829,0.7469793558120728,squat
0.48148709535598755,0.13157939910888672,-0.33419710397720337,0.9993244409561157,0.48704227805137634,0.11497820913791656,-0.3157869577407837,0.9988278746604919,0.4917217791080475,0.11597251892089844,-0.31615692377090454,0.9986915588378906,0.4955909848213196,0.11743422597646713,-0.3161742389202118,0.9990027546882629,0.4745197296142578,0.11403380334377289,-0.31981223821640015,0.999163806438446,0.4697936177253723,0.1146085187792778,-0.32013562321662903,0.9992707967758179,0.46597546339035034,0.1155344545841217,-0.32033875584602356,0.9993463158607483,0.5011094808578491,0.1270652711391449,-0.20167498290538788,0.9994328022003174,0.45880013704299927,0.12439587712287903,-0.21784551441669464,0.9987428188323975,0.4887074828147888,0.1527860164642334,-0.2886187434196472,0.999390184879303,0.47452062368392944,0.15500962734222412,-0.295257031917572,0.9993595480918884,0.5392584800720215,0.2544940412044525,-0.1369338184595108,0.9998226165771484,0.4229174256324768,0.26501530408859253,-0.13796480000019073,0.9996487498283386,0.5685948729515076,0.39363160729408264,-0.1647283136844635,0.9734800457954407,0.39977937936782837,0.4113256335258484,-0.17479754984378815,0.9674473404884338,0.569157063961029,0.49008893966674805,-0.3272024095058441,0.9659913778305054,0.38842537999153137,0.5213798880577087,-0.3115391731262207,0.9814088940620422,0.5747538208961487,0.5276221632957458,-0.37267231941223145,0.9587292671203613,0.3781335949897766,0.5675709247589111,-0.3554404079914093,0.9712966084480286,0.5639280080795288,0.5182198286056519,-0.4130539894104004,0.9539893865585327,0.39169982075691223,0.5647497773170471,-0.3916463851928711,0.9683939814567566,0.558704137802124,0.5056692957878113,-0.34561964869499207,0.9302372932434082,0.4006408154964447,0.5499511957168579,-0.32919707894325256,0.953468382358551,0.5220215320587158,0.5499798059463501,-0.005606935825198889,0.9998674988746643,0.4545450210571289,0.557637631893158,0.005537838209420443,0.9998581409454346,0.5212560296058655,0.7461499571800232,0.01643197610974312,0.9744157791137695,0.44137877225875854,0.7533560991287231,0.05487426370382309,0.9685153365135193,0.5295308232307434,0.9388487935066223,0.16962836682796478,0.84537273645401,0.43804240226745605,0.9342707395553589,0.2086220532655716,0.8584041595458984,0.5204338431358337,0.9558615684509277,0.17612622678279877,0.7413496375083923,0.4499025344848633,0.9586362242698669,0.21719591319561005,0.7616567611694336,0.542170524597168,1.0087082386016846,0.04889345541596413,0.7663729190826416,0.41962724924087524,1.0052155256271362,0.10007596015930176,0.7682666182518005,squat
0.48075684905052185,0.1324893981218338,-0.2565299868583679,0.999374270439148,0.4869675040245056,0.11698757857084274,-0.23545661568641663,0.9988927841186523,0.4914536476135254,0.1181022971868515,-0.23580951988697052,0.9987688064575195,0.49518918991088867,0.11884574592113495,-0.23581452667713165,0.999060332775116,0.47370272874832153,0.11527964472770691,-0.24002406001091003,0.9992080330848694,0.4690527319908142,0.11613725125789642,-0.2403601109981537,0.9993107318878174,0.4652818739414215,0.11658159643411636,-0.24054431915283203,0.9993806481361389,0.4994876980781555,0.1292840540409088,-0.11928607523441315,0.9994627833366394,0.45805567502975464,0.1257050782442093,-0.13872972130775452,0.9987932443618774,0.48778200149536133,0.15525828301906586,-0.21090981364250183,0.9994374513626099,0.47335267066955566,0.15445691347122192,-0.2186007797718048,0.9994080662727356,0.537799596786499,0.25561556220054626,-0.06277209520339966,0.9998372793197632,0.42150211334228516,0.2636166214942932,-0.07594715803861618,0.9996729493141174,0.5682585835456848,0.38657405972480774,-0.10462719202041626,0.9752823114395142,0.3946118950843811,0.3970712125301361,-0.12958838045597076,0.9691155552864075,0.5600553154945374,0.4655020534992218,-0.3074726462364197,0.9688630700111389,0.3973187208175659,0.4901830554008484,-0.313105046749115,0.9822425246238708,0.5608205795288086,0.5023826956748962,-0.35922491550445557,0.9622046947479248,0.38679611682891846,0.5365172028541565,-0.3656218647956848,0.9728701114654541,0.5516610145568848,0.4918532073497772,-0.3858065903186798,0.958007276058197,0.394974023103714,0.518437385559082,-0.38496074080467224,0.9703609943389893,0.5485329031944275,0.479043573141098,-0.32173413038253784,0.9363149404525757,0.40492886304855347,0.5005064010620117,-0.32597246766090393,0.9563713669776917,0.518179178237915,0.5523478388786316,-0.0030211047269403934,0.999875009059906,0.45217591524124146,0.5574375987052917,0.0028976553585380316,0.9998647570610046,0.5224511623382568,0.7436792254447937,0.012237497605383396,0.9750180840492249,0.43943995237350464,0.755824089050293,0.02251577004790306,0.9686115384101868,0.5295656323432922,0.9388430118560791,0.16568098962306976,0.858696699142456,0.43793249130249023,0.9389317631721497,0.16635988652706146,0.8704223036766052,0.5212337374687195,0.9568831324577332,0.17298996448516846,0.7467262148857117,0.44965076446533203,0.9615405797958374,0.17512597143650055,0.7661353945732117,0.5426970720291138,1.0081400871276855,0.04860614240169525,0.7860861420631409,0.4214916229248047,1.0059268474578857,0.05886632949113846,0.7869163155555725,squat
0.47741419076919556,0.16016161441802979,-0.2532413899898529,0.9990355372428894,0.483597993850708,0.14330048859119415,-0.23272666335105896,0.9980843663215637,0.488851934671402,0.14478597044944763,-0.2330506592988968,0.9979917407035828,0.49256858229637146,0.14597707986831665,-0.2330678254365921,0.9985262155532837,0.47096601128578186,0.14218251407146454,-0.23522205650806427,0.9985003471374512,0.46686044335365295,0.14250537753105164,-0.23554787039756775,0.9987151026725769,0.4628608226776123,0.14308281242847443,-0.23575706779956818,0.9988290071487427,0.49584251642227173,0.15620721876621246,-0.1204766035079956,0.999184250831604,0.45660704374313354,0.153135746717453,-0.13122543692588806,0.9974445104598999,0.4839816093444824,0.18236984312534332,-0.20909328758716583,0.999264657497406,0.46997731924057007,0.18052147328853607,-0.21419069170951843,0.9991581439971924,0.5351294875144958,0.27772194147109985,-0.0641198605298996,0.9998336434364319,0.41972365975379944,0.2845948338508606,-0.07528707385063171,0.999608039855957,0.5663617849349976,0.4095309376716614,-0.1163470521569252,0.9748681783676147,0.390264093875885,0.4163012206554413,-0.18519598245620728,0.9665771126747131,0.5181612372398376,0.4148934781551361,-0.31072303652763367,0.9668185710906982,0.4338187277317047,0.4174012541770935,-0.3850255310535431,0.9721928834915161,0.5047211647033691,0.43490561842918396,-0.3649338483810425,0.9599331021308899,0.4503561854362488,0.4241229295730591,-0.4381945729255676,0.9603510499000549,0.4987441599369049,0.4155299663543701,-0.3908211588859558,0.9560665488243103,0.4499877393245697,0.4009234607219696,-0.43260908126831055,0.9571279287338257,0.5025222301483154,0.4084550142288208,-0.33337828516960144,0.9332165718078613,0.4452354907989502,0.39843258261680603,-0.387904554605484,0.9378742575645447,0.5172911882400513,0.5642697811126709,0.0018680151551961899,0.9998725056648254,0.4493997097015381,0.5704917907714844,-0.0019995556212961674,0.9998533129692078,0.5294561386108398,0.7428428530693054,-0.186167910695076,0.9761075973510742,0.43647509813308716,0.7549600601196289,-0.15629582107067108,0.9680100083351135,0.5295248031616211,0.9419365525245667,-0.01790700852870941,0.868920087814331,0.43684521317481995,0.9388740658760071,0.01572064682841301,0.877532422542572,0.5212063789367676,0.9596878886222839,-0.0078048319555819035,0.75541752576828,0.447000652551651,0.9610138535499573,0.028054818511009216,0.7660366892814636,0.5443839430809021,1.0086431503295898,-0.12943270802497864,0.7978805303573608,0.4158174991607666,1.003796100616455,-0.08653721958398819,0.7929028868675232,squat
0.4731966555118561,0.25367027521133423,-0.13260571658611298,0.9988037943840027,0.4785071909427643,0.2375902235507965,-0.1108371764421463,0.997839629650116,0.4830853044986725,0.2385537326335907,-0.1110912561416626,0.9976364374160767,0.48712581396102905,0.23896348476409912,-0.11107685416936874,0.9983105659484863,0.46726474165916443,0.23533475399017334,-0.1101825088262558,0.9983240962028503,0.4630153775215149,0.23519431054592133,-0.11048291623592377,0.9985063672065735,0.4595670700073242,0.2354382574558258,-0.11070112884044647,0.9986976385116577,0.4929226338863373,0.2454482465982437,-0.002935942029580474,0.9989587664604187,0.4555719792842865,0.24386882781982422,-0.0007914800080470741,0.997040331363678,0.4795980453491211,0.27259016036987305,-0.09099274128675461,0.9990154504776001,0.4667694568634033,0.2730419635772705,-0.09234867244958878,0.9988526701927185,0.5319322943687439,0.35252779722213745,0.026451384648680687,0.9997919201850891,0.4195486903190613,0.35512351989746094,0.03901363164186478,0.9995071291923523,0.5638700723648071,0.4812886118888855,-0.08470062166452408,0.970263659954071,0.3908797800540924,0.4708583354949951,-0.11192826181650162,0.9626487493515015,0.5108367800712585,0.4259597659111023,-0.27608150243759155,0.9609264731407166,0.4489074647426605,0.4145878255367279,-0.3193169832229614,0.9673018455505371,0.4961368143558502,0.41095030307769775,-0.3125203251838684,0.9534507393836975,0.4640577435493469,0.39622971415519714,-0.3660053312778473,0.951187014579773,0.49191123247146606,0.3890361785888672,-0.30622386932373047,0.9488682150840759,0.46260756254196167,0.37327954173088074,-0.34811002016067505,0.9464260935783386,0.4931681156158447,0.39595913887023926,-0.27616792917251587,0.9215924739837646,0.4595169126987457,0.3832150399684906,-0.3176611065864563,0.9232686758041382,0.5180749297142029,0.6192864179611206,-0.0017485031858086586,0.9998599886894226,0.4482666850090027,0.6219958662986755,0.0016058102482929826,0.9998401999473572,0.5508084893226624,0.8110384345054626,-0.14971506595611572,0.9682207107543945,0.40225839614868164,0.7948357462882996,-0.23725347220897675,0.9649516344070435,0.5317533016204834,0.9522787928581238,0.04012420400977135,0.8484871983528137,0.4366113543510437,0.9388589859008789,0.0008089382899925113,0.8529683351516724,0.5250435471534729,0.9611865282058716,0.07285571098327637,0.716806173324585,0.44712233543395996,0.9584516882896423,0.024180535227060318,0.7374893426895142,0.544301450252533,1.043186068534851,0.017473353073000908,0.7594889998435974,0.4092419147491455,1.0031983852386475,-0.04452662914991379,0.7533829212188721,squat
0.47342878580093384,0.3817653954029083,-0.1603103131055832,0.9986792802810669,0.47894471883773804,0.36308953166007996,-0.13654910027980804,0.9978187680244446,0.48345452547073364,0.36290791630744934,-0.13678482174873352,0.9975831508636475,0.48757919669151306,0.3627694845199585,-0.13677120208740234,0.9982747435569763,0.4675251841545105,0.3622564971446991,-0.13621923327445984,0.9983313679695129,0.4632571339607239,0.36201927065849304,-0.13647079467773438,0.9984954595565796,0.4596649706363678,0.36185383796691895,-0.13666006922721863,0.9987080097198486,0.4928487241268158,0.36757540702819824,-0.024621615186333656,0.9988829493522644,0.4554186761379242,0.36865493655204773,-0.023656073957681656,0.997031033039093,0.4800155758857727,0.3993369936943054,-0.11776216328144073,0.9987379908561707,0.4669477045536041,0.40252193808555603,-0.11938595771789551,0.9985828399658203,0.5321259498596191,0.47132793068885803,-0.0025165711995214224,0.9996893405914307,0.41947755217552185,0.4819733500480652,0.0030394974164664745,0.9993425011634827,0.558212161064148,0.6088827848434448,-0.11957786977291107,0.9599936604499817,0.39522644877433777,0.6105108857154846,-0.15960253775119781,0.958052933216095,0.5081030130386353,0.498060017824173,-0.298399418592453,0.941165566444397,0.45716825127601624,0.4960671365261078,-0.33096280694007874,0.9612162709236145,0.4934648871421814,0.44391578435897827,-0.3298989534378052,0.9288753271102905,0.4699650704860687,0.4229449927806854,-0.3841794729232788,0.9375285506248474,0.4896390438079834,0.43302208185195923,-0.3139140009880066,0.9207149744033813,0.4680921137332916,0.4074113667011261,-0.36779075860977173,0.9297969341278076,0.49071288108825684,0.45635735988616943,-0.2949581444263458,0.8858110904693604,0.46635740995407104,0.4494367241859436,-0.3386792540550232,0.9008237719535828,0.5200710296630859,0.7255739569664001,-0.0008496868540532887,0.9998553395271301,0.44821295142173767,0.7314292192459106,0.000711864500772208,0.9998385310173035,0.5797921419143677,0.843957781791687,-0.25019222497940063,0.9684605598449707,0.37792640924453735,0.8369297385215759,-0.27930447459220886,0.9653857350349426,0.5321665406227112,0.9481788873672485,0.037377096712589264,0.8347829580307007,0.435708612203598,0.9331831336021423,0.014825562946498394,0.8395949006080627,0.5224884748458862,0.9435576796531677,0.06802661716938019,0.7061442732810974,0.44750505685806274,0.9413737654685974,0.045379869639873505,0.7263922095298767,0.5393781065940857,1.0200579166412354,0.012919878587126732,0.7349911332130432,0.4176211953163147,1.0123027563095093,-0.015663186088204384,0.7270914316177368,squat
0.47453680634498596,0.4659285247325897,-0.17654182016849518,0.9986896514892578,0.48084521293640137,0.44494327902793884,-0.15522880852222443,0.9979279637336731,0.48568734526634216,0.44524264335632324,-0.1554499864578247,0.9976855516433716,0.4894682765007019,0.445104718208313,-0.15545210242271423,0.998344898223877,0.46842828392982483,0.4419421851634979,-0.1550864577293396,0.9984233379364014,0.464656263589859,0.44125503301620483,-0.15533219277858734,0.9985709190368652,0.4609326422214508,0.44085997343063354,-0.1555178463459015,0.9987815022468567,0.4942331910133362,0.44952794909477234,-0.047254133969545364,0.9989212155342102,0.4558359980583191,0.4463738799095154,-0.047270677983760834,0.9972036480903625,0.481341689825058,0.48370248079299927,-0.1349852979183197,0.9987099766731262,0.4677625298500061,0.485394150018692,-0.1367088258266449,0.9985636472702026,0.5322023630142212,0.5455142259597778,-0.020413242280483246,0.9996604323387146,0.4203985333442688,0.53690505027771,-0.013279512524604797,0.9993222951889038,0.5583105683326721,0.6904191374778748,-0.1525300145149231,0.9582391381263733,0.40207356214523315,0.6963086128234863,-0.16510213911533356,0.9589908123016357,0.5116367936134338,0.5903400778770447,-0.3129581809043884,0.9364636540412903,0.4561235308647156,0.5840636491775513,-0.3409869372844696,0.9631678462028503,0.49979081749916077,0.5592213869094849,-0.3447715640068054,0.9205145239830017,0.4691954255104065,0.5517151951789856,-0.3859201669692993,0.9392995238304138,0.4949694275856018,0.5389617681503296,-0.33549052476882935,0.9101920127868652,0.4671861231327057,0.5296081304550171,-0.36419573426246643,0.9312871098518372,0.49511846899986267,0.5513198971748352,-0.3067694902420044,0.8703473806381226,0.46585017442703247,0.5458094477653503,-0.3427966237068176,0.9016954302787781,0.5169100761413574,0.7794031500816345,-0.000980529235675931,0.9998436570167542,0.44745153188705444,0.7808432579040527,0.0008538310648873448,0.9998318552970886,0.5881292819976807,0.8559370040893555,-0.25217923521995544,0.969650387763977,0.3672586679458618,0.8473167419433594,-0.26573318243026733,0.9665591716766357,0.5319269895553589,0.9462383985519409,0.007627121172845364,0.8172439932823181,0.43406134843826294,0.9292590618133545,0.00404487457126379,0.818644642829895,0.5196142196655273,0.9396163821220398,0.03596414253115654,0.7003455758094788,0.4474117159843445,0.9322604537010193,0.034785933792591095,0.7167854905128479,0.5350466966629028,1.0108824968338013,-0.0025478103198111057,0.7052868008613586,0.42481011152267456,1.0090184211730957,-0.011467181146144867,0.6923293471336365,squat
0.47588658332824707,0.44508641958236694,-0.18062493205070496,0.9987572431564331,0.4824601709842682,0.42715293169021606,-0.16333046555519104,0.9980741739273071,0.48699861764907837,0.42760416865348816,-0.16355183720588684,0.9978377819061279,0.4910312294960022,0.428022176027298,-0.16356325149536133,0.9984550476074219,0.46985477209091187,0.42420244216918945,-0.16266381740570068,0.9985342025756836,0.4659658968448639,0.4232913851737976,-0.16291984915733337,0.9986640810966492,0.46251100301742554,0.42287737131118774,-0.16309818625450134,0.9988651275634766,0.4956579804420471,0.4323413372039795,-0.06213190406560898,0.9989967942237854,0.45719677209854126,0.4289954602718353,-0.06288821250200272,0.9974086880683899,0.48250794410705566,0.462872177362442,-0.1428501009941101,0.9987589716911316,0.469074010848999,0.46468642354011536,-0.14380964636802673,0.9986164569854736,0.5334083437919617,0.5323914289474487,-0.03646855801343918,0.9996711611747742,0.4244736135005951,0.5261250138282776,-0.020253986120224,0.9993341565132141,0.5570612549781799,0.6665469408035278,-0.1769687384366989,0.9567902088165283,0.40728750824928284,0.6669884920120239,-0.18634268641471863,0.9552013278007507,0.5090442895889282,0.5629085302352905,-0.33414706587791443,0.932905375957489,0.46449097990989685,0.5522083044052124,-0.36218971014022827,0.9615328311920166,0.4960215985774994,0.5414271950721741,-0.36017757654190063,0.9141891002655029,0.4751049876213074,0.5321776270866394,-0.3984646499156952,0.93576979637146,0.49277180433273315,0.5268775224685669,-0.3462591767311096,0.9024407863616943,0.4751149117946625,0.5161861181259155,-0.37622252106666565,0.9265456795692444,0.49440598487854004,0.5371155142784119,-0.3263648748397827,0.8581214547157288,0.47444406151771545,0.5299806594848633,-0.35692739486694336,0.8941479325294495,0.5154463648796082,0.7650178670883179,-0.0009900203440338373,0.9998465776443481,0.4450674057006836,0.7647466659545898,0.0008644282934255898,0.9998350143432617,0.5860993266105652,0.8586060404777527,-0.20129752159118652,0.9643914699554443,0.37065333127975464,0.8462365865707397,-0.22456824779510498,0.9615358710289001,0.5325347185134888,0.9434328079223633,0.02909133769571781,0.7666440010070801,0.43030303716659546,0.9178481101989746,0.015312941744923592,0.7630581259727478,0.5195251703262329,0.9375767111778259,0.053255073726177216,0.658160924911499,0.4432801604270935,0.9175752997398376,0.043168894946575165,0.6740789413452148,0.5263446569442749,1.0189512968063354,0.017876559868454933,0.6544877290725708,0.4236106872558594,0.9978497624397278,0.015292765572667122,0.6394656896591187,squat
0.47670525312423706,0.37810489535331726,-0.06593049317598343,0.998823881149292,0.48267287015914917,0.3579782247543335,-0.04392976313829422,0.9981936812400818,0.48703551292419434,0.3582130968570709,-0.044117316603660583,0.9979593753814697,0.4910524785518646,0.35838645696640015,-0.04411587119102478,0.998552680015564,0.47126713395118713,0.35538461804389954,-0.04464271292090416,0.9986274838447571,0.4675062298774719,0.35485342144966125,-0.044877488166093826,0.9987397193908691,0.46392250061035156,0.3547762334346771,-0.045035067945718765,0.998931348323822,0.49603790044784546,0.3626727759838104,0.05481147766113281,0.9990711808204651,0.4583529531955719,0.36085280776023865,0.050460152328014374,0.9975869059562683,0.4833254814147949,0.39555850625038147,-0.029269075021147728,0.9988531470298767,0.47008389234542847,0.4002148509025574,-0.032166317105293274,0.9987142086029053,0.5346626043319702,0.47018691897392273,0.061333440244197845,0.9996894598007202,0.42690110206604004,0.4679069519042969,0.06901530176401138,0.9993287324905396,0.5610970854759216,0.6254327297210693,-0.04877973347902298,0.9573901295661926,0.4070661962032318,0.6106038093566895,-0.10149791091680527,0.9421407580375671,0.5107871294021606,0.49219322204589844,-0.19727209210395813,0.9344651699066162,0.45947733521461487,0.4790879487991333,-0.29086071252822876,0.9451027512550354,0.5004156827926636,0.46868377923965454,-0.22568786144256592,0.9163936376571655,0.47272157669067383,0.4545430541038513,-0.329373300075531,0.9156367778778076,0.4954221844673157,0.45178520679473877,-0.2098110169172287,0.9047075510025024,0.4728533625602722,0.4407908022403717,-0.30632704496383667,0.9014785885810852,0.4963407516479492,0.4604862630367279,-0.19227203726768494,0.8598498702049255,0.47163861989974976,0.45610931515693665,-0.2866956293582916,0.8662022352218628,0.5206776857376099,0.7334391474723816,-0.0010567950084805489,0.9998600482940674,0.4495043158531189,0.7402111291885376,0.0009320356766693294,0.9998491406440735,0.5863350629806519,0.8518775701522827,-0.1811622679233551,0.9662793874740601,0.37943464517593384,0.8347666263580322,-0.20999011397361755,0.9634498357772827,0.5367981195449829,0.937037467956543,0.1214202269911766,0.7730976939201355,0.4326055645942688,0.9186455011367798,0.060208093374967575,0.7727739810943604,0.5207722187042236,0.9314514398574829,0.15193969011306763,0.6634901165962219,0.44729867577552795,0.9233031272888184,0.09126078337430954,0.6836206316947937,0.5360300540924072,1.0068745613098145,0.10959706455469131,0.6529116630554199,0.42294082045555115,1.0246446132659912,0.05228777602314949,0.6423540711402893,squat
0.4777110517024994,0.2293689250946045,-0.2281550168991089,0.9988176226615906,0.48398852348327637,0.22311125695705414,-0.20593805611133575,0.9980751276016235,0.4885982871055603,0.22407302260398865,-0.20618632435798645,0.9978131651878357,0.4933805465698242,0.22438912093639374,-0.20620553195476532,0.9984613060951233,0.47226572036743164,0.22245964407920837,-0.207972913980484,0.9985756278038025,0.46796298027038574,0.22321279346942902,-0.20825573801994324,0.9987072348594666,0.4640122950077057,0.22384332120418549,-0.20842380821704865,0.9989045262336731,0.500353217124939,0.22939540445804596,-0.07873646914958954,0.9990633726119995,0.45828866958618164,0.23062650859355927,-0.08767580986022949,0.9975802302360535,0.48660165071487427,0.2544667422771454,-0.17896075546741486,0.9989331960678101,0.4702533781528473,0.2561429738998413,-0.1832347810268402,0.9988051652908325,0.5360935926437378,0.35084086656570435,-0.004879400599747896,0.9997134208679199,0.42633357644081116,0.3573716878890991,-0.009628979489207268,0.9993726015090942,0.5636292695999146,0.48164817690849304,-0.10147402435541153,0.958389163017273,0.40596094727516174,0.495099812746048,-0.1335260272026062,0.9422273635864258,0.5199015736579895,0.4612257778644562,-0.3113223910331726,0.9386573433876038,0.44530099630355835,0.46630388498306274,-0.3686109483242035,0.9488210678100586,0.5111494064331055,0.46043357253074646,-0.36630260944366455,0.922138512134552,0.45356717705726624,0.4554881155490875,-0.42563629150390625,0.9222837090492249,0.5064688920974731,0.44096025824546814,-0.3769579529762268,0.9116275906562805,0.45335179567337036,0.4353586435317993,-0.4302978515625,0.9094551801681519,0.5062990188598633,0.4434798061847687,-0.321643203496933,0.8692235946655273,0.4520711302757263,0.4392949044704437,-0.3769805133342743,0.8760765194892883,0.5226664543151855,0.6210193037986755,-0.00012308760778978467,0.9998685717582703,0.4509756565093994,0.6267984509468079,8.31248235044768e-06,0.9998577833175659,0.5809729695320129,0.7974871397018433,-0.23484623432159424,0.9675757884979248,0.40430155396461487,0.7845957279205322,-0.23446834087371826,0.9637383818626404,0.5366138219833374,0.9364322423934937,0.04245821386575699,0.7816793918609619,0.43307632207870483,0.9200785160064697,-0.012602129951119423,0.7870895862579346,0.5211648941040039,0.93292236328125,0.06717144697904587,0.6692734956741333,0.4468115270137787,0.9291279911994934,0.006847958080470562,0.6907289028167725,0.5447653532028198,1.007678508758545,-0.03445537015795708,0.6634487509727478,0.4206533432006836,1.0147374868392944,-0.10053335130214691,0.6589869856834412,squat
0.480447918176651,0.14227376878261566,-0.31241610646247864,0.9989327192306519,0.48675447702407837,0.12978772819042206,-0.2895200252532959,0.9982575178146362,0.4914575517177582,0.13101324439048767,-0.2898241877555847,0.9980210661888123,0.49616557359695435,0.13144934177398682,-0.28980857133865356,0.9986063838005066,0.4745057225227356,0.13041952252388,-0.2923524081707001,0.9987108111381531,0.4701992869377136,0.1317170113325119,-0.2926194965839386,0.9988301992416382,0.46583351492881775,0.133537158370018,-0.29277780652046204,0.9990069270133972,0.5022153854370117,0.13978882133960724,-0.1631125658750534,0.9991527795791626,0.4591781497001648,0.14231255650520325,-0.1754785031080246,0.9978097677230835,0.4900418817996979,0.1665639728307724,-0.26422053575515747,0.9990386366844177,0.47272878885269165,0.16961531341075897,-0.2696782648563385,0.9989230632781982,0.5377779006958008,0.2662014067173004,-0.11163443326950073,0.99974125623703,0.4263744354248047,0.2779109477996826,-0.10306867212057114,0.9994295239448547,0.5684505701065063,0.39352890849113464,-0.19379840791225433,0.9623444676399231,0.4044780135154724,0.40860870480537415,-0.22599628567695618,0.9470546245574951,0.5566641688346863,0.4713706076145172,-0.42067772150039673,0.9447124004364014,0.3967730700969696,0.47221839427948,-0.4797047972679138,0.9535626769065857,0.5611466765403748,0.4999149441719055,-0.4800412058830261,0.9298139810562134,0.3855796158313751,0.5154359340667725,-0.5443258881568909,0.9295759797096252,0.5531569719314575,0.48892566561698914,-0.5069695115089417,0.9203667640686035,0.39732325077056885,0.5094336271286011,-0.5671069025993347,0.9180760979652405,0.5478351712226868,0.4719997048377991,-0.4368295669555664,0.8821192979812622,0.40648192167282104,0.4943233132362366,-0.49686703085899353,0.8878079056739807,0.5223364233970642,0.5521098375320435,-0.00126780872233212,0.9998790621757507,0.45328348875045776,0.5622063875198364,0.0011461001122370362,0.9998677372932434,0.5383374691009521,0.7480130791664124,-0.09467468410730362,0.9701403975486755,0.4331541955471039,0.7567177414894104,-0.14549587666988373,0.9662765860557556,0.5342240929603577,0.9365278482437134,0.07256263494491577,0.8029319047927856,0.4339940547943115,0.9296184182167053,0.026512926444411278,0.8073832988739014,0.5213420987129211,0.943449854850769,0.07984708994626999,0.6949610710144043,0.4467754364013672,0.9508233666419983,0.019146321341395378,0.7139363288879395,0.5442312955856323,1.0084073543548584,-0.05354351922869682,0.6961153745651245,0.4180237650871277,1.014066457748413,-0.07472991198301315,0.6913003921508789,squat
0.5261461138725281,0.4011634886264801,-0.494424968957901,0.9996194243431091,0.352506160736084,0.40373682975769043,-0.4607159197330475,0.9993670582771301,0.5416880249977112,0.6144843697547913,-0.4776104986667633,0.837688148021698,0.341647207736969,0.6226547360420227,-0.47398853302001953,0.8335934281349182,0.5422006845474243,0.8233156204223633,-0.5522235631942749,0.8288741707801819,0.33681347966194153,0.8051310181617737,-0.5987619161605835,0.8466421961784363,0,0,0,0,0,0,0,0,0,0,0,0,0,0,0,0,0,0,0,0,0,0,0,0,0,0,0,0,0,0,0,0,0,0,0,0,0,0,0,0,0,0,0,0,0,0,0,0,0,0,0,0,0,0,0,0,0,0,0,0,0,0,0,0,0,0,0,0,0,0,0,0,0,0,0,0,0,0,0,0,0,0,0,0,0,0,0,0,0,0,0,0,0,0,0,0,0,0,0,0,0,0,0,0,0,0,0,0,pushup
0.5297173857688904,0.44405466318130493,-0.485686719417572,0.9996574521064758,0.3518000841140747,0.4430564343929291,-0.44369715452194214,0.999430239200592,0.5474554300308228,0.6226687431335449,-0.4562806487083435,0.8538153767585754,0.3334505558013916,0.6364912390708923,-0.4430753290653229,0.847859799861908,0.5459879636764526,0.8218950033187866,-0.532737135887146,0.8459761738777161,0.3368702530860901,0.796423614025116,-0.5723554491996765,0.8615899682044983,0,0,0,0,0,0,0,0,0,0,0,0,0,0,0,0,0,0,0,0,0,0,0,0,0,0,0,0,0,0,0,0,0,0,0,0,0,0,0,0,0,0,0,0,0,0,0,0,0,0,0,0,0,0,0,0,0,0,0,0,0,0,0,0,0,0,0,0,0,0,0,0,0,0,0,0,0,0,0,0,0,0,0,0,0,0,0,0,0,0,0,0,0,0,0,0,0,0,0,0,0,0,0,0,0,0,0,0,pushup
0.5292128324508667,0.5059006214141846,-0.4615674912929535,0.9996916055679321,0.3476525545120239,0.5193798542022705,-0.4382871687412262,0.9994869232177734,0.5605601668357849,0.6600886583328247,-0.42795372009277344,0.8667612075805664,0.31659695506095886,0.6556373834609985,-0.3948054611682892,0.8534369468688965,0.5464858412742615,0.8221606612205505,-0.5344729423522949,0.8611540198326111,0.3369040787220001,0.7970433831214905,-0.4631635248661041,0.8725760579109192,0,0,0,0,0,0,0,0,0,0,0,0,0,0,0,0,0,0,0,0,0,0,0,0,0,0,0,0,0,0,0,0,0,0,0,0,0,0,0,0,0,0,0,0,0,0,0,0,0,0,0,0,0,0,0,0,0,0,0,0,0,0,0,0,0,0,0,0,0,0,0,0,0,0,0,0,0,0,0,0,0,0,0,0,0,0,0,0,0,0,0,0,0,0,0,0,0,0,0,0,0,0,0,0,0,0,0,0,pushup
0.5281963348388672,0.5584906339645386,-0.45800989866256714,0.9997223019599915,0.3407946228981018,0.578145444393158,-0.44509634375572205,0.999538004398346,0.5609791278839111,0.6728695631027222,-0.38491398096084595,0.8744139671325684,0.31070178747177124,0.6757325530052185,-0.3846169412136078,0.8592668175697327,0.5464417934417725,0.8220805525779724,-0.455484002828598,0.8742877840995789,0.3369554579257965,0.8051374554634094,-0.4291399121284485,0.8828308582305908,0,0,0,0,0,0,0,0,0,0,0,0,0,0,0,0,0,0,0,0,0,0,0,0,0,0,0,0,0,0,0,0,0,0,0,0,0,0,0,0,0,0,0,0,0,0,0,0,0,0,0,0,0,0,0,0,0,0,0,0,0,0,0,0,0,0,0,0,0,0,0,0,0,0,0,0,0,0,0,0,0,0,0,0,0,0,0,0,0,0,0,0,0,0,0,0,0,0,0,0,0,0,0,0,0,0,0,0,pushup
0.5276503562927246,0.5659015774726868,-0.46964359283447266,0.9997498989105225,0.33635610342025757,0.5959009528160095,-0.45287299156188965,0.9995839595794678,0.5628564953804016,0.6758872866630554,-0.3941282629966736,0.8813034296035767,0.3073650896549225,0.6679289937019348,-0.386592298746109,0.8655138611793518,0.5463864207267761,0.821769654750824,-0.46458929777145386,0.886095404624939,0.33599430322647095,0.802307665348053,-0.4268225133419037,0.8927146196365356,0,0,0,0,0,0,0,0,0,0,0,0,0,0,0,0,0,0,0,0,0,0,0,0,0,0,0,0,0,0,0,0,0,0,0,0,0,0,0,0,0,0,0,0,0,0,0,0,0,0,0,0,0,0,0,0,0,0,0,0,0,0,0,0,0,0,0,0,0,0,0,0,0,0,0,0,0,0,0,0,0,0,0,0,0,0,0,0,0,0,0,0,0,0,0,0,0,0,0,0,0,0,0,0,0,0,0,0,pushup
0.5257567167282104,0.519415020942688,-0.4721914231777191,0.9997748136520386,0.33853214979171753,0.5362430810928345,-0.44802284240722656,0.9996253848075867,0.5606981515884399,0.6741008162498474,-0.43128475546836853,0.8929823040962219,0.3133176565170288,0.6706317663192749,-0.4000679850578308,0.8769575953483582,0.5455631017684937,0.8205966353416443,-0.5276902318000793,0.8974673748016357,0.336306631565094,0.8008326292037964,-0.4810279309749603,0.9031555652618408,0,0,0,0,0,0,0,0,0,0,0,0,0,0,0,0,0,0,0,0,0,0,0,0,0,0,0,0,0,0,0,0,0,0,0,0,0,0,0,0,0,0,0,0,0,0,0,0,0,0,0,0,0,0,0,0,0,0,0,0,0,0,0,0,0,0,0,0,0,0,0,0,0,0,0,0,0,0,0,0,0,0,0,0,0,0,0,0,0,0,0,0,0,0,0,0,0,0,0,0,0,0,0,0,0,0,0,0,pushup
0.5220028162002563,0.43650195002555847,-0.49012812972068787,0.9997972846031189,0.3397822976112366,0.4427603781223297,-0.45216065645217896,0.9996627569198608,0.5492627024650574,0.6422966718673706,-0.4967447817325592,0.9036411046981812,0.3194039463996887,0.6318383812904358,-0.4621133804321289,0.8882174491882324,0.5446156859397888,0.8204408288002014,-0.598394513130188,0.907713770866394,0.3363886773586273,0.7873231768608093,-0.5944620370864868,0.9126691818237305,0,0,0,0,0,0,0,0,0,0,0,0,0,0,0,0,0,0,0,0,0,0,0,0,0,0,0,0,0,0,0,0,0,0,0,0,0,0,0,0,0,0,0,0,0,0,0,0,0,0,0,0,0,0,0,0,0,0,0,0,0,0,0,0,0,0,0,0,0,0,0,0,0,0,0,0,0,0,0,0,0,0,0,0,0,0,0,0,0,0,0,0,0,0,0,0,0,0,0,0,0,0,0,0,0,0,0,0,pushup
0.5216898918151855,0.41408205032348633,-0.5069233179092407,0.9998174905776978,0.3402283489704132,0.42325639724731445,-0.463635116815567,0.9996963143348694,0.5376330614089966,0.6285553574562073,-0.507256805896759,0.9131832718849182,0.33414751291275024,0.6153107285499573,-0.4821934700012207,0.8963732719421387,0.5443792343139648,0.8199632167816162,-0.5982621908187866,0.916928768157959,0.33647891879081726,0.7891064882278442,-0.6021103262901306,0.9205551147460938,0,0,0,0,0,0,0,0,0,0,0,0,0,0,0,0,0,0,0,0,0,0,0,0,0,0,0,0,0,0,0,0,0,0,0,0,0,0,0,0,0,0,0,0,0,0,0,0,0,0,0,0,0,0,0,0,0,0,0,0,0,0,0,0,0,0,0,0,0,0,0,0,0,0,0,0,0,0,0,0,0,0,0,0,0,0,0,0,0,0,0,0,0,0,0,0,0,0,0,0,0,0,0,0,0,0,0,0,pushup
0.5269514918327332,0.42523109912872314,-0.5141464471817017,0.999835729598999,0.34224769473075867,0.43766504526138306,-0.47120460867881775,0.9997266530990601,0.539727509021759,0.6299839019775391,-0.5736653208732605,0.9218466877937317,0.3334706723690033,0.6205561757087708,-0.5777512788772583,0.906233549118042,0.5455820560455322,0.8194696307182312,-0.7471800446510315,0.9252342581748962,0.33619052171707153,0.7839078307151794,-0.8228936195373535,0.9284108877182007,0,0,0,0,0,0,0,0,0,0,0,0,0,0,0,0,0,0,0,0,0,0,0,0,0,0,0,0,0,0,0,0,0,0,0,0,0,0,0,0,0,0,0,0,0,0,0,0,0,0,0,0,0,0,0,0,0,0,0,0,0,0,0,0,0,0,0,0,0,0,0,0,0,0,0,0,0,0,0,0,0,0,0,0,0,0,0,0,0,0,0,0,0,0,0,0,0,0,0,0,0,0,0,0,0,0,0,0,pushup
0.5258957147598267,0.5088525414466858,-0.4690590500831604,0.9998518228530884,0.3418635427951813,0.5178977251052856,-0.4649777412414551,0.9997537136077881,0.5562069416046143,0.6386178731918335,-0.38706493377685547,0.9249466061592102,0.3172523081302643,0.6265278458595276,-0.39454010128974915,0.9059755802154541,0.5462875962257385,0.8194714188575745,-0.44995832443237305,0.931969404220581,0.3362411856651306,0.7875173687934875,-0.4357685446739197,0.9336848258972168,0,0,0,0,0,0,0,0,0,0,0,0,0,0,0,0,0,0,0,0,0,0,0,0,0,0,0,0,0,0,0,0,0,0,0,0,0,0,0,0,0,0,0,0,0,0,0,0,0,0,0,0,0,0,0,0,0,0,0,0,0,0,0,0,0,0,0,0,0,0,0,0,0,0,0,0,0,0,0,0,0,0,0,0,0,0,0,0,0,0,0,0,0,0,0,0,0,0,0,0,0,0,0,0,0,0,0,0,pushup
0.5271013379096985,0.5962488055229187,-0.45625191926956177,0.9998663663864136,0.34193655848503113,0.6134320497512817,-0.4375590682029724,0.9997782111167908,0.5624550580978394,0.664639413356781,-0.355741947889328,0.9226776957511902,0.31155282258987427,0.6561616063117981,-0.35611650347709656,0.9081794619560242,0.5473598837852478,0.8198955059051514,-0.39664730429649353,0.9378624558448792,0.33634862303733826,0.7894729375839233,-0.40637117624282837,0.9396141767501831,0,0,0,0,0,0,0,0,0,0,0,0,0,0,0,0,0,0,0,0,0,0,0,0,0,0,0,0,0,0,0,0,0,0,0,0,0,0,0,0,0,0,0,0,0,0,0,0,0,0,0,0,0,0,0,0,0,0,0,0,0,0,0,0,0,0,0,0,0,0,0,0,0,0,0,0,0,0,0,0,0,0,0,0,0,0,0,0,0,0,0,0,0,0,0,0,0,0,0,0,0,0,0,0,0,0,0,0,pushup
0.5276010632514954,0.5896425843238831,-0.4650340974330902,0.9998794794082642,0.3410879075527191,0.6155965924263,-0.44459015130996704,0.9998003244400024,0.5633608102798462,0.6725990772247314,-0.39336246252059937,0.9206721782684326,0.310385525226593,0.6720601916313171,-0.37964463233947754,0.9132154583930969,0.5477085113525391,0.8199670314788818,-0.46863579750061035,0.943061888217926,0.33726292848587036,0.7921034097671509,-0.43497490882873535,0.9452875256538391,0,0,0,0,0,0,0,0,0,0,0,0,0,0,0,0,0,0,0,0,0,0,0,0,0,0,0,0,0,0,0,0,0,0,0,0,0,0,0,0,0,0,0,0,0,0,0,0,0,0,0,0,0,0,0,0,0,0,0,0,0,0,0,0,0,0,0,0,0,0,0,0,0,0,0,0,0,0,0,0,0,0,0,0,0,0,0,0,0,0,0,0,0,0,0,0,0,0,0,0,0,0,0,0,0,0,0,0,pushup
0.526357889175415,0.5235981941223145,-0.467968225479126,0.999891459941864,0.34196731448173523,0.5496082901954651,-0.4366278052330017,0.9998201727867126,0.5619302988052368,0.6721838116645813,-0.4472760260105133,0.9284329414367676,0.31294068694114685,0.6701778769493103,-0.40492668747901917,0.9199907183647156,0.5479665398597717,0.8200960755348206,-0.5930488705635071,0.9487431645393372,0.33686691522598267,0.7874496579170227,-0.447542667388916,0.9505515694618225,0,0,0,0,0,0,0,0,0,0,0,0,0,0,0,0,0,0,0,0,0,0,0,0,0,0,0,0,0,0,0,0,0,0,0,0,0,0,0,0,0,0,0,0,0,0,0,0,0,0,0,0,0,0,0,0,0,0,0,0,0,0,0,0,0,0,0,0,0,0,0,0,0,0,0,0,0,0,0,0,0,0,0,0,0,0,0,0,0,0,0,0,0,0,0,0,0,0,0,0,0,0,0,0,0,0,0,0,pushup
0.5261379480361938,0.42934438586235046,-0.5001274347305298,0.9999022483825684,0.3447928726673126,0.43406394124031067,-0.44224780797958374,0.9998379945755005,0.5459074378013611,0.6432026624679565,-0.48710721731185913,0.9354754090309143,0.33644619584083557,0.615657389163971,-0.4367806911468506,0.9259153604507446,0.5465806722640991,0.8180888891220093,-0.5794456601142883,0.9538546204566956,0.3372795879840851,0.7874341607093811,-0.540700376033783,0.9551452398300171,0,0,0,0,0,0,0,0,0,0,0,0,0,0,0,0,0,0,0,0,0,0,0,0,0,0,0,0,0,0,0,0,0,0,0,0,0,0,0,0,0,0,0,0,0,0,0,0,0,0,0,0,0,0,0,0,0,0,0,0,0,0,0,0,0,0,0,0,0,0,0,0,0,0,0,0,0,0,0,0,0,0,0,0,0,0,0,0,0,0,0,0,0,0,0,0,0,0,0,0,0,0,0,0,0,0,0,0,pushup
0.5263861417770386,0.42375925183296204,-0.5021535754203796,0.9999119639396667,0.3500051498413086,0.42362838983535767,-0.44268593192100525,0.9998540878295898,0.5426041483879089,0.6331573724746704,-0.48765429854393005,0.9417975544929504,0.3425581455230713,0.6061477661132812,-0.4460996985435486,0.9323000907897949,0.5457584857940674,0.8170030117034912,-0.5759717226028442,0.9584545493125916,0.33728212118148804,0.7879086136817932,-0.5699530243873596,0.9595195651054382,0,0,0,0,0,0,0,0,0,0,0,0,0,0,0,0,0,0,0,0,0,0,0,0,0,0,0,0,0,0,0,0,0,0,0,0,0,0,0,0,0,0,0,0,0,0,0,0,0,0,0,0,0,0,0,0,0,0,0,0,0,0,0,0,0,0,0,0,0,0,0,0,0,0,0,0,0,0,0,0,0,0,0,0,0,0,0,0,0,0,0,0,0,0,0,0,0,0,0,0,0,0,0,0,0,0,0,0,pushup
0.5275754928588867,0.45765647292137146,-0.4912371039390564,0.9999207258224487,0.3496219515800476,0.4533936083316803,-0.44540661573410034,0.9998685717582703,0.5548559427261353,0.6374009847640991,-0.4929219186306,0.9475188255310059,0.32546424865722656,0.6159617304801941,-0.44355931878089905,0.9378839731216431,0.5467497110366821,0.8182783126831055,-0.6414759159088135,0.9626011252403259,0.33656805753707886,0.7893733382225037,-0.5636430978775024,0.9633750319480896,0,0,0,0,0,0,0,0,0,0,0,0,0,0,0,0,0,0,0,0,0,0,0,0,0,0,0,0,0,0,0,0,0,0,0,0,0,0,0,0,0,0,0,0,0,0,0,0,0,0,0,0,0,0,0,0,0,0,0,0,0,0,0,0,0,0,0,0,0,0,0,0,0,0,0,0,0,0,0,0,0,0,0,0,0,0,0,0,0,0,0,0,0,0,0,0,0,0,0,0,0,0,0,0,0,0,0,0,pushup
0.5279091596603394,0.5801088213920593,-0.4620925784111023,0.9999284744262695,0.3435233235359192,0.6144413352012634,-0.4382081925868988,0.9998816251754761,0.5624061822891235,0.663147509098053,-0.38965821266174316,0.9454864263534546,0.31420424580574036,0.6666672825813293,-0.36822807788848877,0.9403551816940308,0.5468876957893372,0.8206640481948853,-0.4684697687625885,0.965713620185852,0.33862847089767456,0.799308717250824,-0.4283650815486908,0.9666966199874878,0,0,0,0,0,0,0,0,0,0,0,0,0,0,0,0,0,0,0,0,0,0,0,0,0,0,0,0,0,0,0,0,0,0,0,0,0,0,0,0,0,0,0,0,0,0,0,0,0,0,0,0,0,0,0,0,0,0,0,0,0,0,0,0,0,0,0,0,0,0,0,0,0,0,0,0,0,0,0,0,0,0,0,0,0,0,0,0,0,0,0,0,0,0,0,0,0,0,0,0,0,0,0,0,0,0,0,0,pushup
0.527869462966919,0.5901140570640564,-0.435798704624176,0.9999353289604187,0.34275099635124207,0.616797149181366,-0.4181790351867676,0.9998933672904968,0.5673490166664124,0.6656786799430847,-0.33719736337661743,0.9425826668739319,0.30922913551330566,0.6654868721961975,-0.32881420850753784,0.9424302577972412,0.5466799139976501,0.8222226500511169,-0.387981116771698,0.9682078957557678,0.33958569169044495,0.799248993396759,-0.37651529908180237,0.9697859883308411,0,0,0,0,0,0,0,0,0,0,0,0,0,0,0,0,0,0,0,0,0,0,0,0,0,0,0,0,0,0,0,0,0,0,0,0,0,0,0,0,0,0,0,0,0,0,0,0,0,0,0,0,0,0,0,0,0,0,0,0,0,0,0,0,0,0,0,0,0,0,0,0,0,0,0,0,0,0,0,0,0,0,0,0,0,0,0,0,0,0,0,0,0,0,0,0,0,0,0,0,0,0,0,0,0,0,0,0,pushup
0.5275110006332397,0.5551174879074097,-0.4470958113670349,0.9999412298202515,0.34277161955833435,0.5924889445304871,-0.4309304356575012,0.9999027848243713,0.5659369230270386,0.663101315498352,-0.38133567571640015,0.947337806224823,0.31200212240219116,0.6605741381645203,-0.3445546627044678,0.9411558508872986,0.5473994016647339,0.8209919333457947,-0.4330054819583893,0.971187174320221,0.3395528793334961,0.7992108464241028,-0.37415796518325806,0.9707253575325012,0,0,0,0,0,0,0,0,0,0,0,0,0,0,0,0,0,0,0,0,0,0,0,0,0,0,0,0,0,0,0,0,0,0,0,0,0,0,0,0,0,0,0,0,0,0,0,0,0,0,0,0,0,0,0,0,0,0,0,0,0,0,0,0,0,0,0,0,0,0,0,0,0,0,0,0,0,0,0,0,0,0,0,0,0,0,0,0,0,0,0,0,0,0,0,0,0,0,0,0,0,0,0,0,0,0,0,0,pushup
0.5275295972824097,0.4630717933177948,-0.5018179416656494,0.9999469518661499,0.34345385432243347,0.453214168548584,-0.46153903007507324,0.9999122023582458,0.5461517572402954,0.6436299681663513,-0.4503893256187439,0.9523963928222656,0.33260753750801086,0.6271203756332397,-0.4123614728450775,0.9444527626037598,0.5463477969169617,0.8205455541610718,-0.5015527606010437,0.9740448594093323,0.3395266532897949,0.7961657047271729,-0.5041124820709229,0.9733189344406128,0,0,0,0,0,0,0,0,0,0,0,0,0,0,0,0,0,0,0,0,0,0,0,0,0,0,0,0,0,0,0,0,0,0,0,0,0,0,0,0,0,0,0,0,0,0,0,0,0,0,0,0,0,0,0,0,0,0,0,0,0,0,0,0,0,0,0,0,0,0,0,0,0,0,0,0,0,0,0,0,0,0,0,0,0,0,0,0,0,0,0,0,0,0,0,0,0,0,0,0,0,0,0,0,0,0,0,0,pushup
0.5282130837440491,0.44541898369789124,-0.49451136589050293,0.9999521970748901,0.34585314989089966,0.43496406078338623,-0.4605894088745117,0.9999209046363831,0.5435033440589905,0.6325876712799072,-0.4440699517726898,0.9570859670639038,0.3425402045249939,0.6227142810821533,-0.412909597158432,0.9495270252227783,0.5459281802177429,0.8183545470237732,-0.5030027031898499,0.9766359925270081,0.33949780464172363,0.7985338568687439,-0.5236197710037231,0.9759635925292969,0,0,0,0,0,0,0,0,0,0,0,0,0,0,0,0,0,0,0,0,0,0,0,0,0,0,0,0,0,0,0,0,0,0,0,0,0,0,0,0,0,0,0,0,0,0,0,0,0,0,0,0,0,0,0,0,0,0,0,0,0,0,0,0,0,0,0,0,0,0,0,0,0,0,0,0,0,0,0,0,0,0,0,0,0,0,0,0,0,0,0,0,0,0,0,0,0,0,0,0,0,0,0,0,0,0,0,0,pushup
0.532837986946106,0.4963458180427551,-0.47817033529281616,0.9999569654464722,0.34698230028152466,0.4584675133228302,-0.440326988697052,0.9999287128448486,0.556238055229187,0.6394249200820923,-0.44695430994033813,0.9612823724746704,0.3410901427268982,0.6369297504425049,-0.40333548188209534,0.9538182020187378,0.5459704995155334,0.8191891312599182,-0.5591789484024048,0.9789648652076721,0.33904802799224854,0.8001921772956848,-0.5103342533111572,0.9783117771148682,0,0,0,0,0,0,0,0,0,0,0,0,0,0,0,0,0,0,0,0,0,0,0,0,0,0,0,0,0,0,0,0,0,0,0,0,0,0,0,0,0,0,0,0,0,0,0,0,0,0,0,0,0,0,0,0,0,0,0,0,0,0,0,0,0,0,0,0,0,0,0,0,0,0,0,0,0,0,0,0,0,0,0,0,0,0,0,0,0,0,0,0,0,0,0,0,0,0,0,0,0,0,0,0,0,0,0,0,pushup
0.5325515270233154,0.5642063617706299,-0.4340308606624603,0.9999611973762512,0.34685349464416504,0.5783908367156982,-0.4021979868412018,0.9999356269836426,0.56955885887146,0.6508110761642456,-0.3579863905906677,0.9640604257583618,0.3188302516937256,0.6617447137832642,-0.3194209337234497,0.953216016292572,0.5469080209732056,0.8185081481933594,-0.38789138197898865,0.9808555841445923,0.3388354480266571,0.8041273951530457,-0.3434060513973236,0.9797377586364746,0,0,0,0,0,0,0,0,0,0,0,0,0,0,0,0,0,0,0,0,0,0,0,0,0,0,0,0,0,0,0,0,0,0,0,0,0,0,0,0,0,0,0,0,0,0,0,0,0,0,0,0,0,0,0,0,0,0,0,0,0,0,0,0,0,0,0,0,0,0,0,0,0,0,0,0,0,0,0,0,0,0,0,0,0,0,0,0,0,0,0,0,0,0,0,0,0,0,0,0,0,0,0,0,0,0,0,0,pushup
0.536510705947876,0.6157919764518738,-0.424771249294281,0.9999642372131348,0.34683841466903687,0.6155911087989807,-0.4086318910121918,0.9999417662620544,0.5744230151176453,0.6665682792663574,-0.32755202054977417,0.9569466710090637,0.3052771985530853,0.659593939781189,-0.3046126067638397,0.9461914896965027,0.5467256903648376,0.8177833557128906,-0.32466748356819153,0.9759448170661926,0.3388262391090393,0.8057228326797485,-0.2973681092262268,0.9789927005767822,0,0,0,0,0,0,0,0,0,0,0,0,0,0,0,0,0,0,0,0,0,0,0,0,0,0,0,0,0,0,0,0,0,0,0,0,0,0,0,0,0,0,0,0,0,0,0,0,0,0,0,0,0,0,0,0,0,0,0,0,0,0,0,0,0,0,0,0,0,0,0,0,0,0,0,0,0,0,0,0,0,0,0,0,0,0,0,0,0,0,0,0,0,0,0,0,0,0,0,0,0,0,0,0,0,0,0,0,pushup
0.5361334085464478,0.5859148502349854,-0.43611979484558105,0.9999676942825317,0.34592896699905396,0.5926322340965271,-0.416384220123291,0.9999473690986633,0.5740386247634888,0.6624886393547058,-0.33767035603523254,0.9607461094856262,0.3069538176059723,0.6578104496002197,-0.3070167005062103,0.9497873783111572,0.5467503666877747,0.8169996738433838,-0.3647385537624359,0.9781799912452698,0.33882448077201843,0.8034026026725769,-0.3018656075000763,0.9807209372520447,0,0,0,0,0,0,0,0,0,0,0,0,0,0,0,0,0,0,0,0,0,0,0,0,0,0,0,0,0,0,0,0,0,0,0,0,0,0,0,0,0,0,0,0,0,0,0,0,0,0,0,0,0,0,0,0,0,0,0,0,0,0,0,0,0,0,0,0,0,0,0,0,0,0,0,0,0,0,0,0,0,0,0,0,0,0,0,0,0,0,0,0,0,0,0,0,0,0,0,0,0,0,0,0,0,0,0,0,pushup
0.5381947755813599,0.5367423892021179,-0.44257062673568726,0.9999707937240601,0.346222460269928,0.506563127040863,-0.41633638739585876,0.999952495098114,0.5715941190719604,0.661439061164856,-0.33765703439712524,0.962878942489624,0.317701131105423,0.6454700231552124,-0.31921741366386414,0.9507305026054382,0.5473586916923523,0.8170067667961121,-0.3624596893787384,0.9802212119102478,0.33820512890815735,0.7914937138557434,-0.3549056351184845,0.9823668599128723,0,0,0,0,0,0,0,0,0,0,0,0,0,0,0,0,0,0,0,0,0,0,0,0,0,0,0,0,0,0,0,0,0,0,0,0,0,0,0,0,0,0,0,0,0,0,0,0,0,0,0,0,0,0,0,0,0,0,0,0,0,0,0,0,0,0,0,0,0,0,0,0,0,0,0,0,0,0,0,0,0,0,0,0,0,0,0,0,0,0,0,0,0,0,0,0,0,0,0,0,0,0,0,0,0,0,0,0,pushup
0.5375239849090576,0.44604721665382385,-0.5026097297668457,0.9999735951423645,0.3488946259021759,0.42514723539352417,-0.4654606878757477,0.9999570250511169,0.5474369525909424,0.6382285356521606,-0.45840984582901,0.9663993716239929,0.3429516553878784,0.6163526177406311,-0.4319585859775543,0.9533050656318665,0.5468905568122864,0.816922664642334,-0.5194652676582336,0.9821826219558716,0.3388140797615051,0.7947865128517151,-0.5314298272132874,0.9839183688163757,0,0,0,0,0,0,0,0,0,0,0,0,0,0,0,0,0,0,0,0,0,0,0,0,0,0,0,0,0,0,0,0,0,0,0,0,0,0,0,0,0,0,0,0,0,0,0,0,0,0,0,0,0,0,0,0,0,0,0,0,0,0,0,0,0,0,0,0,0,0,0,0,0,0,0,0,0,0,0,0,0,0,0,0,0,0,0,0,0,0,0,0,0,0,0,0,0,0,0,0,0,0,0,0,0,0,0,0,pushup
0.5371471643447876,0.4617212414741516,-0.5073592066764832,0.9999760389328003,0.35105130076408386,0.4288121163845062,-0.4718933701515198,0.9999611377716064,0.547622561454773,0.6386545896530151,-0.46316099166870117,0.9694971442222595,0.344543993473053,0.6095758080482483,-0.4315078854560852,0.9571390748023987,0.5466364622116089,0.8168404698371887,-0.5297137498855591,0.9839402437210083,0.3389085531234741,0.7943413853645325,-0.5321024060249329,0.9854810833930969,0,0,0,0,0,0,0,0,0,0,0,0,0,0,0,0,0,0,0,0,0,0,0,0,0,0,0,0,0,0,0,0,0,0,0,0,0,0,0,0,0,0,0,0,0,0,0,0,0,0,0,0,0,0,0,0,0,0,0,0,0,0,0,0,0,0,0,0,0,0,0,0,0,0,0,0,0,0,0,0,0,0,0,0,0,0,0,0,0,0,0,0,0,0,0,0,0,0,0,0,0,0,0,0,0,0,0,0,pushup
0.5318624973297119,0.46799927949905396,-0.46021756529808044,0.9999783635139465,0.34874171018600464,0.4806767404079437,-0.4251437783241272,0.9999648332595825,0.5517758131027222,0.6366419196128845,-0.4305686354637146,0.9720895886421204,0.33397069573402405,0.6451560258865356,-0.4069821238517761,0.9604266881942749,0.5462514758110046,0.8170075416564941,-0.4957708716392517,0.9854862093925476,0.33859649300575256,0.8025276064872742,-0.512914776802063,0.9868714809417725,0,0,0,0,0,0,0,0,0,0,0,0,0,0,0,0,0,0,0,0,0,0,0,0,0,0,0,0,0,0,0,0,0,0,0,0,0,0,0,0,0,0,0,0,0,0,0,0,0,0,0,0,0,0,0,0,0,0,0,0,0,0,0,0,0,0,0,0,0,0,0,0,0,0,0,0,0,0,0,0,0,0,0,0,0,0,0,0,0,0,0,0,0,0,0,0,0,0,0,0,0,0,0,0,0,0,0,0,pushup
0.5321190357208252,0.5734484195709229,-0.4167751371860504,0.9999803900718689,0.3427604138851166,0.5776375532150269,-0.40162745118141174,0.9999679923057556,0.5654181838035583,0.6607540845870972,-0.32693129777908325,0.9734566807746887,0.31482645869255066,0.6633881330490112,-0.31078243255615234,0.959618866443634,0.5464056134223938,0.8170740008354187,-0.3503299951553345,0.9866033792495728,0.33880615234375,0.8059301376342773,-0.33023911714553833,0.9875385165214539,0,0,0,0,0,0,0,0,0,0,0,0,0,0,0,0,0,0,0,0,0,0,0,0,0,0,0,0,0,0,0,0,0,0,0,0,0,0,0,0,0,0,0,0,0,0,0,0,0,0,0,0,0,0,0,0,0,0,0,0,0,0,0,0,0,0,0,0,0,0,0,0,0,0,0,0,0,0,0,0,0,0,0,0,0,0,0,0,0,0,0,0,0,0,0,0,0,0,0,0,0,0,0,0,0,0,0,0,pushup
0.5327542424201965,0.615753710269928,-0.3939656615257263,0.9999821782112122,0.3415529429912567,0.6139058470726013,-0.3877805471420288,0.9999708533287048,0.5746486783027649,0.6730466485023499,-0.3459755480289459,0.9743763208389282,0.30307748913764954,0.664179265499115,-0.29417064785957336,0.9591091871261597,0.5463498830795288,0.8208467364311218,-0.4046308398246765,0.9874271750450134,0.3386874198913574,0.8093042373657227,-0.29904383420944214,0.9878661036491394,0,0,0,0,0,0,0,0,0,0,0,0,0,0,0,0,0,0,0,0,0,0,0,0,0,0,0,0,0,0,0,0,0,0,0,0,0,0,0,0,0,0,0,0,0,0,0,0,0,0,0,0,0,0,0,0,0,0,0,0,0,0,0,0,0,0,0,0,0,0,0,0,0,0,0,0,0,0,0,0,0,0,0,0,0,0,0,0,0,0,0,0,0,0,0,0,0,0,0,0,0,0,0,0,0,0,0,0,pushup
0.5327865481376648,0.5809959173202515,-0.39463287591934204,0.9999839067459106,0.3428241014480591,0.5775028467178345,-0.3780485987663269,0.9999736547470093,0.5755019783973694,0.6720560789108276,-0.36286717653274536,0.9768520593643188,0.3047983646392822,0.6649187803268433,-0.31391528248786926,0.9627668857574463,0.5463864803314209,0.8207947015762329,-0.4771946966648102,0.9886753559112549,0.33883094787597656,0.8096590638160706,-0.36273542046546936,0.9890370965003967,0,0,0,0,0,0,0,0,0,0,0,0,0,0,0,0,0,0,0,0,0,0,0,0,0,0,0,0,0,0,0,0,0,0,0,0,0,0,0,0,0,0,0,0,0,0,0,0,0,0,0,0,0,0,0,0,0,0,0,0,0,0,0,0,0,0,0,0,0,0,0,0,0,0,0,0,0,0,0,0,0,0,0,0,0,0,0,0,0,0,0,0,0,0,0,0,0,0,0,0,0,0,0,0,0,0,0,0,pushup
0.5339044332504272,0.5007291436195374,-0.41505780816078186,0.9999854564666748,0.34521374106407166,0.46841371059417725,-0.3942715525627136,0.9999761581420898,0.5688208341598511,0.6610695719718933,-0.3940582871437073,0.9788599610328674,0.31858882308006287,0.6347081065177917,-0.3829472064971924,0.9656102657318115,0.5466076135635376,0.819820761680603,-0.47055235505104065,0.9897720217704773,0.3387809693813324,0.800714373588562,-0.47438740730285645,0.9900749921798706,0,0,0,0,0,0,0,0,0,0,0,0,0,0,0,0,0,0,0,0,0,0,0,0,0,0,0,0,0,0,0,0,0,0,0,0,0,0,0,0,0,0,0,0,0,0,0,0,0,0,0,0,0,0,0,0,0,0,0,0,0,0,0,0,0,0,0,0,0,0,0,0,0,0,0,0,0,0,0,0,0,0,0,0,0,0,0,0,0,0,0,0,0,0,0,0,0,0,0,0,0,0,0,0,0,0,0,0,pushup
0.533993124961853,0.4315469563007355,-0.41726571321487427,0.9999868273735046,0.35045188665390015,0.4212115406990051,-0.39297062158584595,0.9999783039093018,0.5502082705497742,0.6210715770721436,-0.39389804005622864,0.9796766042709351,0.3457852602005005,0.6149668097496033,-0.37508779764175415,0.9640566110610962,0.5464082360267639,0.8178671002388,-0.42225509881973267,0.9907122254371643,0.3402198255062103,0.8005341291427612,-0.46961188316345215,0.9908716082572937,0,0,0,0,0,0,0,0,0,0,0,0,0,0,0,0,0,0,0,0,0,0,0,0,0,0,0,0,0,0,0,0,0,0,0,0,0,0,0,0,0,0,0,0,0,0,0,0,0,0,0,0,0,0,0,0,0,0,0,0,0,0,0,0,0,0,0,0,0,0,0,0,0,0,0,0,0,0,0,0,0,0,0,0,0,0,0,0,0,0,0,0,0,0,0,0,0,0,0,0,0,0,0,0,0,0,0,0,pushup
0.5355028510093689,0.4524155855178833,-0.4564911723136902,0.9999881386756897,0.35018062591552734,0.4446335732936859,-0.4343249797821045,0.9999803900718689,0.5521811246871948,0.6269144415855408,-0.5422708988189697,0.9816440343856812,0.34083718061447144,0.6200956702232361,-0.5487853288650513,0.9672159552574158,0.5465805530548096,0.8161922693252563,-0.6934837102890015,0.9916330575942993,0.3398641049861908,0.7985958456993103,-0.7443826198577881,0.9917460083961487,0,0,0,0,0,0,0,0,0,0,0,0,0,0,0,0,0,0,0,0,0,0,0,0,0,0,0,0,0,0,0,0,0,0,0,0,0,0,0,0,0,0,0,0,0,0,0,0,0,0,0,0,0,0,0,0,0,0,0,0,0,0,0,0,0,0,0,0,0,0,0,0,0,0,0,0,0,0,0,0,0,0,0,0,0,0,0,0,0,0,0,0,0,0,0,0,0,0,0,0,0,0,0,0,0,0,0,0,pushup
0.5348158478736877,0.5044398903846741,-0.4121391177177429,0.9999890923500061,0.3500339388847351,0.5106710195541382,-0.39563989639282227,0.9999818801879883,0.5556870698928833,0.6351615190505981,-0.44989514350891113,0.9818131327629089,0.3246667981147766,0.6509332656860352,-0.46074166893959045,0.9655627012252808,0.5472268462181091,0.8162331581115723,-0.6236289143562317,0.9920616745948792,0.33896440267562866,0.8062798976898193,-0.6725714802742004,0.9919540286064148,0,0,0,0,0,0,0,0,0,0,0,0,0,0,0,0,0,0,0,0,0,0,0,0,0,0,0,0,0,0,0,0,0,0,0,0,0,0,0,0,0,0,0,0,0,0,0,0,0,0,0,0,0,0,0,0,0,0,0,0,0,0,0,0,0,0,0,0,0,0,0,0,0,0,0,0,0,0,0,0,0,0,0,0,0,0,0,0,0,0,0,0,0,0,0,0,0,0,0,0,0,0,0,0,0,0,0,0,pushup
0.5356457233428955,0.6001322269439697,-0.39078041911125183,0.9999893307685852,0.34674766659736633,0.5910934209823608,-0.3827117681503296,0.9999822378158569,0.5678883790969849,0.6667251586914062,-0.30379199981689453,0.9810153245925903,0.3102419376373291,0.6623470783233643,-0.29456743597984314,0.9576864838600159,0.5497579574584961,0.8162367939949036,-0.31392160058021545,0.9922513961791992,0.3389653265476227,0.8097195029258728,-0.3022136986255646,0.991019070148468,0,0,0,0,0,0,0,0,0,0,0,0,0,0,0,0,0,0,0,0,0,0,0,0,0,0,0,0,0,0,0,0,0,0,0,0,0,0,0,0,0,0,0,0,0,0,0,0,0,0,0,0,0,0,0,0,0,0,0,0,0,0,0,0,0,0,0,0,0,0,0,0,0,0,0,0,0,0,0,0,0,0,0,0,0,0,0,0,0,0,0,0,0,0,0,0,0,0,0,0,0,0,0,0,0,0,0,0,pushup
0.5352479219436646,0.5973694920539856,-0.38206377625465393,0.9999901056289673,0.3420178294181824,0.6021333336830139,-0.3739003539085388,0.9999833703041077,0.5735960006713867,0.6811984777450562,-0.3557853102684021,0.9800990223884583,0.3023828864097595,0.6725574731826782,-0.32546868920326233,0.9551573991775513,0.5511103272438049,0.8162522912025452,-0.4065348207950592,0.9923295974731445,0.338426798582077,0.8134854435920715,-0.37685054540634155,0.9906379580497742,0,0,0,0,0,0,0,0,0,0,0,0,0,0,0,0,0,0,0,0,0,0,0,0,0,0,0,0,0,0,0,0,0,0,0,0,0,0,0,0,0,0,0,0,0,0,0,0,0,0,0,0,0,0,0,0,0,0,0,0,0,0,0,0,0,0,0,0,0,0,0,0,0,0,0,0,0,0,0,0,0,0,0,0,0,0,0,0,0,0,0,0,0,0,0,0,0,0,0,0,0,0,0,0,0,0,0,0,pushup
0.5321620106697083,0.5481302738189697,-0.3957918882369995,0.9999909400939941,0.34404492378234863,0.5462758541107178,-0.38260936737060547,0.9999846816062927,0.5707624554634094,0.6803909540176392,-0.35295987129211426,0.9812993407249451,0.3068070113658905,0.6672728657722473,-0.3396751284599304,0.9582071900367737,0.5505704283714294,0.816003680229187,-0.41869908571243286,0.9930111765861511,0.3387460708618164,0.8127301335334778,-0.4074192941188812,0.9914601445198059,0,0,0,0,0,0,0,0,0,0,0,0,0,0,0,0,0,0,0,0,0,0,0,0,0,0,0,0,0,0,0,0,0,0,0,0,0,0,0,0,0,0,0,0,0,0,0,0,0,0,0,0,0,0,0,0,0,0,0,0,0,0,0,0,0,0,0,0,0,0,0,0,0,0,0,0,0,0,0,0,0,0,0,0,0,0,0,0,0,0,0,0,0,0,0,0,0,0,0,0,0,0,0,0,0,0,0,0,pushup
0.5323578119277954,0.4672238230705261,-0.43888550996780396,0.9999917149543762,0.3473861515522003,0.4285338222980499,-0.4049387574195862,0.999985933303833,0.5513847470283508,0.637226939201355,-0.394234299659729,0.9824030995368958,0.3299770653247833,0.6096746325492859,-0.3922300338745117,0.9588607549667358,0.5501722097396851,0.8160509467124939,-0.4351152777671814,0.9936065673828125,0.3387657701969147,0.7967135906219482,-0.49752479791641235,0.9920436143875122,0,0,0,0,0,0,0,0,0,0,0,0,0,0,0,0,0,0,0,0,0,0,0,0,0,0,0,0,0,0,0,0,0,0,0,0,0,0,0,0,0,0,0,0,0,0,0,0,0,0,0,0,0,0,0,0,0,0,0,0,0,0,0,0,0,0,0,0,0,0,0,0,0,0,0,0,0,0,0,0,0,0,0,0,0,0,0,0,0,0,0,0,0,0,0,0,0,0,0,0,0,0,0,0,0,0,0,0,pushup
0.5323233008384705,0.43841415643692017,-0.4883657991886139,0.9999922513961792,0.3485746383666992,0.4177594780921936,-0.4536561965942383,0.9999867081642151,0.5446857213973999,0.6287569403648376,-0.45242929458618164,0.9834858775138855,0.3391137719154358,0.6067724823951721,-0.4389151930809021,0.9612532258033752,0.5497876405715942,0.815671980381012,-0.502922534942627,0.9941478371620178,0.3387688994407654,0.7945273518562317,-0.5301157832145691,0.9926982522010803,0,0,0,0,0,0,0,0,0,0,0,0,0,0,0,0,0,0,0,0,0,0,0,0,0,0,0,0,0,0,0,0,0,0,0,0,0,0,0,0,0,0,0,0,0,0,0,0,0,0,0,0,0,0,0,0,0,0,0,0,0,0,0,0,0,0,0,0,0,0,0,0,0,0,0,0,0,0,0,0,0,0,0,0,0,0,0,0,0,0,0,0,0,0,0,0,0,0,0,0,0,0,0,0,0,0,0,0,pushup
0.5323609113693237,0.46647214889526367,-0.4627118706703186,0.9999930262565613,0.34649235010147095,0.4482767879962921,-0.43481358885765076,0.9999879002571106,0.5489802956581116,0.6325864195823669,-0.5122916102409363,0.9850994944572449,0.33636343479156494,0.6423289179801941,-0.5327064394950867,0.9648346304893494,0.5499312281608582,0.8156694769859314,-0.6609125733375549,0.9947298765182495,0.3391064703464508,0.7961528301239014,-0.7481650114059448,0.9934108853340149,0,0,0,0,0,0,0,0,0,0,0,0,0,0,0,0,0,0,0,0,0,0,0,0,0,0,0,0,0,0,0,0,0,0,0,0,0,0,0,0,0,0,0,0,0,0,0,0,0,0,0,0,0,0,0,0,0,0,0,0,0,0,0,0,0,0,0,0,0,0,0,0,0,0,0,0,0,0,0,0,0,0,0,0,0,0,0,0,0,0,0,0,0,0,0,0,0,0,0,0,0,0,0,0,0,0,0,0,pushup
0.5325168967247009,0.5694279074668884,-0.41401568055152893,0.9999935030937195,0.3446584939956665,0.5560528039932251,-0.3945564329624176,0.999988853931427,0.5676442384719849,0.6559895277023315,-0.30714911222457886,0.9828245639801025,0.31623807549476624,0.6564024090766907,-0.3073262572288513,0.9589877128601074,0.5502095222473145,0.815020740032196,-0.2950739562511444,0.9946619272232056,0.3389899730682373,0.7963180541992188,-0.33567875623703003,0.9935075640678406,0,0,0,0,0,0,0,0,0,0,0,0,0,0,0,0,0,0,0,0,0,0,0,0,0,0,0,0,0,0,0,0,0,0,0,0,0,0,0,0,0,0,0,0,0,0,0,0,0,0,0,0,0,0,0,0,0,0,0,0,0,0,0,0,0,0,0,0,0,0,0,0,0,0,0,0,0,0,0,0,0,0,0,0,0,0,0,0,0,0,0,0,0,0,0,0,0,0,0,0,0,0,0,0,0,0,0,0,pushup
0.5355353355407715,0.6265526413917542,-0.38723617792129517,0.9999931454658508,0.3427313566207886,0.6067525148391724,-0.38355910778045654,0.9999892711639404,0.5726646184921265,0.687738835811615,-0.327691912651062,0.9757624268531799,0.29995298385620117,0.6637817621231079,-0.3030262291431427,0.9512163996696472,0.5500518083572388,0.8167465329170227,-0.3677717447280884,0.9919490218162537,0.3393132984638214,0.8113698363304138,-0.3215821385383606,0.991407036781311,0,0,0,0,0,0,0,0,0,0,0,0,0,0,0,0,0,0,0,0,0,0,0,0,0,0,0,0,0,0,0,0,0,0,0,0,0,0,0,0,0,0,0,0,0,0,0,0,0,0,0,0,0,0,0,0,0,0,0,0,0,0,0,0,0,0,0,0,0,0,0,0,0,0,0,0,0,0,0,0,0,0,0,0,0,0,0,0,0,0,0,0,0,0,0,0,0,0,0,0,0,0,0,0,0,0,0,0,pushup
0.5364826917648315,0.611887514591217,-0.38150420784950256,0.9999934434890747,0.33854421973228455,0.6153860092163086,-0.3664076030254364,0.99998939037323,0.5760449171066284,0.685571551322937,-0.30862563848495483,0.9631165862083435,0.2989271283149719,0.6656253337860107,-0.27027612924575806,0.9132978916168213,0.5497353672981262,0.8167381286621094,-0.33416488766670227,0.9872806072235107,0.33981412649154663,0.8107240200042725,-0.26253271102905273,0.9766493439674377,0,0,0,0,0,0,0,0,0,0,0,0,0,0,0,0,0,0,0,0,0,0,0,0,0,0,0,0,0,0,0,0,0,0,0,0,0,0,0,0,0,0,0,0,0,0,0,0,0,0,0,0,0,0,0,0,0,0,0,0,0,0,0,0,0,0,0,0,0,0,0,0,0,0,0,0,0,0,0,0,0,0,0,0,0,0,0,0,0,0,0,0,0,0,0,0,0,0,0,0,0,0,0,0,0,0,0,0,pushup
0.5267927050590515,0.5129467844963074,-0.4065602421760559,0.9999939799308777,0.3388945460319519,0.5285634398460388,-0.3734625279903412,0.9999900460243225,0.5649670362472534,0.6714333295822144,-0.3648384213447571,0.9658556580543518,0.30026230216026306,0.6641286015510559,-0.33288031816482544,0.9170766472816467,0.5488138198852539,0.8170023560523987,-0.43714967370033264,0.988405168056488,0.339196115732193,0.8014673590660095,-0.4264031946659088,0.9785228967666626,0,0,0,0,0,0,0,0,0,0,0,0,0,0,0,0,0,0,0,0,0,0,0,0,0,0,0,0,0,0,0,0,0,0,0,0,0,0,0,0,0,0,0,0,0,0,0,0,0,0,0,0,0,0,0,0,0,0,0,0,0,0,0,0,0,0,0,0,0,0,0,0,0,0,0,0,0,0,0,0,0,0,0,0,0,0,0,0,0,0,0,0,0,0,0,0,0,0,0,0,0,0,0,0,0,0,0,0,pushup
0.5245332717895508,0.4399123191833496,-0.5125974416732788,0.9999942779541016,0.3392135500907898,0.42540061473846436,-0.466500848531723,0.9999896287918091,0.5326937437057495,0.6309210658073425,-0.45186224579811096,0.9688464999198914,0.33610889315605164,0.6133911609649658,-0.43109098076820374,0.9191557168960571,0.5468453168869019,0.8168647885322571,-0.513286292552948,0.9895166754722595,0.3392384350299835,0.8014945387840271,-0.539802074432373,0.9792222380638123,0,0,0,0,0,0,0,0,0,0,0,0,0,0,0,0,0,0,0,0,0,0,0,0,0,0,0,0,0,0,0,0,0,0,0,0,0,0,0,0,0,0,0,0,0,0,0,0,0,0,0,0,0,0,0,0,0,0,0,0,0,0,0,0,0,0,0,0,0,0,0,0,0,0,0,0,0,0,0,0,0,0,0,0,0,0,0,0,0,0,0,0,0,0,0,0,0,0,0,0,0,0,0,0,0,0,0,0,pushup
0.5248221755027771,0.43150824308395386,-0.5025760531425476,0.9999945163726807,0.3393305838108063,0.42270538210868835,-0.4547479748725891,0.9999902248382568,0.5353859066963196,0.6213432550430298,-0.46728453040122986,0.9717555046081543,0.3373714089393616,0.6146734356880188,-0.4246414601802826,0.9257989525794983,0.5467042326927185,0.8169033527374268,-0.5555092096328735,0.9905461668968201,0.33916205167770386,0.8000925779342651,-0.5438845753669739,0.981185257434845,0,0,0,0,0,0,0,0,0,0,0,0,0,0,0,0,0,0,0,0,0,0,0,0,0,0,0,0,0,0,0,0,0,0,0,0,0,0,0,0,0,0,0,0,0,0,0,0,0,0,0,0,0,0,0,0,0,0,0,0,0,0,0,0,0,0,0,0,0,0,0,0,0,0,0,0,0,0,0,0,0,0,0,0,0,0,0,0,0,0,0,0,0,0,0,0,0,0,0,0,0,0,0,0,0,0,0,0,pushup
0.5254160165786743,0.46403831243515015,-0.4771842956542969,0.9999944567680359,0.340204656124115,0.44446492195129395,-0.4384247660636902,0.9999908208847046,0.5464251041412354,0.628125786781311,-0.4359976351261139,0.9741503596305847,0.3370204567909241,0.6270371079444885,-0.4028659760951996,0.9320613145828247,0.5475097298622131,0.8163418173789978,-0.5250102281570435,0.9914581775665283,0.3394077718257904,0.7996501326560974,-0.5137308835983276,0.9830223321914673,0,0,0,0,0,0,0,0,0,0,0,0,0,0,0,0,0,0,0,0,0,0,0,0,0,0,0,0,0,0,0,0,0,0,0,0,0,0,0,0,0,0,0,0,0,0,0,0,0,0,0,0,0,0,0,0,0,0,0,0,0,0,0,0,0,0,0,0,0,0,0,0,0,0,0,0,0,0,0,0,0,0,0,0,0,0,0,0,0,0,0,0,0,0,0,0,0,0,0,0,0,0,0,0,0,0,0,0,pushup
0.5257712602615356,0.5430278182029724,-0.4621454179286957,0.9999937415122986,0.34034255146980286,0.5418428778648376,-0.43300896883010864,0.9999909400939941,0.5615379214286804,0.6546207666397095,-0.4035685062408447,0.9735164642333984,0.31669044494628906,0.6610659956932068,-0.3952232897281647,0.9333387613296509,0.5490754842758179,0.8165180683135986,-0.5011652708053589,0.9918177127838135,0.3400809168815613,0.8054986596107483,-0.49712473154067993,0.9841468334197998,0,0,0,0,0,0,0,0,0,0,0,0,0,0,0,0,0,0,0,0,0,0,0,0,0,0,0,0,0,0,0,0,0,0,0,0,0,0,0,0,0,0,0,0,0,0,0,0,0,0,0,0,0,0,0,0,0,0,0,0,0,0,0,0,0,0,0,0,0,0,0,0,0,0,0,0,0,0,0,0,0,0,0,0,0,0,0,0,0,0,0,0,0,0,0,0,0,0,0,0,0,0,0,0,0,0,0,0,pushup
0.5257860422134399,0.566355288028717,-0.4645555019378662,0.9999935030937195,0.3394884467124939,0.592976450920105,-0.4423096179962158,0.9999902844429016,0.5698350667953491,0.6644774675369263,-0.4082399308681488,0.9748214483261108,0.3080229163169861,0.6790363192558289,-0.39402857422828674,0.9361110329627991,0.5501598119735718,0.816347062587738,-0.5205016136169434,0.9924947023391724,0.3400915265083313,0.8061050176620483,-0.4900383949279785,0.985315203666687,0,0,0,0,0,0,0,0,0,0,0,0,0,0,0,0,0,0,0,0,0,0,0,0,0,0,0,0,0,0,0,0,0,0,0,0,0,0,0,0,0,0,0,0,0,0,0,0,0,0,0,0,0,0,0,0,0,0,0,0,0,0,0,0,0,0,0,0,0,0,0,0,0,0,0,0,0,0,0,0,0,0,0,0,0,0,0,0,0,0,0,0,0,0,0,0,0,0,0,0,0,0,0,0,0,0,0,0,pushup
0.5253464579582214,0.5635716915130615,-0.48041749000549316,0.999993622303009,0.33931976556777954,0.5626720190048218,-0.444810688495636,0.9999898076057434,0.5681747198104858,0.6670057773590088,-0.43838968873023987,0.9768000841140747,0.30533522367477417,0.673946738243103,-0.4023928642272949,0.938748836517334,0.5499394536018372,0.8165844678878784,-0.5516054034233093,0.9931640028953552,0.34023401141166687,0.8067910671234131,-0.5097841620445251,0.9862085580825806,0,0,0,0,0,0,0,0,0,0,0,0,0,0,0,0,0,0,0,0,0,0,0,0,0,0,0,0,0,0,0,0,0,0,0,0,0,0,0,0,0,0,0,0,0,0,0,0,0,0,0,0,0,0,0,0,0,0,0,0,0,0,0,0,0,0,0,0,0,0,0,0,0,0,0,0,0,0,0,0,0,0,0,0,0,0,0,0,0,0,0,0,0,0,0,0,0,0,0,0,0,0,0,0,0,0,0,0,pushup
0.5254585146903992,0.4589866101741791,-0.48439425230026245,0.9999938607215881,0.3460170030593872,0.4503718614578247,-0.4400535523891449,0.9999903440475464,0.5563018321990967,0.6483592391014099,-0.45091384649276733,0.9788908362388611,0.32592326402664185,0.6381590962409973,-0.41138309240341187,0.943500280380249,0.5494183301925659,0.817348837852478,-0.5382919311523438,0.9938234686851501,0.34003746509552,0.8025147318840027,-0.5379379987716675,0.9874268174171448,0,0,0,0,0,0,0,0,0,0,0,0,0,0,0,0,0,0,0,0,0,0,0,0,0,0,0,0,0,0,0,0,0,0,0,0,0,0,0,0,0,0,0,0,0,0,0,0,0,0,0,0,0,0,0,0,0,0,0,0,0,0,0,0,0,0,0,0,0,0,0,0,0,0,0,0,0,0,0,0,0,0,0,0,0,0,0,0,0,0,0,0,0,0,0,0,0,0,0,0,0,0,0,0,0,0,0,0,pushup
0.52549809217453,0.4218277037143707,-0.49201059341430664,0.9999942183494568,0.3491818904876709,0.43182551860809326,-0.43967872858047485,0.9999904632568359,0.5387206077575684,0.6246275305747986,-0.4666314721107483,0.9806164503097534,0.34485509991645813,0.6222923994064331,-0.42693033814430237,0.9445297718048096,0.5476824045181274,0.8173619508743286,-0.5438524484634399,0.9944130182266235,0.3401290774345398,0.8013758063316345,-0.5452022552490234,0.9882601499557495,0,0,0,0,0,0,0,0,0,0,0,0,0,0,0,0,0,0,0,0,0,0,0,0,0,0,0,0,0,0,0,0,0,0,0,0,0,0,0,0,0,0,0,0,0,0,0,0,0,0,0,0,0,0,0,0,0,0,0,0,0,0,0,0,0,0,0,0,0,0,0,0,0,0,0,0,0,0,0,0,0,0,0,0,0,0,0,0,0,0,0,0,0,0,0,0,0,0,0,0,0,0,0,0,0,0,0,0,pushup
0.5279008150100708,0.4365116059780121,-0.4928722381591797,0.9999945759773254,0.3517717123031616,0.4308711290359497,-0.4386061131954193,0.9999911785125732,0.5433202385902405,0.6259890198707581,-0.49108847975730896,0.9823403358459473,0.34107476472854614,0.6179220080375671,-0.42760831117630005,0.9492009878158569,0.5481231808662415,0.8173768520355225,-0.5959593057632446,0.9949536323547363,0.3398932218551636,0.7977889180183411,-0.558890700340271,0.9893593192100525,0,0,0,0,0,0,0,0,0,0,0,0,0,0,0,0,0,0,0,0,0,0,0,0,0,0,0,0,0,0,0,0,0,0,0,0,0,0,0,0,0,0,0,0,0,0,0,0,0,0,0,0,0,0,0,0,0,0,0,0,0,0,0,0,0,0,0,0,0,0,0,0,0,0,0,0,0,0,0,0,0,0,0,0,0,0,0,0,0,0,0,0,0,0,0,0,0,0,0,0,0,0,0,0,0,0,0,0,pushup
0.5279157757759094,0.48117831349372864,-0.4879527986049652,0.999994695186615,0.351497620344162,0.47486549615859985,-0.4383711814880371,0.9999917149543762,0.5551506280899048,0.6265345215797424,-0.45321208238601685,0.9838314652442932,0.3213493525981903,0.6242209076881409,-0.41372448205947876,0.9531065225601196,0.5487576723098755,0.8177125453948975,-0.5726441740989685,0.995438814163208,0.33963915705680847,0.7979079484939575,-0.5458844900131226,0.9903623461723328,0,0,0,0,0,0,0,0,0,0,0,0,0,0,0,0,0,0,0,0,0,0,0,0,0,0,0,0,0,0,0,0,0,0,0,0,0,0,0,0,0,0,0,0,0,0,0,0,0,0,0,0,0,0,0,0,0,0,0,0,0,0,0,0,0,0,0,0,0,0,0,0,0,0,0,0,0,0,0,0,0,0,0,0,0,0,0,0,0,0,0,0,0,0,0,0,0,0,0,0,0,0,0,0,0,0,0,0,pushup
0.527936577796936,0.5816600322723389,-0.44523391127586365,0.9999939799308777,0.33944493532180786,0.6224989295005798,-0.4237672686576843,0.9999918937683105,0.5645501613616943,0.6605939865112305,-0.353554368019104,0.9618059992790222,0.29943427443504333,0.677135169506073,-0.35307595133781433,0.9460742473602295,0.5486165285110474,0.8233869671821594,-0.4296255111694336,0.9917394518852234,0.3391212821006775,0.8082208633422852,-0.4328196048736572,0.9902853965759277,0,0,0,0,0,0,0,0,0,0,0,0,0,0,0,0,0,0,0,0,0,0,0,0,0,0,0,0,0,0,0,0,0,0,0,0,0,0,0,0,0,0,0,0,0,0,0,0,0,0,0,0,0,0,0,0,0,0,0,0,0,0,0,0,0,0,0,0,0,0,0,0,0,0,0,0,0,0,0,0,0,0,0,0,0,0,0,0,0,0,0,0,0,0,0,0,0,0,0,0,0,0,0,0,0,0,0,0,pushup
0.5297226309776306,0.6052690148353577,-0.45010048151016235,0.9999939203262329,0.33886033296585083,0.6313662528991699,-0.4242141842842102,0.9999922513961792,0.5741182565689087,0.6745608448982239,-0.3881828784942627,0.9559934735298157,0.2958514094352722,0.6761448979377747,-0.3619358241558075,0.9419066309928894,0.5486869812011719,0.8247172236442566,-0.46044033765792847,0.9914809465408325,0.3385635018348694,0.8094733357429504,-0.44361764192581177,0.9901938438415527,0,0,0,0,0,0,0,0,0,0,0,0,0,0,0,0,0,0,0,0,0,0,0,0,0,0,0,0,0,0,0,0,0,0,0,0,0,0,0,0,0,0,0,0,0,0,0,0,0,0,0,0,0,0,0,0,0,0,0,0,0,0,0,0,0,0,0,0,0,0,0,0,0,0,0,0,0,0,0,0,0,0,0,0,0,0,0,0,0,0,0,0,0,0,0,0,0,0,0,0,0,0,0,0,0,0,0,0,pushup
0.5302333235740662,0.5708991885185242,-0.4845968782901764,0.9999939203262329,0.3402988612651825,0.5853695869445801,-0.4627354145050049,0.9999924898147583,0.5712190866470337,0.6699784398078918,-0.40802067518234253,0.9592234492301941,0.30040520429611206,0.672527551651001,-0.4062930941581726,0.9444795846939087,0.5485535860061646,0.8243023157119751,-0.4658253788948059,0.9921868443489075,0.3385973572731018,0.8093426823616028,-0.49577632546424866,0.9907781481742859,0,0,0,0,0,0,0,0,0,0,0,0,0,0,0,0,0,0,0,0,0,0,0,0,0,0,0,0,0,0,0,0,0,0,0,0,0,0,0,0,0,0,0,0,0,0,0,0,0,0,0,0,0,0,0,0,0,0,0,0,0,0,0,0,0,0,0,0,0,0,0,0,0,0,0,0,0,0,0,0,0,0,0,0,0,0,0,0,0,0,0,0,0,0,0,0,0,0,0,0,0,0,0,0,0,0,0,0,pushup
0.532299280166626,0.4622569978237152,-0.4899260401725769,0.9999940991401672,0.34881722927093506,0.44466087222099304,-0.458294153213501,0.999992847442627,0.5601496696472168,0.6419129967689514,-0.4773379862308502,0.962958037853241,0.32989996671676636,0.6114215850830078,-0.421916663646698,0.9487512111663818,0.548565685749054,0.8215891718864441,-0.5723841190338135,0.992935836315155,0.3384344279766083,0.7941182255744934,-0.5426276922225952,0.9915801882743835,0,0,0,0,0,0,0,0,0,0,0,0,0,0,0,0,0,0,0,0,0,0,0,0,0,0,0,0,0,0,0,0,0,0,0,0,0,0,0,0,0,0,0,0,0,0,0,0,0,0,0,0,0,0,0,0,0,0,0,0,0,0,0,0,0,0,0,0,0,0,0,0,0,0,0,0,0,0,0,0,0,0,0,0,0,0,0,0,0,0,0,0,0,0,0,0,0,0,0,0,0,0,0,0,0,0,0,0,pushup
0.5332172513008118,0.42729637026786804,-0.4874953627586365,0.9999940991401672,0.35343289375305176,0.4276707172393799,-0.446291983127594,0.9999927878379822,0.5480062961578369,0.6258949041366577,-0.47006168961524963,0.9661456942558289,0.34312859177589417,0.6099845170974731,-0.426359087228775,0.9514719843864441,0.5485255718231201,0.8206634521484375,-0.5541621446609497,0.993591845035553,0.3386814594268799,0.7939338684082031,-0.5476527214050293,0.9921714067459106,0,0,0,0,0,0,0,0,0,0,0,0,0,0,0,0,0,0,0,0,0,0,0,0,0,0,0,0,0,0,0,0,0,0,0,0,0,0,0,0,0,0,0,0,0,0,0,0,0,0,0,0,0,0,0,0,0,0,0,0,0,0,0,0,0,0,0,0,0,0,0,0,0,0,0,0,0,0,0,0,0,0,0,0,0,0,0,0,0,0,0,0,0,0,0,0,0,0,0,0,0,0,0,0,0,0,0,0,pushup
0.5357451438903809,0.4544265866279602,-0.47407904267311096,0.9999942183494568,0.3541039824485779,0.4559544324874878,-0.425027996301651,0.9999929666519165,0.5543514490127563,0.6289588809013367,-0.4572520852088928,0.9692487716674805,0.3364129960536957,0.6179293394088745,-0.4085896909236908,0.9547576308250427,0.5489004850387573,0.8205034732818604,-0.5551217794418335,0.9941996932029724,0.3384741544723511,0.7941009402275085,-0.5358681082725525,0.9927435517311096,0,0,0,0,0,0,0,0,0,0,0,0,0,0,0,0,0,0,0,0,0,0,0,0,0,0,0,0,0,0,0,0,0,0,0,0,0,0,0,0,0,0,0,0,0,0,0,0,0,0,0,0,0,0,0,0,0,0,0,0,0,0,0,0,0,0,0,0,0,0,0,0,0,0,0,0,0,0,0,0,0,0,0,0,0,0,0,0,0,0,0,0,0,0,0,0,0,0,0,0,0,0,0,0,0,0,0,0,pushup
0.5350605249404907,0.5393046736717224,-0.47697868943214417,0.999993622303009,0.35090047121047974,0.5534942746162415,-0.46058982610702515,0.999992311000824,0.5682182908058167,0.6424704194068909,-0.38418638706207275,0.9678702354431152,0.3122405409812927,0.6487257480621338,-0.39514651894569397,0.9521421790122986,0.5493184328079224,0.8215293884277344,-0.44497138261795044,0.9942404627799988,0.3385131061077118,0.798401951789856,-0.46497541666030884,0.9924972057342529,0,0,0,0,0,0,0,0,0,0,0,0,0,0,0,0,0,0,0,0,0,0,0,0,0,0,0,0,0,0,0,0,0,0,0,0,0,0,0,0,0,0,0,0,0,0,0,0,0,0,0,0,0,0,0,0,0,0,0,0,0,0,0,0,0,0,0,0,0,0,0,0,0,0,0,0,0,0,0,0,0,0,0,0,0,0,0,0,0,0,0,0,0,0,0,0,0,0,0,0,0,0,0,0,0,0,0,0,pushup
0.5350154638290405,0.6016538143157959,-0.4470372200012207,0.9999919533729553,0.345024436712265,0.6243212223052979,-0.43369260430336,0.9999915957450867,0.5789697170257568,0.6677830815315247,-0.36634641885757446,0.9543511867523193,0.30160585045814514,0.6672443747520447,-0.3598373234272003,0.9414989948272705,0.5493172407150269,0.8216895461082458,-0.4541797637939453,0.9924159646034241,0.3385162651538849,0.8084198832511902,-0.44031834602355957,0.9916618466377258,0,0,0,0,0,0,0,0,0,0,0,0,0,0,0,0,0,0,0,0,0,0,0,0,0,0,0,0,0,0,0,0,0,0,0,0,0,0,0,0,0,0,0,0,0,0,0,0,0,0,0,0,0,0,0,0,0,0,0,0,0,0,0,0,0,0,0,0,0,0,0,0,0,0,0,0,0,0,0,0,0,0,0,0,0,0,0,0,0,0,0,0,0,0,0,0,0,0,0,0,0,0,0,0,0,0,0,0,pushup
0.5317647457122803,0.5749379396438599,-0.4496243894100189,0.999991238117218,0.33877378702163696,0.6012400984764099,-0.43364256620407104,0.9999904036521912,0.57574462890625,0.6705968379974365,-0.3788362145423889,0.9551726579666138,0.2973244786262512,0.6777953505516052,-0.37064486742019653,0.9400855302810669,0.5492936372756958,0.8219273090362549,-0.4701307415962219,0.992617666721344,0.338350385427475,0.8138891458511353,-0.45670947432518005,0.9911973476409912,0,0,0,0,0,0,0,0,0,0,0,0,0,0,0,0,0,0,0,0,0,0,0,0,0,0,0,0,0,0,0,0,0,0,0,0,0,0,0,0,0,0,0,0,0,0,0,0,0,0,0,0,0,0,0,0,0,0,0,0,0,0,0,0,0,0,0,0,0,0,0,0,0,0,0,0,0,0,0,0,0,0,0,0,0,0,0,0,0,0,0,0,0,0,0,0,0,0,0,0,0,0,0,0,0,0,0,0,pushup
0.5274075269699097,0.5000394582748413,-0.4715560972690582,0.9999915957450867,0.3395581841468811,0.49958792328834534,-0.43394431471824646,0.9999907612800598,0.5643439292907715,0.664907693862915,-0.40770190954208374,0.9594007730484009,0.2976730167865753,0.6560176610946655,-0.3751283884048462,0.9441772103309631,0.5492545366287231,0.8220325708389282,-0.4707188606262207,0.9933270215988159,0.33637192845344543,0.806790828704834,-0.481626033782959,0.9918088912963867,0,0,0,0,0,0,0,0,0,0,0,0,0,0,0,0,0,0,0,0,0,0,0,0,0,0,0,0,0,0,0,0,0,0,0,0,0,0,0,0,0,0,0,0,0,0,0,0,0,0,0,0,0,0,0,0,0,0,0,0,0,0,0,0,0,0,0,0,0,0,0,0,0,0,0,0,0,0,0,0,0,0,0,0,0,0,0,0,0,0,0,0,0,0,0,0,0,0,0,0,0,0,0,0,0,0,0,0,pushup
0.5249558687210083,0.43048176169395447,-0.49065932631492615,0.9999916553497314,0.3448317050933838,0.4204748868942261,-0.43787235021591187,0.9999901652336121,0.5382729768753052,0.6390061974525452,-0.49278098344802856,0.9629733562469482,0.3308807611465454,0.6159633994102478,-0.44775184988975525,0.9467039704322815,0.547631025314331,0.8218607306480408,-0.5849274396896362,0.9939389228820801,0.33653074502944946,0.805908203125,-0.5797669291496277,0.9922246932983398,0,0,0,0,0,0,0,0,0,0,0,0,0,0,0,0,0,0,0,0,0,0,0,0,0,0,0,0,0,0,0,0,0,0,0,0,0,0,0,0,0,0,0,0,0,0,0,0,0,0,0,0,0,0,0,0,0,0,0,0,0,0,0,0,0,0,0,0,0,0,0,0,0,0,0,0,0,0,0,0,0,0,0,0,0,0,0,0,0,0,0,0,0,0,0,0,0,0,0,0,0,0,0,0,0,0,0,0,pushup
0.5250106453895569,0.42310285568237305,-0.48634862899780273,0.9999918341636658,0.3478918671607971,0.41058972477912903,-0.4345674514770508,0.9999905824661255,0.5355712175369263,0.6253153681755066,-0.47471028566360474,0.966423511505127,0.3414413332939148,0.60206538438797,-0.4292975962162018,0.9508398771286011,0.546035647392273,0.821547269821167,-0.5616167783737183,0.9945204854011536,0.3380696177482605,0.8049880266189575,-0.5525486469268799,0.9929119348526001,0,0,0,0,0,0,0,0,0,0,0,0,0,0,0,0,0,0,0,0,0,0,0,0,0,0,0,0,0,0,0,0,0,0,0,0,0,0,0,0,0,0,0,0,0,0,0,0,0,0,0,0,0,0,0,0,0,0,0,0,0,0,0,0,0,0,0,0,0,0,0,0,0,0,0,0,0,0,0,0,0,0,0,0,0,0,0,0,0,0,0,0,0,0,0,0,0,0,0,0,0,0,0,0,0,0,0,0,pushup
0.526741623878479,0.446119099855423,-0.4934067726135254,0.9999923706054688,0.34836599230766296,0.44724172353744507,-0.44500216841697693,0.9999905228614807,0.5414170026779175,0.6458339095115662,-0.5903605222702026,0.969606876373291,0.341214120388031,0.6135307550430298,-0.5445574522018433,0.9524945616722107,0.5477175116539001,0.8215295672416687,-0.7955585718154907,0.995046854019165,0.3393459618091583,0.7990312576293945,-0.7589536905288696,0.9929354786872864,0,0,0,0,0,0,0,0,0,0,0,0,0,0,0,0,0,0,0,0,0,0,0,0,0,0,0,0,0,0,0,0,0,0,0,0,0,0,0,0,0,0,0,0,0,0,0,0,0,0,0,0,0,0,0,0,0,0,0,0,0,0,0,0,0,0,0,0,0,0,0,0,0,0,0,0,0,0,0,0,0,0,0,0,0,0,0,0,0,0,0,0,0,0,0,0,0,0,0,0,0,0,0,0,0,0,0,0,pushup
0.5268396735191345,0.549166738986969,-0.45601385831832886,0.9999886155128479,0.3491967022418976,0.5291301012039185,-0.44349879026412964,0.9999884366989136,0.5433920621871948,0.6562881469726562,-0.3562009930610657,0.9718562364578247,0.33702316880226135,0.6494628190994263,-0.3643113970756531,0.9539480209350586,0.5489062070846558,0.8201623558998108,-0.4142833352088928,0.9954273104667664,0.33921995759010315,0.7990626692771912,-0.4385082721710205,0.9931316375732422,0,0,0,0,0,0,0,0,0,0,0,0,0,0,0,0,0,0,0,0,0,0,0,0,0,0,0,0,0,0,0,0,0,0,0,0,0,0,0,0,0,0,0,0,0,0,0,0,0,0,0,0,0,0,0,0,0,0,0,0,0,0,0,0,0,0,0,0,0,0,0,0,0,0,0,0,0,0,0,0,0,0,0,0,0,0,0,0,0,0,0,0,0,0,0,0,0,0,0,0,0,0,0,0,0,0,0,0,pushup
0.5269148349761963,0.5871483683586121,-0.4410785138607025,0.9999882578849792,0.3488209843635559,0.5902240872383118,-0.41710400581359863,0.9999858736991882,0.5513997077941895,0.6709280014038086,-0.39902907609939575,0.973725438117981,0.3357093930244446,0.674789309501648,-0.3603505790233612,0.9517382979393005,0.5493279695510864,0.8181565403938293,-0.4736521244049072,0.9957993626594543,0.3390258252620697,0.7991284132003784,-0.45211562514305115,0.9927024841308594,0,0,0,0,0,0,0,0,0,0,0,0,0,0,0,0,0,0,0,0,0,0,0,0,0,0,0,0,0,0,0,0,0,0,0,0,0,0,0,0,0,0,0,0,0,0,0,0,0,0,0,0,0,0,0,0,0,0,0,0,0,0,0,0,0,0,0,0,0,0,0,0,0,0,0,0,0,0,0,0,0,0,0,0,0,0,0,0,0,0,0,0,0,0,0,0,0,0,0,0,0,0,0,0,0,0,0,0,pushup
0.5283868312835693,0.558014988899231,-0.4499548077583313,0.9999882578849792,0.3527159094810486,0.5619416832923889,-0.42389750480651855,0.9999838471412659,0.5531938672065735,0.6798704862594604,-0.4166237413883209,0.976154625415802,0.3341304659843445,0.6677557826042175,-0.3795885443687439,0.9542903304100037,0.5491288900375366,0.8182073831558228,-0.5703281164169312,0.9961868524551392,0.3396371603012085,0.7991833090782166,-0.47163715958595276,0.9925585985183716,0,0,0,0,0,0,0,0,0,0,0,0,0,0,0,0,0,0,0,0,0,0,0,0,0,0,0,0,0,0,0,0,0,0,0,0,0,0,0,0,0,0,0,0,0,0,0,0,0,0,0,0,0,0,0,0,0,0,0,0,0,0,0,0,0,0,0,0,0,0,0,0,0,0,0,0,0,0,0,0,0,0,0,0,0,0,0,0,0,0,0,0,0,0,0,0,0,0,0,0,0,0,0,0,0,0,0,0,pushup
0.5317538976669312,0.4793384075164795,-0.4681996703147888,0.9999873638153076,0.35406509041786194,0.4632623791694641,-0.43905335664749146,0.999981701374054,0.552749514579773,0.6732932925224304,-0.564295768737793,0.9774006605148315,0.34068483114242554,0.625494658946991,-0.4869624674320221,0.956524670124054,0.5489760637283325,0.8194911479949951,-0.7561630606651306,0.9948217272758484,0.3396764397621155,0.7863740921020508,-0.5880290269851685,0.9906934499740601,0,0,0,0,0,0,0,0,0,0,0,0,0,0,0,0,0,0,0,0,0,0,0,0,0,0,0,0,0,0,0,0,0,0,0,0,0,0,0,0,0,0,0,0,0,0,0,0,0,0,0,0,0,0,0,0,0,0,0,0,0,0,0,0,0,0,0,0,0,0,0,0,0,0,0,0,0,0,0,0,0,0,0,0,0,0,0,0,0,0,0,0,0,0,0,0,0,0,0,0,0,0,0,0,0,0,0,0,pushup
0.5329567193984985,0.4267492890357971,-0.47900429368019104,0.9999874234199524,0.3583011031150818,0.413422554731369,-0.43846362829208374,0.9999808073043823,0.5441738367080688,0.6289910078048706,-0.5219470858573914,0.9783411622047424,0.3474464416503906,0.6060197353363037,-0.4553052484989166,0.9511427283287048,0.5476697683334351,0.8181418776512146,-0.5472530126571655,0.9949992895126343,0.3398422300815582,0.7861535549163818,-0.5633638501167297,0.9893742799758911,0,0,0,0,0,0,0,0,0,0,0,0,0,0,0,0,0,0,0,0,0,0,0,0,0,0,0,0,0,0,0,0,0,0,0,0,0,0,0,0,0,0,0,0,0,0,0,0,0,0,0,0,0,0,0,0,0,0,0,0,0,0,0,0,0,0,0,0,0,0,0,0,0,0,0,0,0,0,0,0,0,0,0,0,0,0,0,0,0,0,0,0,0,0,0,0,0,0,0,0,0,0,0,0,0,0,0,0,pushup
0.5331117510795593,0.41974711418151855,-0.48062825202941895,0.9999882578849792,0.35885265469551086,0.40467631816864014,-0.43738240003585815,0.9999817609786987,0.5439241528511047,0.6249820590019226,-0.5111182928085327,0.9799630641937256,0.3491089642047882,0.5912279486656189,-0.4471861720085144,0.9520319104194641,0.5471252799034119,0.8150417804718018,-0.5364818572998047,0.9954009652137756,0.3397292494773865,0.7865670323371887,-0.5429762005805969,0.9895301461219788,0,0,0,0,0,0,0,0,0,0,0,0,0,0,0,0,0,0,0,0,0,0,0,0,0,0,0,0,0,0,0,0,0,0,0,0,0,0,0,0,0,0,0,0,0,0,0,0,0,0,0,0,0,0,0,0,0,0,0,0,0,0,0,0,0,0,0,0,0,0,0,0,0,0,0,0,0,0,0,0,0,0,0,0,0,0,0,0,0,0,0,0,0,0,0,0,0,0,0,0,0,0,0,0,0,0,0,0,pushup
0.5330476760864258,0.4332473874092102,-0.4669412076473236,0.9999893307685852,0.35782191157341003,0.4260006248950958,-0.41725578904151917,0.9999834299087524,0.5449598431587219,0.6342905163764954,-0.5005069375038147,0.9818771481513977,0.34633609652519226,0.5945014953613281,-0.4240463674068451,0.956233561038971,0.5470999479293823,0.8151455521583557,-0.5651388764381409,0.9958544373512268,0.3397226929664612,0.7846097350120544,-0.5418205261230469,0.9905351400375366,0,0,0,0,0,0,0,0,0,0,0,0,0,0,0,0,0,0,0,0,0,0,0,0,0,0,0,0,0,0,0,0,0,0,0,0,0,0,0,0,0,0,0,0,0,0,0,0,0,0,0,0,0,0,0,0,0,0,0,0,0,0,0,0,0,0,0,0,0,0,0,0,0,0,0,0,0,0,0,0,0,0,0,0,0,0,0,0,0,0,0,0,0,0,0,0,0,0,0,0,0,0,0,0,0,0,0,0,pushup
0.5302947759628296,0.5489993691444397,-0.45431312918663025,0.9999902844429016,0.35545438528060913,0.5495396256446838,-0.4165634512901306,0.9999849200248718,0.55342036485672,0.6607921123504639,-0.41587528586387634,0.9831462502479553,0.33243900537490845,0.6475185751914978,-0.3587142825126648,0.958834171295166,0.5481986999511719,0.8151257634162903,-0.5193926095962524,0.996239960193634,0.3391483426094055,0.7840173244476318,-0.44236984848976135,0.9913938045501709,0,0,0,0,0,0,0,0,0,0,0,0,0,0,0,0,0,0,0,0,0,0,0,0,0,0,0,0,0,0,0,0,0,0,0,0,0,0,0,0,0,0,0,0,0,0,0,0,0,0,0,0,0,0,0,0,0,0,0,0,0,0,0,0,0,0,0,0,0,0,0,0,0,0,0,0,0,0,0,0,0,0,0,0,0,0,0,0,0,0,0,0,0,0,0,0,0,0,0,0,0,0,0,0,0,0,0,0,pushup
0.5303092002868652,0.6161185503005981,-0.4599336087703705,0.9999911189079285,0.34951668977737427,0.61273592710495,-0.41739964485168457,0.9999861121177673,0.5586217641830444,0.6805357933044434,-0.435730516910553,0.9808094501495361,0.32629653811454773,0.6554310321807861,-0.3567897379398346,0.9485973119735718,0.5477596521377563,0.8235118389129639,-0.5890687704086304,0.9961885809898376,0.33881768584251404,0.784334659576416,-0.4199916422367096,0.9903234839439392,0,0,0,0,0,0,0,0,0,0,0,0,0,0,0,0,0,0,0,0,0,0,0,0,0,0,0,0,0,0,0,0,0,0,0,0,0,0,0,0,0,0,0,0,0,0,0,0,0,0,0,0,0,0,0,0,0,0,0,0,0,0,0,0,0,0,0,0,0,0,0,0,0,0,0,0,0,0,0,0,0,0,0,0,0,0,0,0,0,0,0,0,0,0,0,0,0,0,0,0,0,0,0,0,0,0,0,0,pushup
0.5295795202255249,0.5802927017211914,-0.4725305140018463,0.9999919533729553,0.3466048240661621,0.5831458568572998,-0.42925652861595154,0.9999867081642151,0.5596552491188049,0.6884151101112366,-0.48017334938049316,0.9825107455253601,0.32251816987991333,0.6688053607940674,-0.3768894374370575,0.9490852952003479,0.5481780767440796,0.8233797550201416,-0.6485272645950317,0.9965528845787048,0.3390197157859802,0.7947419285774231,-0.44804877042770386,0.9897847771644592,0,0,0,0,0,0,0,0,0,0,0,0,0,0,0,0,0,0,0,0,0,0,0,0,0,0,0,0,0,0,0,0,0,0,0,0,0,0,0,0,0,0,0,0,0,0,0,0,0,0,0,0,0,0,0,0,0,0,0,0,0,0,0,0,0,0,0,0,0,0,0,0,0,0,0,0,0,0,0,0,0,0,0,0,0,0,0,0,0,0,0,0,0,0,0,0,0,0,0,0,0,0,0,0,0,0,0,0,pushup
0.5290583372116089,0.4909016788005829,-0.47714582085609436,0.9999926686286926,0.34874585270881653,0.48957282304763794,-0.4324224889278412,0.999987781047821,0.5592615604400635,0.6683377623558044,-0.45875534415245056,0.9840678572654724,0.32451581954956055,0.649571418762207,-0.38838863372802734,0.951653003692627,0.5480738878250122,0.823007345199585,-0.550203800201416,0.9968817234039307,0.3382207155227661,0.7882416844367981,-0.4836061894893646,0.9904807209968567,0,0,0,0,0,0,0,0,0,0,0,0,0,0,0,0,0,0,0,0,0,0,0,0,0,0,0,0,0,0,0,0,0,0,0,0,0,0,0,0,0,0,0,0,0,0,0,0,0,0,0,0,0,0,0,0,0,0,0,0,0,0,0,0,0,0,0,0,0,0,0,0,0,0,0,0,0,0,0,0,0,0,0,0,0,0,0,0,0,0,0,0,0,0,0,0,0,0,0,0,0,0,0,0,0,0,0,0,pushup
0.4806728959083557,0.01946162059903145,0.09068751335144043,0.8275162577629089,0.48092445731163025,0.010158292017877102,0.05903531238436699,0.6313915252685547,0.4764764904975891,0.0077294218353927135,0.05877046659588814,0.6393570899963379,0.47259917855262756,0.006169706117361784,0.05881332606077194,0.7177571058273315,0.4958239495754242,0.01276001799851656,0.056638337671756744,0.7460564374923706,0.49147382378578186,0.012552565895020962,0.056327223777770996,0.7962616682052612,0.4900030195713043,0.012082266621291637,0.05608854815363884,0.8636623024940491,0.46680885553359985,-0.002262602560222149,-0.04303950443863869,0.8019722104072571,0.4847467839717865,-1.6250094631686807e-05,-0.053807806223630905,0.7827520966529846,0.476001501083374,0.026350686326622963,0.06623575836420059,0.9149928092956543,0.4855022430419922,0.03425462171435356,0.061281461268663406,0.9386976361274719,0.42207327485084534,0.059391871094703674,-0.05245577543973923,0.9992446899414062,0.5207070112228394,0.05036529526114464,-0.08069930225610733,0.9994734525680542,0.4004044532775879,0.1142725721001625,0.106830894947052,0.6902302503585815,0.5857605934143066,0.09313510358333588,0.009951586835086346,0.8426705002784729,0.4196225106716156,0.17719314992427826,0.38249894976615906,0.6549862623214722,0.6422079205513,0.0328386165201664,0.1924060881137848,0.8718535900115967,0.42131859064102173,0.13166283071041107,0.42427030205726624,0.6091595888137817,0.6597594022750854,0.02996445819735527,0.19562938809394836,0.8189330697059631,0.4353880286216736,0.13319440186023712,0.4043853282928467,0.6271050572395325,0.6555789709091187,0.0022863245103508234,0.21260838210582733,0.8292645215988159,0.4389469027519226,0.13598397374153137,0.3832570016384125,0.5933026075363159,0.6494525074958801,0.013166709803044796,0.2019048035144806,0.7895795106887817,0.45867833495140076,0.3132150173187256,0.001687089679762721,0.99992436170578,0.4981933534145355,0.3182789981365204,-0.0019486428936943412,0.9999291300773621,0.44573068618774414,0.5000818371772766,0.16317200660705566,0.8811405897140503,0.5306850671768188,0.49404558539390564,0.08681167662143707,0.7427471280097961,0.4583999216556549,0.6610440015792847,0.33562472462654114,0.9493878483772278,0.4990746080875397,0.6623238325119019,0.2518880367279053,0.9273502826690674,0.5122218728065491,0.6987656354904175,0.3536389172077179,0.6909463405609131,0.5018274188041687,0.691098153591156,0.2644684910774231,0.6312761306762695,0.4404395520687103,0.7321638464927673,0.3524424433708191,0.9108529686927795,0.4850005507469177,0.7156404256820679,0.27683311700820923,0.872479259967804,jumpingjack
0.4807373881340027,-0.036011021584272385,-0.39241960644721985,0.8433266878128052,0.4836297929286957,-0.04882024601101875,-0.3829437494277954,0.6636905074119568,0.4845452308654785,-0.04808288812637329,-0.3833145201206207,0.6711529493331909,0.4864421784877777,-0.04624214023351669,-0.3833151161670685,0.7428683638572693,0.48718905448913574,-0.0509696863591671,-0.3880785405635834,0.7685474753379822,0.4812854826450348,-0.05091794207692146,-0.3883760869503021,0.8145754933357239,0.4841954708099365,-0.05211595073342323,-0.38859206438064575,0.8757603168487549,0.4883154034614563,-0.042253270745277405,-0.2899322211742401,0.8193724155426025,0.4704471230506897,-0.04246440902352333,-0.3106578588485718,0.8007111549377441,0.4786372780799866,-0.01707521267235279,-0.3514992594718933,0.9229132533073425,0.481036514043808,-0.013261295855045319,-0.3595593273639679,0.9443485140800476,0.5108729004859924,0.056680042296648026,-0.20575368404388428,0.9993107318878174,0.4439878463745117,0.05638724938035011,-0.22601798176765442,0.9995044469833374,0.5333870649337769,0.1410432755947113,-0.22522398829460144,0.7155047655105591,0.42798763513565063,0.1694333404302597,-0.2551974356174469,0.8550732135772705,0.5058930516242981,0.2187638133764267,-0.39206260442733765,0.6858872175216675,0.432326078414917,0.2269255369901657,-0.39799073338508606,0.8835840225219727,0.46757131814956665,0.2491374909877777,-0.43829840421676636,0.6434849500656128,0.4363258481025696,0.26494231820106506,-0.4450623095035553,0.8353893160820007,0.48106589913368225,0.22228315472602844,-0.4667277932167053,0.6601749658584595,0.4461185932159424,0.2404586523771286,-0.4690758287906647,0.8448959589004517,0.48260220885276794,0.21181416511535645,-0.4065795838832855,0.6274872422218323,0.44845491647720337,0.22590786218643188,-0.41160106658935547,0.8081150650978088,0.5018569827079773,0.3056231439113617,0.0032643615268170834,0.9999246597290039,0.470790296792984,0.31046628952026367,-0.00347030907869339,0.999927818775177,0.5008152723312378,0.4806365668773651,-0.01893913559615612,0.8850176930427551,0.4774397313594818,0.4922410845756531,0.012302729301154613,0.7532862424850464,0.4903965890407562,0.6568431258201599,0.15547963976860046,0.951569139957428,0.49088233709335327,0.6630190014839172,0.16946274042129517,0.93153315782547,0.5129497647285461,0.6771342158317566,0.16400067508220673,0.6974997520446777,0.4941725730895996,0.6851790547370911,0.17818886041641235,0.6400930285453796,0.45664435625076294,0.7315270304679871,0.023908091709017754,0.9163563847541809,0.4760311245918274,0.7266697287559509,0.04164620488882065,0.880362868309021,jumpingjack
0.48225894570350647,0.16432175040245056,-0.3143813908100128,0.8583958148956299,0.4841670095920563,0.15177281200885773,-0.33380377292633057,0.6962003111839294,0.4854362905025482,0.1463390290737152,-0.33415156602859497,0.7028101086616516,0.48794522881507874,0.1417548954486847,-0.3340984284877777,0.7678747177124023,0.48518046736717224,0.15828044712543488,-0.3380930721759796,0.7910564541816711,0.4798217713832855,0.15780755877494812,-0.338416188955307,0.8324070572853088,0.4792177677154541,0.15696881711483002,-0.33853498101234436,0.887694776058197,0.4901201128959656,0.09745138883590698,-0.3282620310783386,0.8369082808494568,0.46626219153404236,0.11662972718477249,-0.34244126081466675,0.8200047612190247,0.4792799949645996,0.1430991142988205,-0.2960875928401947,0.9302758574485779,0.48113521933555603,0.15044108033180237,-0.3022853434085846,0.9495490789413452,0.5295481085777283,0.049346648156642914,-0.27895745635032654,0.9993789792060852,0.42306727170944214,0.05519871041178703,-0.24473479390144348,0.9995489716529846,0.5825926661491394,0.10742752254009247,-0.3860946595668793,0.7133277058601379,0.3984953463077545,0.16150766611099243,-0.1682458072900772,0.8041222095489502,0.6304696798324585,0.11554647982120514,-0.5735284686088562,0.6740671992301941,0.41143494844436646,0.2553330659866333,-0.03309086337685585,0.8293257355690002,0.6467565298080444,0.11682938784360886,-0.619073748588562,0.6315633654594421,0.4088590741157532,0.2899313271045685,-0.026399195194244385,0.77281653881073,0.6388572454452515,0.10251213610172272,-0.631446361541748,0.6525200605392456,0.41320863366127014,0.28077855706214905,-0.05398007482290268,0.78451007604599,0.6322795748710632,0.1021493673324585,-0.5841827392578125,0.6152222156524658,0.41661494970321655,0.26393574476242065,-0.042075127363204956,0.7486894130706787,0.5111182928085327,0.2924416959285736,-0.008894435130059719,0.9999317526817322,0.4600350260734558,0.3009035587310791,0.008597440086305141,0.9999343752861023,0.526432454586029,0.4787898659706116,0.06584063917398453,0.8427017331123352,0.45301881432533264,0.4788905382156372,0.11382132768630981,0.726614236831665,0.5344454050064087,0.6542025804519653,0.2005692422389984,0.939771831035614,0.4585968554019928,0.6541779637336731,0.24179670214653015,0.9166881442070007,0.5268368124961853,0.6698031425476074,0.2142535150051117,0.674393892288208,0.46596112847328186,0.6729880571365356,0.24929264187812805,0.6162086725234985,0.5486958026885986,0.7315886616706848,0.05361742898821831,0.9122029542922974,0.44294875860214233,0.7283694744110107,0.19573239982128143,0.8739097118377686,jumpingjack
0.48422104120254517,0.1429627388715744,-0.2930235266685486,0.8684492111206055,0.4879681468009949,0.09814196825027466,-0.2872900068759918,0.7128293514251709,0.4919070303440094,0.09842845797538757,-0.28761807084083557,0.7204416990280151,0.4961947500705719,0.09506184607744217,-0.2876322567462921,0.7823724746704102,0.484729528427124,0.08195094764232635,-0.28990453481674194,0.8016602396965027,0.47895631194114685,0.07851466536521912,-0.29023322463035583,0.8405804634094238,0.47622066736221313,0.07655831426382065,-0.29043447971343994,0.8912289142608643,0.49953848123550415,0.05922964587807655,-0.22225651144981384,0.8482022285461426,0.46599143743515015,0.0983361005783081,-0.2221420556306839,0.8254936933517456,0.48702579736709595,0.10499988496303558,-0.26132941246032715,0.932269275188446,0.4810943603515625,0.14146500825881958,-0.2659499943256378,0.9492784142494202,0.5400750637054443,0.07612550258636475,-0.16208891570568085,0.9993045330047607,0.4239266812801361,0.07545840740203857,-0.1588590145111084,0.9990065693855286,0.6024767160415649,0.09281546622514725,-0.22606393694877625,0.7268620133399963,0.368148535490036,0.12092563509941101,-0.19683818519115448,0.8036118745803833,0.6575878858566284,0.03631123527884483,-0.2660055160522461,0.6802232265472412,0.31600111722946167,0.054885540157556534,-0.27783292531967163,0.789357602596283,0.6740419268608093,0.021433543413877487,-0.2850562334060669,0.629737913608551,0.31402501463890076,0.04934956878423691,-0.29987460374832153,0.7244918942451477,0.672667384147644,0.00872861035168171,-0.30984532833099365,0.6519578695297241,0.3148916959762573,0.041935957968235016,-0.31628960371017456,0.7368528842926025,0.6657578349113464,0.01692376658320427,-0.2785073220729828,0.6172202825546265,0.32175618410110474,0.04823968559503555,-0.2902381420135498,0.7052127122879028,0.5164923071861267,0.3510521948337555,-0.0008804141543805599,0.9999346733093262,0.45394134521484375,0.3570253252983093,0.0006679798243567348,0.9999337196350098,0.5389237403869629,0.5025988221168518,-0.16652485728263855,0.856333315372467,0.43612152338027954,0.5143044590950012,-0.11875448375940323,0.748775839805603,0.5402035117149353,0.6541559100151062,0.07893700152635574,0.9429856538772583,0.45046767592430115,0.6549662947654724,0.11415084451436996,0.9211744666099548,0.5305605530738831,0.6688495874404907,0.09806516021490097,0.6909141540527344,0.4593577980995178,0.6708571314811707,0.1334419697523117,0.6315703988075256,0.557602047920227,0.7286198735237122,-0.019451098516583443,0.9159214496612549,0.43289509415626526,0.7294604182243347,0.02368193492293358,0.8782225847244263,jumpingjack
0.4879503846168518,-0.011060487478971481,-0.441545307636261,0.8739263415336609,0.49079006910324097,-0.031025756150484085,-0.4449688494205475,0.7186446785926819,0.49360212683677673,-0.03158142417669296,-0.44532886147499084,0.7242526412010193,0.4967876374721527,-0.031937990337610245,-0.44530701637268066,0.7885004878044128,0.4859214723110199,-0.03419392183423042,-0.4479450583457947,0.8077178001403809,0.48182278871536255,-0.03532761335372925,-0.4482932984828949,0.8434252142906189,0.4788074493408203,-0.03631902113556862,-0.44851356744766235,0.8940320014953613,0.4984879493713379,-0.038868192583322525,-0.3903861939907074,0.8477720618247986,0.46933698654174805,-0.034531667828559875,-0.39982306957244873,0.83046954870224,0.4889085292816162,-0.009643716737627983,-0.4120061993598938,0.934960126876831,0.4826672077178955,-0.004795303102582693,-0.41697606444358826,0.9515266418457031,0.5371831655502319,0.03923599421977997,-0.31155407428741455,0.9993550777435303,0.4191899299621582,0.044187746942043304,-0.2909010052680969,0.9990731477737427,0.582194983959198,0.10210584104061127,-0.3728315234184265,0.7142487168312073,0.3918555974960327,0.13372069597244263,-0.16241006553173065,0.7981445789337158,0.629816472530365,0.11118944734334946,-0.5385281443595886,0.6524509787559509,0.37756115198135376,0.21332669258117676,-0.03707418218255043,0.7693296670913696,0.6484565138816833,0.11413169652223587,-0.581305742263794,0.6029604077339172,0.3798312544822693,0.24820519983768463,-0.03614553436636925,0.6921296119689941,0.6450883150100708,0.10612071305513382,-0.6053422093391418,0.6263321042060852,0.37603873014450073,0.24623847007751465,-0.069859579205513,0.7063241004943848,0.6370364427566528,0.10785190761089325,-0.5524908304214478,0.5889464616775513,0.37974104285240173,0.23475907742977142,-0.047894395887851715,0.6745349764823914,0.5148009657859802,0.26982825994491577,-0.004954388365149498,0.9999389052391052,0.45446640253067017,0.26896172761917114,0.004704942926764488,0.9999378323554993,0.5313754677772522,0.4635448157787323,0.019545506685972214,0.8254019021987915,0.4455595910549164,0.4691798686981201,0.002666288521140814,0.734203577041626,0.5352128744125366,0.647522509098053,0.156495600938797,0.9436463117599487,0.4548618197441101,0.649635910987854,0.17636090517044067,0.9217048287391663,0.5288078188896179,0.6650169491767883,0.1726275086402893,0.6837283372879028,0.4630597233772278,0.6652460098266602,0.20137450098991394,0.6224523782730103,0.5590201020240784,0.7213606238365173,0.04254698008298874,0.9182532429695129,0.4395212233066559,0.7264773845672607,0.10087887942790985,0.8795150518417358,jumpingjack
0.48687905073165894,-0.029307201504707336,-0.4535864293575287,0.8818168044090271,0.49010390043258667,-0.04510172829031944,-0.4476191997528076,0.7340845465660095,0.4933195114135742,-0.04497569799423218,-0.4480007290840149,0.7398052215576172,0.4965180456638336,-0.044160425662994385,-0.4480098783969879,0.8011875748634338,0.48279276490211487,-0.045539818704128265,-0.45157432556152344,0.8188808560371399,0.4791831970214844,-0.04502297565340996,-0.4519127905368805,0.8532019853591919,0.4756692945957184,-0.044076189398765564,-0.4521675705909729,0.9006192684173584,0.49838098883628845,-0.0407576784491539,-0.3622453212738037,0.8554397225379944,0.468973308801651,-0.03457649052143097,-0.37711817026138306,0.8375226259231567,0.4883745312690735,-0.014088794589042664,-0.41468358039855957,0.9395315647125244,0.48083576560020447,-0.011814377270638943,-0.4210154414176941,0.9548328518867493,0.5344154834747314,0.05759521573781967,-0.2704703211784363,0.999401330947876,0.4246370196342468,0.07537078857421875,-0.27543243765830994,0.9991276860237122,0.563534140586853,0.18915356695652008,-0.270091712474823,0.7308831810951233,0.4026167392730713,0.19978012144565582,-0.24500155448913574,0.8114727735519409,0.5529715418815613,0.26549914479255676,-0.4075806140899658,0.6791951060295105,0.4090034067630768,0.2927759289741516,-0.3353700041770935,0.7898601293563843,0.55147784948349,0.2977702021598816,-0.4492579400539398,0.6333789229393005,0.418936163187027,0.32241180539131165,-0.3724120855331421,0.7192686796188354,0.5407165288925171,0.28224122524261475,-0.47754088044166565,0.6555258631706238,0.42298275232315063,0.31008180975914,-0.40100663900375366,0.7326005697250366,0.5372539758682251,0.27316713333129883,-0.4211443066596985,0.6181294322013855,0.4230315685272217,0.2975037395954132,-0.34902945160865784,0.7020949721336365,0.515102744102478,0.28699275851249695,-0.0019920289050787687,0.9999297261238098,0.4559810161590576,0.2889900207519531,0.0017909901216626167,0.9999282360076904,0.5292290449142456,0.4722965955734253,-0.012948095798492432,0.8196814060211182,0.44944730401039124,0.47840186953544617,-0.004418394528329372,0.7338639497756958,0.5219217538833618,0.6499911546707153,0.12651118636131287,0.9420422911643982,0.4682309031486511,0.6566940546035767,0.13057778775691986,0.9227030277252197,0.5113370418548584,0.6674359440803528,0.13285750150680542,0.6758739352226257,0.47614893317222595,0.6695905923843384,0.138848215341568,0.6180424690246582,0.5270159840583801,0.7215546369552612,-0.0024310376029461622,0.9183700680732727,0.4602622389793396,0.7271413207054138,0.008593818172812462,0.8817271590232849,jumpingjack
0.4863516390323639,-0.02483278326690197,-0.3817102313041687,0.889898419380188,0.4900783896446228,-0.040123630315065384,-0.3757299780845642,0.7505715489387512,0.49321475625038147,-0.040273379534482956,-0.3760877251625061,0.7560990452766418,0.4963984489440918,-0.03983854502439499,-0.37608620524406433,0.8137814998626709,0.481741338968277,-0.04030937701463699,-0.3788404166698456,0.8302115201950073,0.4780958294868469,-0.04017948731780052,-0.37916821241378784,0.8629669547080994,0.47444653511047363,-0.03982063755393028,-0.37940502166748047,0.9070661067962646,0.49968281388282776,-0.03955726698040962,-0.32343465089797974,0.8636540174484253,0.46870097517967224,-0.03190319985151291,-0.35614919662475586,0.8455960750579834,0.48901158571243286,-0.010409776121377945,-0.34409984946250916,0.9439681768417358,0.4800872206687927,-0.008316841907799244,-0.34946832060813904,0.9580481648445129,0.536288321018219,0.05832838639616966,-0.2140873670578003,0.9994460344314575,0.42723140120506287,0.07492673397064209,-0.22348928451538086,0.9991886019706726,0.5613008737564087,0.19495317339897156,-0.2343033254146576,0.7435780763626099,0.4045795798301697,0.19551105797290802,-0.21863774955272675,0.8250635862350464,0.547737181186676,0.2622750699520111,-0.4037225842475891,0.7044271230697632,0.4127255976200104,0.2835738956928253,-0.3645792305469513,0.809429407119751,0.5451627969741821,0.29698726534843445,-0.45093783736228943,0.6624530553817749,0.41857773065567017,0.31702280044555664,-0.4091061055660248,0.7452856302261353,0.53529292345047,0.2805113196372986,-0.47694888710975647,0.6833604574203491,0.42385491728782654,0.30206283926963806,-0.4349415898323059,0.7576060891151428,0.5328109860420227,0.27009427547454834,-0.4175027012825012,0.6458930969238281,0.4247308671474457,0.28837451338768005,-0.3789225220680237,0.7287940382957458,0.5164397954940796,0.2949293255805969,-0.0004145336279179901,0.9999192953109741,0.45685023069381714,0.29719942808151245,0.00023590742785017937,0.999919056892395,0.5275430083274841,0.475786417722702,-0.017481831833720207,0.8187313675880432,0.4505714476108551,0.48245909810066223,0.00840015523135662,0.7371622323989868,0.5190964937210083,0.6504473686218262,0.14140921831130981,0.9398483037948608,0.4721860885620117,0.6567654013633728,0.1605832278728485,0.9217994213104248,0.5099722743034363,0.6651210784912109,0.14956417679786682,0.6631027460098267,0.4794875979423523,0.6681463718414307,0.17014068365097046,0.6052744388580322,0.5208534598350525,0.7221370935440063,0.01911165751516819,0.9177554249763489,0.4672815799713135,0.7274354696273804,0.04187964275479317,0.8813203573226929,jumpingjack
0.4937881529331207,-0.048693396151065826,-0.24962890148162842,0.8984506726264954,0.4963177740573883,-0.06408213824033737,-0.24016328155994415,0.7662803530693054,0.49829310178756714,-0.06422067433595657,-0.2404748946428299,0.7723115086555481,0.5004879832267761,-0.06367012858390808,-0.2404579222202301,0.8255354166030884,0.4896790385246277,-0.06522801518440247,-0.24431785941123962,0.841029167175293,0.48718494176864624,-0.06571783870458603,-0.24461889266967773,0.8723949193954468,0.48445454239845276,-0.06639476865530014,-0.24480266869068146,0.9125303030014038,0.5013019442558289,-0.06144723296165466,-0.158016175031662,0.8731430172920227,0.47763243317604065,-0.06376449763774872,-0.17623725533485413,0.8553467392921448,0.49457889795303345,-0.03434671461582184,-0.21368567645549774,0.9478002190589905,0.4877103269100189,-0.03522118553519249,-0.22055308520793915,0.9605669975280762,0.5352276563644409,0.01545044407248497,-0.10321829468011856,0.9994826912879944,0.43001675605773926,0.023635894060134888,-0.10775776952505112,0.9992117285728455,0.5734785199165344,0.11196693032979965,-0.16794660687446594,0.7466083765029907,0.4012983441352844,0.11992065608501434,-0.1764703243970871,0.8237161636352539,0.6078164577484131,0.14251768589019775,-0.3508901596069336,0.7129684686660767,0.3651239275932312,0.1715511977672577,-0.2972624897956848,0.8117654323577881,0.626943826675415,0.14945417642593384,-0.3888450860977173,0.6713501214981079,0.3501964509487152,0.18124203383922577,-0.3309580981731415,0.7488750219345093,0.6207343935966492,0.13768762350082397,-0.4160888195037842,0.6932511925697327,0.34722334146499634,0.17219148576259613,-0.3594546318054199,0.7624925374984741,0.6120865345001221,0.13650290668010712,-0.3664633631706238,0.654578447341919,0.35834190249443054,0.17718878388404846,-0.3142237067222595,0.7335560917854309,0.5200778245925903,0.2732350826263428,-0.000282191758742556,0.9999245405197144,0.46071091294288635,0.2768514156341553,9.533802221994847e-05,0.9999234080314636,0.5303658843040466,0.4673464894294739,-0.009322796016931534,0.8304517269134521,0.449821799993515,0.46378615498542786,-0.022583065554499626,0.7563592791557312,0.5378727316856384,0.6453227400779724,0.14462538063526154,0.944321870803833,0.4636158347129822,0.6389926671981812,0.13353604078292847,0.927074670791626,0.5272990465164185,0.6612706184387207,0.15143686532974243,0.6766988039016724,0.471897691488266,0.6551716923713684,0.14358946681022644,0.6203935742378235,0.5559598207473755,0.7165718674659729,0.017237123101949692,0.9236100316047668,0.4511488974094391,0.7179518938064575,0.018501466140151024,0.8889430165290833,jumpingjack
0.4933571219444275,-0.028472378849983215,-0.2678822875022888,0.9060570597648621,0.4980506896972656,-0.0492309033870697,-0.27432674169540405,0.7773711085319519,0.5014412999153137,-0.04867330566048622,-0.2747460603713989,0.7850983142852783,0.5046945810317993,-0.04784727469086647,-0.27458128333091736,0.8349931240081787,0.48870688676834106,-0.05010726675391197,-0.2815433442592621,0.8495856523513794,0.4862014651298523,-0.05011243373155594,-0.2818622887134552,0.8799136877059937,0.4835141599178314,-0.05051424354314804,-0.2820647358894348,0.9164575934410095,0.5068289637565613,-0.03261400759220123,-0.21584098041057587,0.882327675819397,0.4750272333621979,-0.035360489040613174,-0.22659578919410706,0.8635585308074951,0.4963114857673645,-0.00543172936886549,-0.2300853431224823,0.9499720335006714,0.48713812232017517,-0.008533080108463764,-0.2475477159023285,0.9615951180458069,0.5473041534423828,0.07015655189752579,-0.15119901299476624,0.9993225932121277,0.4276285767555237,0.070828378200531,-0.1578793078660965,0.9987873435020447,0.6104426980018616,0.08960066735744476,-0.20081695914268494,0.7559706568717957,0.35687801241874695,0.08202584832906723,-0.24662044644355774,0.8336718082427979,0.6685928106307983,0.020120099186897278,-0.33129557967185974,0.702788770198822,0.3080112040042877,0.021468615159392357,-0.36786285042762756,0.8021095991134644,0.6851320266723633,-0.003966156393289566,-0.3629777431488037,0.6577033400535583,0.2922549545764923,-0.000559047912247479,-0.39519327878952026,0.7331541776657104,0.6845371127128601,-0.021131062880158424,-0.38948798179626465,0.68183434009552,0.2950868606567383,-0.01582072488963604,-0.4137636721134186,0.7482062578201294,0.678750216960907,-0.008321572095155716,-0.345815509557724,0.6476404666900635,0.3062438368797302,0.005858599673956633,-0.3821924030780792,0.7246724367141724,0.5237862467765808,0.3407360315322876,-0.001681454828940332,0.9999192953109741,0.4596266746520996,0.3492080271244049,0.0014694364508613944,0.9999147653579712,0.5448294281959534,0.4963148832321167,-0.19216546416282654,0.8432278037071228,0.4378618597984314,0.5154772996902466,-0.08927887678146362,0.768281877040863,0.5501121878623962,0.6473251581192017,0.03852203115820885,0.9428976774215698,0.45541253685951233,0.6474429965019226,0.12093321979045868,0.9253679513931274,0.5399052500724792,0.6622729301452637,0.05631439760327339,0.686037003993988,0.46577921509742737,0.6605091094970703,0.137925922870636,0.6266438961029053,0.5695913434028625,0.7270134091377258,-0.055983591824769974,0.9206766486167908,0.43609556555747986,0.7300469279289246,0.02780548669397831,0.8828487992286682,jumpingjack
0.4925766885280609,-0.013278033584356308,-0.1397952437400818,0.913600504398346,0.49788278341293335,-0.022967321798205376,-0.1526627242565155,0.79634028673172,0.500279426574707,-0.026644406840205193,-0.15298856794834137,0.803593635559082,0.5036617517471313,-0.02961479313671589,-0.15301382541656494,0.8499987721443176,0.4922041893005371,-0.016466600820422173,-0.15154334902763367,0.8620767593383789,0.4908285140991211,-0.01550205796957016,-0.151852548122406,0.8895265460014343,0.48929452896118164,-0.014882707968354225,-0.15201431512832642,0.923182487487793,0.5048059225082397,-0.03282719850540161,-0.15066543221473694,0.8931229710578918,0.48195308446884155,-0.02418799325823784,-0.14121302962303162,0.8736661672592163,0.49590450525283813,-0.002011522650718689,-0.12854664027690887,0.9541454911231995,0.49162307381629944,0.0017598785925656557,-0.12821321189403534,0.9641450047492981,0.5470684766769409,0.051856014877557755,-0.13334287703037262,0.9993877410888672,0.42848342657089233,0.057717323303222656,-0.08562970161437988,0.9988394379615784,0.6022071838378906,0.09839509427547455,-0.16051074862480164,0.7485856413841248,0.4831310212612152,0.11050713807344437,-0.11840806901454926,0.7796087861061096,0.6545774936676025,0.07976754754781723,-0.23339982330799103,0.668247640132904,0.5414668321609497,0.11744489520788193,-0.21763983368873596,0.7316176891326904,0.6726502180099487,0.07667887210845947,-0.2577529549598694,0.623460590839386,0.5577210187911987,0.1226428747177124,-0.25294941663742065,0.6688405871391296,0.6699067950248718,0.06260817497968674,-0.27816444635391235,0.6486523747444153,0.5576887726783752,0.10834801197052002,-0.2506873905658722,0.6828963160514832,0.6622868180274963,0.06562746316194534,-0.24307100474834442,0.6119173765182495,0.5524623990058899,0.10694278031587601,-0.2225925475358963,0.6599821448326111,0.5177408456802368,0.3037126958370209,-0.026124712079763412,0.9999245405197144,0.46215763688087463,0.29997146129608154,0.025863906368613243,0.9999169707298279,0.5403797626495361,0.48633110523223877,-0.035349782556295395,0.8446637988090515,0.4389382004737854,0.4845183789730072,0.06362124532461166,0.7626510858535767,0.5440047383308411,0.6483917832374573,0.09992872178554535,0.9443724155426025,0.4536009430885315,0.647955596446991,0.21286022663116455,0.9243482351303101,0.5365538001060486,0.6644396781921387,0.10730277001857758,0.6791070699691772,0.4648059010505676,0.6627621650695801,0.22330835461616516,0.6255425810813904,0.5625935792922974,0.7257748246192932,-0.012535514310002327,0.9234472513198853,0.43598121404647827,0.7255493998527527,0.12703408300876617,0.8857628107070923,jumpingjack
0.49212169647216797,0.21147000789642334,-0.21189427375793457,0.9222064018249512,0.4974927008152008,0.21244288980960846,-0.23030655086040497,0.8166524171829224,0.5008307695388794,0.20972035825252533,-0.23065657913684845,0.8231824636459351,0.5036966800689697,0.20598392188549042,-0.2306155264377594,0.8649544715881348,0.4914552569389343,0.2109271138906479,-0.23271679878234863,0.8758341073989868,0.48980528116226196,0.20873497426509857,-0.23300521075725555,0.9005482196807861,0.4877404570579529,0.215017169713974,-0.23313429951667786,0.9308347702026367,0.5062762498855591,0.1584099531173706,-0.22535860538482666,0.9037941098213196,0.4794010519981384,0.16792306303977966,-0.24047787487506866,0.8862677216529846,0.4957205355167389,0.19304843246936798,-0.19735118746757507,0.9587142467498779,0.49041882157325745,0.1973705142736435,-0.2022375613451004,0.9677127003669739,0.5464500188827515,0.07017878443002701,-0.21179333329200745,0.999448835849762,0.42859911918640137,0.08483023941516876,-0.19325676560401917,0.9989544749259949,0.5784711837768555,0.19346491992473602,-0.35442864894866943,0.7729011178016663,0.472121000289917,0.20164795219898224,-0.32609260082244873,0.7985231876373291,0.562785267829895,0.2549833655357361,-0.5580135583877563,0.7012486457824707,0.4725258946418762,0.28175562620162964,-0.5247562527656555,0.758253276348114,0.5654040575027466,0.2862585783004761,-0.6125165224075317,0.6609208583831787,0.47748351097106934,0.3050324320793152,-0.5771277546882629,0.7017164826393127,0.5546597242355347,0.2673581540584564,-0.6223161816596985,0.6836280226707458,0.47735923528671265,0.29336750507354736,-0.5848973989486694,0.7144173383712769,0.5499869585037231,0.2598111927509308,-0.5666465759277344,0.650421142578125,0.47898370027542114,0.28451982140541077,-0.5341565012931824,0.6936404705047607,0.5200614929199219,0.2909860908985138,-0.0060016559436917305,0.9999308586120605,0.4638752341270447,0.2862860858440399,0.0057320245541632175,0.9999228715896606,0.5312601327896118,0.474473237991333,0.008664133958518505,0.8530095219612122,0.44457393884658813,0.4657120108604431,-0.007532781455665827,0.7784859538078308,0.5207019448280334,0.6507606506347656,0.08468419313430786,0.9468395709991455,0.4695368707180023,0.6489349603652954,0.10230903327465057,0.9267286062240601,0.5134516954421997,0.6671175360679626,0.08590055257081985,0.6965673565864563,0.47385722398757935,0.6641045212745667,0.11093127727508545,0.6398123502731323,0.5235430002212524,0.7258787155151367,0.0005581845762208104,0.9292363524436951,0.46608835458755493,0.7230710387229919,0.04682483151555061,0.8933647274971008,jumpingjack
0.49240678548812866,0.04466528818011284,-0.27380043268203735,0.9190492630004883,0.49794521927833557,0.022007333114743233,-0.25634652376174927,0.8076563477516174,0.5017567873001099,0.021939797326922417,-0.2567192316055298,0.8145642280578613,0.5055049657821655,0.022341251373291016,-0.25669506192207336,0.858613908290863,0.4906070828437805,0.02461441047489643,-0.2636265456676483,0.8693991899490356,0.48880285024642944,0.02609630674123764,-0.26396235823631287,0.8969521522521973,0.48736128211021423,0.027625584974884987,-0.2642238736152649,0.9284356832504272,0.5102633237838745,0.03636717423796654,-0.19688603281974792,0.8954835534095764,0.4784852862358093,0.034995533525943756,-0.21635667979717255,0.8769891262054443,0.4979223608970642,0.059042930603027344,-0.22799737751483917,0.9581032395362854,0.48958221077919006,0.0605149045586586,-0.23907692730426788,0.9674233198165894,0.5451579093933105,0.08077183365821838,-0.12644536793231964,0.9994747638702393,0.435507595539093,0.08254314213991165,-0.15624527633190155,0.999018132686615,0.5637958645820618,0.21769177913665771,-0.1469317227602005,0.7822862863540649,0.44727128744125366,0.2042715847492218,-0.16697244346141815,0.8139883875846863,0.5425662994384766,0.2809951901435852,-0.31526824831962585,0.7252745032310486,0.4500817358493805,0.2992912828922272,-0.2970981001853943,0.781119167804718,0.5399393439292908,0.31609031558036804,-0.35893476009368896,0.6884812712669373,0.45146140456199646,0.3306187391281128,-0.34806349873542786,0.7295990586280823,0.5297695994377136,0.2959807515144348,-0.3832274079322815,0.7096766829490662,0.45300784707069397,0.3190141022205353,-0.38731929659843445,0.7413026690483093,0.5278629064559937,0.2847216725349426,-0.32760605216026306,0.6770043969154358,0.45539578795433044,0.305576354265213,-0.3114413917064667,0.7215601801872253,0.5208107829093933,0.3320257067680359,0.007853434421122074,0.999923050403595,0.4640912115573883,0.3299447000026703,-0.00805926788598299,0.9999160766601562,0.5278046131134033,0.490215003490448,0.0019230775069445372,0.8516685962677002,0.455315500497818,0.4818611443042755,-0.015391437336802483,0.7794826030731201,0.5107867121696472,0.6534222364425659,0.14262312650680542,0.9444811344146729,0.47550028562545776,0.6530429720878601,0.14076799154281616,0.9250075221061707,0.503021240234375,0.6676070690155029,0.1518266499042511,0.687066912651062,0.47909846901893616,0.6653491258621216,0.15193495154380798,0.625325620174408,0.5160461664199829,0.7255567908287048,0.02823636867105961,0.92744380235672,0.4721594452857971,0.7231939435005188,0.04233182221651077,0.8909592032432556,jumpingjack
0.49430030584335327,-0.0757492408156395,-0.26574844121932983,0.9247100353240967,0.49838772416114807,-0.09246514737606049,-0.25297433137893677,0.8188261389732361,0.5014102458953857,-0.09271975606679916,-0.2533004581928253,0.8257257342338562,0.5045934319496155,-0.0923195406794548,-0.25328031182289124,0.8666732907295227,0.491610050201416,-0.09252167493104935,-0.2571612000465393,0.8768730163574219,0.4897826611995697,-0.09249735623598099,-0.2574610114097595,0.9033604264259338,0.48799920082092285,-0.09280022233724594,-0.25766217708587646,0.9319062232971191,0.5086570382118225,-0.08545663952827454,-0.17128092050552368,0.903285801410675,0.48107782006263733,-0.08698990941047668,-0.18613213300704956,0.8846474885940552,0.4978976845741272,-0.05919770523905754,-0.22670748829841614,0.96142578125,0.4902096390724182,-0.05932781472802162,-0.23385052382946014,0.9697578549385071,0.539535403251648,0.011270826682448387,-0.10971175134181976,0.9995147585868835,0.4368918538093567,0.01395301055163145,-0.1287558376789093,0.9990682005882263,0.5710524320602417,0.11528176069259644,-0.1726079285144806,0.7854578495025635,0.4124123454093933,0.11744657903909683,-0.2101411521434784,0.8114674091339111,0.5978710651397705,0.1697096973657608,-0.36291584372520447,0.7350656986236572,0.38275793194770813,0.17158569395542145,-0.4055612087249756,0.786395788192749,0.6157999038696289,0.1787627935409546,-0.4082452654838562,0.7002545595169067,0.3774683177471161,0.2026873230934143,-0.4533287584781647,0.738037645816803,0.6064392328262329,0.16687065362930298,-0.4353169798851013,0.7214234471321106,0.38053345680236816,0.2009391188621521,-0.4771176278591156,0.7503321766853333,0.5970467329025269,0.16534216701984406,-0.3795166611671448,0.686528742313385,0.38740336894989014,0.19496551156044006,-0.42192015051841736,0.7277200222015381,0.5205301642417908,0.2706710398197174,0.007820849306881428,0.9999287724494934,0.46452170610427856,0.26839613914489746,-0.008008887991309166,0.9999216794967651,0.5279510021209717,0.4705028831958771,0.027512099593877792,0.8634694814682007,0.4549066424369812,0.45765265822410583,-0.015846744179725647,0.7976250648498535,0.514197051525116,0.639633059501648,0.1949498951435089,0.9495969414710999,0.46637192368507385,0.634524941444397,0.1519192010164261,0.9315868020057678,0.5070637464523315,0.6567320227622986,0.20281097292900085,0.710760772228241,0.47174739837646484,0.6507508158683777,0.16347156465053558,0.649278461933136,0.5430973768234253,0.7164427042007446,0.0546872541308403,0.9339721202850342,0.45722970366477966,0.7200248837471008,0.03233720362186432,0.9001757502555847,jumpingjack
0.4939727783203125,0.1638389527797699,-0.33736729621887207,0.9241493344306946,0.497490257024765,0.1464119702577591,-0.35714009404182434,0.822757363319397,0.4998587667942047,0.1415669471025467,-0.35748645663261414,0.8281883001327515,0.5026206970214844,0.1375664621591568,-0.3575064539909363,0.8725004196166992,0.49039149284362793,0.15266859531402588,-0.36171841621398926,0.8797714710235596,0.48826223611831665,0.15268580615520477,-0.36208125948905945,0.9020485281944275,0.48542481660842896,0.15225368738174438,-0.3622881770133972,0.9308615922927856,0.5048203468322754,0.10519672185182571,-0.35515543818473816,0.9093064069747925,0.47493237257003784,0.1237364262342453,-0.3725445866584778,0.8871381878852844,0.49757838249206543,0.15320031344890594,-0.32125306129455566,0.9594522714614868,0.48975664377212524,0.16018685698509216,-0.32829660177230835,0.9655497670173645,0.539897084236145,0.06171285733580589,-0.28568705916404724,0.999549150466919,0.4252139627933502,0.06188322231173515,-0.2803077697753906,0.9989562630653381,0.6025011539459229,0.0931159257888794,-0.21865785121917725,0.7577851414680481,0.40320295095443726,0.11478504538536072,-0.20322108268737793,0.7547081708908081,0.6658735275268555,0.048861343413591385,-0.18034914135932922,0.6823335886001587,0.39928925037384033,0.13316179811954498,-0.0715785026550293,0.7108342051506042,0.6824888586997986,0.03863450512290001,-0.17698392271995544,0.6459623575210571,0.39568620920181274,0.1399136334657669,-0.061342161148786545,0.6659715175628662,0.682303249835968,0.028886601328849792,-0.19920730590820312,0.6683574318885803,0.3993157744407654,0.13744734227657318,-0.07275102287530899,0.6772966980934143,0.6758437752723694,0.034185487776994705,-0.18823954463005066,0.6370404362678528,0.4050710201263428,0.13308538496494293,-0.07502595335245132,0.6571349501609802,0.5207613706588745,0.3274294137954712,-0.00012714540935121477,0.9999327659606934,0.4599498212337494,0.3331373631954193,-4.456638635019772e-05,0.9999237060546875,0.5394619107246399,0.49726244807243347,0.013906976208090782,0.8182147145271301,0.4426101744174957,0.4963953197002411,0.03275735676288605,0.7642844319343567,0.5435407161712646,0.6576062440872192,0.1703643500804901,0.9207205772399902,0.45848947763442993,0.6487395763397217,0.20128759741783142,0.9108583927154541,0.5349133014678955,0.6722742915153503,0.18092264235019684,0.6628322601318359,0.46788135170936584,0.659011721611023,0.21728196740150452,0.6138656735420227,0.5606284141540527,0.7242891788482666,0.1041337102651596,0.9019907712936401,0.4424301087856293,0.7286019921302795,0.15897269546985626,0.873252272605896,jumpingjack
0.47873440384864807,0.0544564388692379,-0.06346862018108368,0.9290659427642822,0.47707295417785645,0.04792006313800812,-0.07419268041849136,0.8359821438789368,0.47759437561035156,0.04783973842859268,-0.07447273284196854,0.8412050604820251,0.47709640860557556,0.0484660342335701,-0.074486143887043,0.8827885389328003,0.47940611839294434,0.043863192200660706,-0.06998647004365921,0.8888301253318787,0.4800095558166504,0.04251730442047119,-0.07028166949748993,0.9093421101570129,0.4798238277435303,0.04045911505818367,-0.07044745981693268,0.9362175464630127,0.4904101490974426,0.01137701515108347,-0.08160577714443207,0.9169582724571228,0.4742404520511627,0.04240509122610092,-0.0582888200879097,0.8962270021438599,0.4784301817417145,0.06267145276069641,-0.05748476833105087,0.9620264172554016,0.47939157485961914,0.060011126101017,-0.0528087392449379,0.9671933054924011,0.5405077934265137,0.0617746040225029,-0.08545868843793869,0.9995852112770081,0.42429083585739136,0.06229795888066292,-0.030930623412132263,0.9990098476409912,0.6001312732696533,0.10981117188930511,-0.159249410033226,0.7155449390411377,0.48628631234169006,0.12429887056350708,-0.009374984540045261,0.7151805758476257,0.643905520439148,0.09348390251398087,-0.25375160574913025,0.6218634843826294,0.5761750936508179,0.1276424676179886,0.0005784615059383214,0.6627358198165894,0.6723528504371643,0.07875828444957733,-0.2780919373035431,0.5914180874824524,0.6023200154304504,0.135624960064888,-0.01723800227046013,0.6217032670974731,0.6589142680168152,0.0773598700761795,-0.29199275374412537,0.6122320294380188,0.6038564443588257,0.11844166368246078,-0.013814479112625122,0.6316797733306885,0.6514053344726562,0.07845043390989304,-0.26116296648979187,0.5818967223167419,0.5946556329727173,0.11165377497673035,0.0005077210953459144,0.6083324551582336,0.514072835445404,0.32554909586906433,-0.029753094539046288,0.9999356269836426,0.45900192856788635,0.33172038197517395,0.02957133576273918,0.9999257922172546,0.5394309759140015,0.49589359760284424,0.013076516799628735,0.820091187953949,0.4442071318626404,0.5022011399269104,0.103746697306633,0.7532321810722351,0.5484686493873596,0.6575710773468018,0.1480187177658081,0.9227801561355591,0.452779620885849,0.6565729379653931,0.2625434100627899,0.9072286486625671,0.5382219552993774,0.6720767617225647,0.15781530737876892,0.6597825288772583,0.4634118676185608,0.6636370420455933,0.27542251348495483,0.6090808510780334,0.5624982714653015,0.7265077233314514,0.08081583678722382,0.9045040607452393,0.4370933473110199,0.7304612994194031,0.1963500678539276,0.8722547292709351,jumpingjack
0.4807465672492981,0.0011856885394081473,-0.4617535471916199,0.9355260133743286,0.48047858476638794,-0.016177263110876083,-0.47001713514328003,0.8507628440856934,0.4816451072692871,-0.017998378723859787,-0.4703593850135803,0.8554129600524902,0.4814631938934326,-0.019094588235020638,-0.47035855054855347,0.8935214281082153,0.48016268014907837,-0.014175004325807095,-0.4719615578651428,0.8989836573600769,0.47958630323410034,-0.014073921367526054,-0.472343772649765,0.9175518155097961,0.47827547788619995,-0.014379321597516537,-0.4726006090641022,0.9420710802078247,0.49219387769699097,-0.03087621182203293,-0.4196271002292633,0.9245677590370178,0.47237086296081543,-0.0190413985401392,-0.42458152770996094,0.9055079221725464,0.481148898601532,0.008428703062236309,-0.4310733377933502,0.9654520153999329,0.47992056608200073,0.010846068151295185,-0.4346039891242981,0.9700826406478882,0.5403839349746704,0.033259663730859756,-0.31661173701286316,0.999621570110321,0.42512646317481995,0.05178586021065712,-0.28889963030815125,0.999087929725647,0.5715401768684387,0.13011766970157623,-0.18646898865699768,0.7138049006462097,0.45036497712135315,0.1830361932516098,-0.10064859688282013,0.7001540660858154,0.5752302408218384,0.2039758414030075,-0.1812024563550949,0.6000795364379883,0.4255315363407135,0.2318870723247528,-0.10855934768915176,0.6324048638343811,0.5810669660568237,0.23183999955654144,-0.1911410689353943,0.5627870559692383,0.42423099279403687,0.2506372034549713,-0.11670608818531036,0.5857974886894226,0.5744889974594116,0.22181400656700134,-0.21990278363227844,0.5856078863143921,0.4217284321784973,0.24331751465797424,-0.14003635942935944,0.5975232720375061,0.5688209533691406,0.21288587152957916,-0.19022522866725922,0.5558269023895264,0.4225972294807434,0.23503023386001587,-0.1170056015253067,0.5728917717933655,0.5141600370407104,0.27782225608825684,-0.022067630663514137,0.999936044216156,0.4696975350379944,0.27723777294158936,0.02183871902525425,0.9999264478683472,0.5241869688034058,0.46842455863952637,0.015309087932109833,0.7932560443878174,0.4555415213108063,0.4718843102455139,0.0679861530661583,0.738968014717102,0.5314425230026245,0.6585588455200195,0.13608771562576294,0.9070912003517151,0.46514707803726196,0.6585901975631714,0.19033779203891754,0.9035269618034363,0.5265705585479736,0.6732792258262634,0.14140036702156067,0.6176120638847351,0.47254887223243713,0.6717339158058167,0.19487279653549194,0.5911417603492737,0.5131704807281494,0.72676020860672,0.03179841488599777,0.892603874206543,0.4559577405452728,0.7276081442832947,0.09190143644809723,0.8690741658210754,jumpingjack
0.4821036756038666,-0.006935253273695707,-0.3975810706615448,0.9261863231658936,0.48140865564346313,-0.020716199651360512,-0.34917426109313965,0.8323577046394348,0.4846026301383972,-0.020828433334827423,-0.34962013363838196,0.8378158211708069,0.4888092875480652,-0.021068960428237915,-0.3496793806552887,0.8793859481811523,0.47975030541419983,-0.020347634330391884,-0.37085944414138794,0.887030303478241,0.47782015800476074,-0.019420424476265907,-0.3712489604949951,0.9098908305168152,0.47532105445861816,-0.018568288534879684,-0.3719158470630646,0.9371128678321838,0.49745774269104004,-0.021059567108750343,-0.2344060242176056,0.9113368988037109,0.46982264518737793,-0.011842580512166023,-0.268227756023407,0.8949264883995056,0.48505306243896484,0.008923474699258804,-0.3446339964866638,0.9631892442703247,0.4804230332374573,0.009252790361642838,-0.4139663577079773,0.9688894152641296,0.5402294993400574,0.08980181813240051,-0.16079296171665192,0.9996203184127808,0.42739710211753845,0.09649090468883514,-0.22366240620613098,0.9991292953491211,0.5542089939117432,0.23307283222675323,-0.14366915822029114,0.7304719686508179,0.4413345456123352,0.24591022729873657,-0.15739381313323975,0.7263134121894836,0.5257364511489868,0.3190772831439972,-0.23203663527965546,0.6303019523620605,0.4553971290588379,0.3367464244365692,-0.24504463374614716,0.6678170561790466,0.5240180492401123,0.3530128002166748,-0.21037983894348145,0.5964264273643494,0.46259012818336487,0.3647244870662689,-0.28123483061790466,0.6251067519187927,0.5130311250686646,0.33200472593307495,-0.24568939208984375,0.6177812218666077,0.47106820344924927,0.34796833992004395,-0.2992532253265381,0.6358422040939331,0.5116552710533142,0.3199523687362671,-0.241201251745224,0.5871170163154602,0.4697595536708832,0.33560770750045776,-0.253447026014328,0.6124097108840942,0.5161091089248657,0.3396872282028198,-0.002760054776445031,0.9999344944953918,0.46746915578842163,0.3424915075302124,0.002585975918918848,0.9999258518218994,0.5218270421028137,0.5144585371017456,0.01643354631960392,0.8026106953620911,0.45799723267555237,0.5225808620452881,0.00413848552852869,0.7484751343727112,0.5165399312973022,0.6731091141700745,0.17229831218719482,0.912665843963623,0.4788943827152252,0.6707877516746521,0.16719190776348114,0.9081559777259827,0.5138274431228638,0.6874522566795349,0.18068847060203552,0.6288269758224487,0.48636913299560547,0.68168705701828,0.17801128327846527,0.6048652529716492,0.5111876726150513,0.7455285787582397,0.06326564401388168,0.8977775573730469,0.47248896956443787,0.7384257912635803,0.07070030272006989,0.8745702505111694,jumpingjack
0.48792457580566406,-0.03814178705215454,-0.34285998344421387,0.9319684505462646,0.4880409836769104,-0.05520584434270859,-0.33081236481666565,0.843699038028717,0.4902961850166321,-0.05540934205055237,-0.33116763830184937,0.8486694693565369,0.4934867024421692,-0.05508318543434143,-0.3311896026134491,0.8876657485961914,0.48369723558425903,-0.05596137419342995,-0.33855342864990234,0.8948020935058594,0.48142266273498535,-0.05631549656391144,-0.33887940645217896,0.9161062836647034,0.47859883308410645,-0.05689067393541336,-0.3391880989074707,0.9413949847221375,0.4978758692741394,-0.053330861032009125,-0.24185462296009064,0.917823851108551,0.47201889753341675,-0.05527050793170929,-0.26253050565719604,0.9020796418190002,0.4899638593196869,-0.023728955537080765,-0.30747732520103455,0.9663196206092834,0.4831386208534241,-0.02444319985806942,-0.32708239555358887,0.9715227484703064,0.5381355881690979,0.053603921085596085,-0.1752583384513855,0.9996512532234192,0.42901772260665894,0.058959897607564926,-0.19819585978984833,0.999198317527771,0.5596458315849304,0.1958741694688797,-0.2277706116437912,0.7486271858215332,0.4275999069213867,0.2369941920042038,-0.18130159378051758,0.7492954730987549,0.55982506275177,0.24562419950962067,-0.42688021063804626,0.6605744957923889,0.4154723584651947,0.27711254358291626,-0.27923136949539185,0.6988269686698914,0.5627226233482361,0.27329620718955994,-0.47465142607688904,0.6284511685371399,0.41259852051734924,0.3068196475505829,-0.31452956795692444,0.6588851809501648,0.5528014898300171,0.25717753171920776,-0.4993247091770172,0.6486991047859192,0.415487140417099,0.29657161235809326,-0.3425578474998474,0.6691089272499084,0.5493546724319458,0.24898241460323334,-0.4411351680755615,0.6171493530273438,0.4196852147579193,0.2860981523990631,-0.29341745376586914,0.6464592218399048,0.5201026201248169,0.3035678267478943,-0.00015967333456501365,0.999931275844574,0.46706581115722656,0.30972734093666077,-6.0109072364866734e-05,0.9999228119850159,0.5215317606925964,0.4879440665245056,0.013310283422470093,0.8032220602035522,0.4635644853115082,0.4864997863769531,0.01165624987334013,0.745402991771698,0.5183860659599304,0.6728171706199646,0.16231760382652283,0.9123656153678894,0.4767839312553406,0.6631312370300293,0.1749301552772522,0.9047771096229553,0.513984203338623,0.6832888722419739,0.17122557759284973,0.6114453077316284,0.4836956560611725,0.6716347932815552,0.18415813148021698,0.585624635219574,0.5151317715644836,0.7378355264663696,0.039519358426332474,0.8979616761207581,0.47357964515686035,0.7373460531234741,0.07618783414363861,0.8705677390098572,jumpingjack
0.48737478256225586,-0.02615160495042801,-0.26265251636505127,0.9327816963195801,0.4878385663032532,-0.044161390513181686,-0.26478227972984314,0.8342195153236389,0.48984336853027344,-0.04556594416499138,-0.2650913894176483,0.8425741791725159,0.492429256439209,-0.046336784958839417,-0.2651197910308838,0.8818555474281311,0.48305997252464294,-0.04205341264605522,-0.2639453411102295,0.8880914449691772,0.4810330867767334,-0.041588570922613144,-0.26426535844802856,0.9113966226577759,0.4784664213657379,-0.04132819548249245,-0.26446935534477234,0.9356042742729187,0.49586382508277893,-0.047293759882450104,-0.22400550544261932,0.9189768433570862,0.47219735383987427,-0.040836043655872345,-0.21736228466033936,0.8994808197021484,0.48961153626441956,-0.014503441751003265,-0.24207031726837158,0.9651463031768799,0.483049213886261,-0.011898900382220745,-0.24269843101501465,0.9689540266990662,0.5370655655860901,0.05077380686998367,-0.17992302775382996,0.999660313129425,0.42731142044067383,0.052722781896591187,-0.15670590102672577,0.9991512894630432,0.5961827039718628,0.109576016664505,-0.22831468284130096,0.7326593399047852,0.380860298871994,0.11945514380931854,-0.19762596487998962,0.7402029037475586,0.6465008854866028,0.08341821283102036,-0.3510116934776306,0.6245455741882324,0.30915528535842896,0.07400095462799072,-0.30024009943008423,0.6899009943008423,0.665515124797821,0.07779975980520248,-0.3783339858055115,0.5943930745124817,0.2909151613712311,0.05663592368364334,-0.3230213224887848,0.6489483118057251,0.6609232425689697,0.06353157758712769,-0.4019506573677063,0.6161206364631653,0.2893293499946594,0.05179233476519585,-0.3466293513774872,0.6610580086708069,0.6533039212226868,0.06628608703613281,-0.364051878452301,0.5862208008766174,0.2950492799282074,0.05876880884170532,-0.3158218264579773,0.6427855491638184,0.5194835662841797,0.3040972054004669,-0.004787602461874485,0.9999331831932068,0.4642317295074463,0.309705913066864,0.0044999513775110245,0.9999242424964905,0.5341283082962036,0.4892403185367584,0.01920357346534729,0.8073319792747498,0.4544154107570648,0.48579367995262146,0.05372752994298935,0.742440938949585,0.5385109186172485,0.6705756783485413,0.18750089406967163,0.9158722758293152,0.4654355049133301,0.6627912521362305,0.2189619243144989,0.9046934247016907,0.5282821655273438,0.6821349859237671,0.19792109727859497,0.6164132952690125,0.474006325006485,0.6717897057533264,0.23115131258964539,0.585959255695343,0.5525211095809937,0.73469078540802,0.08900714665651321,0.901414155960083,0.45383208990097046,0.7350357174873352,0.13418568670749664,0.8708977103233337,jumpingjack
0.48767003417015076,-0.015563311986625195,-0.2762644588947296,0.931064784526825,0.48985058069229126,-0.03255435824394226,-0.2734430432319641,0.8225533366203308,0.4929988980293274,-0.03305671364068985,-0.2737937569618225,0.836935818195343,0.49643880128860474,-0.0334680937230587,-0.27383410930633545,0.8783973455429077,0.4830842614173889,-0.03221624344587326,-0.2754312753677368,0.8743681311607361,0.48098546266555786,-0.03202769532799721,-0.2757453918457031,0.8993194103240967,0.47818487882614136,-0.031820062547922134,-0.2759586572647095,0.9200183749198914,0.49892863631248474,-0.03904835507273674,-0.21125128865242004,0.9209568500518799,0.4711318612098694,-0.030201468616724014,-0.21976637840270996,0.8802382349967957,0.49037328362464905,-0.004622929729521275,-0.24939504265785217,0.9604884386062622,0.4830838739871979,-0.0017315266886726022,-0.2532232403755188,0.9602270126342773,0.5377001762390137,0.07120732218027115,-0.15530218183994293,0.9996371865272522,0.4251566529273987,0.07242241501808167,-0.14595551788806915,0.9977537393569946,0.6062941551208496,0.09435608237981796,-0.13354948163032532,0.7477576732635498,0.37622031569480896,0.11053461581468582,-0.16101308166980743,0.7178003787994385,0.6644156575202942,0.05369236320257187,-0.16768845915794373,0.6448571085929871,0.31210917234420776,0.04164760187268257,-0.20507080852985382,0.635324239730835,0.6827565431594849,0.044011782854795456,-0.17362073063850403,0.6060477495193481,0.295960009098053,0.02089729532599449,-0.21444320678710938,0.594497799873352,0.6804764866828918,0.036162279546260834,-0.203370600938797,0.629286527633667,0.30263227224349976,0.025802981108427048,-0.23502413928508759,0.6068339347839355,0.6733996272087097,0.04115951061248779,-0.18164652585983276,0.6009302735328674,0.3096548914909363,0.03417579084634781,-0.21907374262809753,0.592673659324646,0.5193763971328735,0.3266105353832245,-0.0040436540730297565,0.9999349117279053,0.4596936106681824,0.3300432562828064,0.0038098986260592937,0.9999191164970398,0.5383891463279724,0.5035714507102966,-0.016706179827451706,0.8108463287353516,0.44981008768081665,0.5061842799186707,0.0011611736845225096,0.7411008477210999,0.5419647097587585,0.6689651608467102,0.18461960554122925,0.9186775088310242,0.4630209803581238,0.6654336452484131,0.17070133984088898,0.9068335890769958,0.5345041155815125,0.6832308173179626,0.18792155385017395,0.6213622689247131,0.47229012846946716,0.6759850978851318,0.18241962790489197,0.5924927592277527,0.5585471987724304,0.7330875992774963,0.061204202473163605,0.9030734896659851,0.44975775480270386,0.7345770001411438,0.06586399674415588,0.8720201253890991,jumpingjack
0.4911753535270691,-0.05888023227453232,-0.32607683539390564,0.9357510209083557,0.49256667494773865,-0.07659278810024261,-0.3190862238407135,0.832557201385498,0.494863897562027,-0.07702602446079254,-0.31940820813179016,0.8463020920753479,0.49756497144699097,-0.07689013332128525,-0.31943070888519287,0.8857126832008362,0.48601794242858887,-0.07660223543643951,-0.32599255442619324,0.8817708492279053,0.483772337436676,-0.07672086358070374,-0.326315313577652,0.9054423570632935,0.48104262351989746,-0.07704400271177292,-0.32651570439338684,0.9250591993331909,0.4989091753959656,-0.07456408441066742,-0.2247084379196167,0.9258536696434021,0.47312211990356445,-0.0740179643034935,-0.26431962847709656,0.8876308798789978,0.4928223490715027,-0.04408629238605499,-0.28985628485679626,0.9636732935905457,0.4852525293827057,-0.04366728663444519,-0.29987600445747375,0.9635046124458313,0.5377898812294006,0.040061671286821365,-0.16581572592258453,0.9996689558029175,0.42548245191574097,0.04023618996143341,-0.18733099102973938,0.997960090637207,0.5855263471603394,0.10991275310516357,-0.16073676943778992,0.7627979516983032,0.3909323215484619,0.1268584132194519,-0.16329412162303925,0.7349861860275269,0.6371954679489136,0.1651832014322281,-0.36232271790504456,0.6715012192726135,0.36670464277267456,0.23070299625396729,-0.20774027705192566,0.6563788056373596,0.6431549191474915,0.19656902551651,-0.4027182161808014,0.6337753534317017,0.37282681465148926,0.27042239904403687,-0.22015146911144257,0.6124716997146606,0.6426398158073425,0.19067664444446564,-0.4331684112548828,0.6561864018440247,0.37870877981185913,0.2686253488063812,-0.26073649525642395,0.6257187128067017,0.63484126329422,0.1824266016483307,-0.3790645897388458,0.627372682094574,0.3785935044288635,0.25330063700675964,-0.22120828926563263,0.6089850664138794,0.5191423892974854,0.28032156825065613,0.0034727281890809536,0.9999391436576843,0.4591692090034485,0.2803563177585602,-0.003727939445525408,0.9999241232872009,0.5303646326065063,0.4768488109111786,-0.015624034218490124,0.8193837404251099,0.45078396797180176,0.4737483859062195,-0.016404101625084877,0.7553565502166748,0.5309099555015564,0.653329610824585,0.14222460985183716,0.9238157272338867,0.4639836251735687,0.6518015265464783,0.1252911388874054,0.9119178056716919,0.5247520804405212,0.669501781463623,0.14558319747447968,0.6301841139793396,0.4725256562232971,0.667339563369751,0.13382986187934875,0.5975831151008606,0.5556676983833313,0.7218894362449646,0.010608340613543987,0.9087284207344055,0.45082369446754456,0.7239347100257874,0.010836218483746052,0.8780655860900879,jumpingjack
0.4873649477958679,-0.0420982800424099,-0.3300907611846924,0.9359695911407471,0.48999181389808655,-0.0568263940513134,-0.3218681514263153,0.8346730470657349,0.4930996000766754,-0.056719016283750534,-0.3222091794013977,0.8489127159118652,0.4964892268180847,-0.05669007822871208,-0.32222995162010193,0.8880168795585632,0.4812902808189392,-0.05695231258869171,-0.32861822843551636,0.8831517100334167,0.47842320799827576,-0.05633017048239708,-0.3289310336112976,0.9073538184165955,0.4754253923892975,-0.05578901618719101,-0.32916826009750366,0.9270927309989929,0.4980543255805969,-0.07365662604570389,-0.22758248448371887,0.927227795124054,0.46779757738113403,-0.062348105013370514,-0.27012696862220764,0.888847827911377,0.48976126313209534,-0.026249289512634277,-0.29517996311187744,0.9657773375511169,0.48162493109703064,-0.02520138770341873,-0.30517762899398804,0.9657547473907471,0.5348581075668335,0.07089291512966156,-0.16963309049606323,0.9996926784515381,0.4261032044887543,0.07649271935224533,-0.20527124404907227,0.9981347322463989,0.5506535768508911,0.20857781171798706,-0.16109678149223328,0.7797916531562805,0.4168841242790222,0.21814073622226715,-0.2044965922832489,0.7583712339401245,0.5389932990074158,0.2875593304634094,-0.3054092824459076,0.7007037997245789,0.4393671452999115,0.29973652958869934,-0.2962040603160858,0.6894823908805847,0.5363751649856567,0.3232707679271698,-0.35213586688041687,0.6660351157188416,0.4471127390861511,0.3306075930595398,-0.33274462819099426,0.6493058800697327,0.526603102684021,0.305219829082489,-0.38194718956947327,0.6866706609725952,0.45480021834373474,0.3142888844013214,-0.352505087852478,0.6614314317703247,0.5237017869949341,0.2927338480949402,-0.31802448630332947,0.6587806344032288,0.4540375769138336,0.2998565435409546,-0.3058318495750427,0.6451664566993713,0.5166996717453003,0.3071378171443939,0.007234798278659582,0.9999379515647888,0.45899778604507446,0.3082999885082245,-0.007417019456624985,0.9999229311943054,0.5184160470962524,0.48081666231155396,-0.029213646426796913,0.8296975493431091,0.4539474844932556,0.48462826013565063,-0.02546318992972374,0.7695679664611816,0.5076850056648254,0.6554325222969055,0.14540567994117737,0.9277340769767761,0.4695564806461334,0.6525477766990662,0.14822418987751007,0.9169042110443115,0.5035174489021301,0.6698261499404907,0.15560860931873322,0.6367529630661011,0.4778377115726471,0.6674736142158508,0.15681947767734528,0.6052780747413635,0.511921763420105,0.7254959940910339,0.03539513051509857,0.91302090883255,0.46408137679100037,0.7285478115081787,0.043215684592723846,0.884057879447937,jumpingjack
0.4852163791656494,-0.0572393573820591,-0.3007081151008606,0.9385233521461487,0.48956456780433655,-0.06711762398481369,-0.2883404493331909,0.8408743739128113,0.4921702742576599,-0.06771627068519592,-0.288665235042572,0.8537014722824097,0.49495425820350647,-0.06785305589437485,-0.28867918252944946,0.8920049071311951,0.4813443124294281,-0.06599720567464828,-0.29341956973075867,0.8881368041038513,0.4759593904018402,-0.06508492678403854,-0.2936953008174896,0.9114946722984314,0.4729631841182709,-0.06270471960306168,-0.2939099371433258,0.9307560324668884,0.49814724922180176,-0.059987496584653854,-0.20176610350608826,0.9302878379821777,0.4661639332771301,-0.05313088744878769,-0.22263653576374054,0.8938617706298828,0.4895288348197937,-0.03322499245405197,-0.26383835077285767,0.9683206081390381,0.47971248626708984,-0.032247886061668396,-0.27175450325012207,0.9684114456176758,0.5341702699661255,0.0679793581366539,-0.14018626511096954,0.99970942735672,0.4263114333152771,0.07327266037464142,-0.16997161507606506,0.9982885718345642,0.5527306199073792,0.19435064494609833,-0.17087389528751373,0.7922446131706238,0.4156418740749359,0.20420701801776886,-0.21362996101379395,0.7782793045043945,0.5493216514587402,0.2665988802909851,-0.3393101096153259,0.7251251339912415,0.4227471351623535,0.28967684507369995,-0.3651558756828308,0.7189319729804993,0.5479060411453247,0.3010076582431793,-0.38533133268356323,0.6930472254753113,0.42427581548690796,0.3231754004955292,-0.4125238358974457,0.6821465492248535,0.5386353135108948,0.28606241941452026,-0.4118843674659729,0.7123664617538452,0.4292578101158142,0.30762824416160583,-0.4335443079471588,0.6933463215827942,0.5356759428977966,0.2748458683490753,-0.3535934090614319,0.684426486492157,0.4305455684661865,0.2938425838947296,-0.378277063369751,0.6773048639297485,0.5164327025413513,0.30855557322502136,0.0070090824738144875,0.9999377131462097,0.4583391547203064,0.31624504923820496,-0.007190144620835781,0.9999234676361084,0.5169621109962463,0.4822297692298889,-0.02136046811938286,0.8367006778717041,0.45618778467178345,0.49292370676994324,0.019649984315037727,0.7718315720558167,0.5100136399269104,0.6538483500480652,0.17412488162517548,0.9293413162231445,0.47007402777671814,0.6529111266136169,0.21009497344493866,0.9185425043106079,0.5049468874931335,0.6663370132446289,0.18712496757507324,0.6331407427787781,0.4778077006340027,0.6656241416931152,0.2232232391834259,0.5979805588722229,0.5090732574462891,0.725044310092926,0.06378088146448135,0.9151455760002136,0.4676241874694824,0.7274490594863892,0.10315731912851334,0.885592520236969,jumpingjack
0.48469242453575134,-0.04852629825472832,-0.028879284858703613,0.940731406211853,0.4888816773891449,-0.061863258481025696,-0.050752878189086914,0.8528178334236145,0.4879511892795563,-0.06230614334344864,-0.05098103731870651,0.8635046482086182,0.4862769544124603,-0.062220823019742966,-0.05097849294543266,0.8998380303382874,0.4898523688316345,-0.061524227261543274,-0.05410553887486458,0.8967400789260864,0.49123430252075195,-0.06136425957083702,-0.05437052994966507,0.9180448651313782,0.4932011663913727,-0.06092537194490433,-0.05451061204075813,0.9364153146743774,0.4803852140903473,-0.05676211416721344,-0.10602810233831406,0.935400128364563,0.4938257336616516,-0.05577176809310913,-0.12131567299365997,0.9026381969451904,0.48497334122657776,-0.03733163699507713,-0.03889013081789017,0.9676520228385925,0.4839548170566559,-0.03484290838241577,-0.044988375157117844,0.9683884382247925,0.43458980321884155,0.05789363011717796,-0.11446160078048706,0.9997119307518005,0.5178686380386353,0.04508734121918678,-0.11096204817295074,0.998406708240509,0.3965519964694977,0.1605987399816513,-0.05993841215968132,0.7411742806434631,0.5773590803146362,0.13021741807460785,-0.11832498013973236,0.7156103253364563,0.3304152190685272,0.14098724722862244,0.029739907011389732,0.6702421307563782,0.6203179955482483,0.156190425157547,-0.12560586631298065,0.6959286332130432,0.30772140622138977,0.13946327567100525,0.025801409035921097,0.6420248746871948,0.6021629571914673,0.14007534086704254,-0.14748798310756683,0.6653279066085815,0.3104296028614044,0.13071013987064362,0.02554209530353546,0.6584125757217407,0.5950459241867065,0.12694372236728668,-0.14573560655117035,0.6734378933906555,0.319040983915329,0.1330125331878662,0.03341494873166084,0.6265365481376648,0.5893503427505493,0.12686461210250854,-0.12612803280353546,0.6416966319084167,0.48269933462142944,0.3056061267852783,-0.0028872343245893717,0.9999405145645142,0.49462786316871643,0.30271637439727783,0.0027660513296723366,0.9999269247055054,0.5257567167282104,0.4823817014694214,0.05844062566757202,0.8015269041061401,0.4536227285861969,0.4774281084537506,0.08001630753278732,0.7105019092559814,0.5368880033493042,0.6557344794273376,0.19202041625976562,0.9102877378463745,0.46115580201148987,0.649947464466095,0.2422989308834076,0.8634324073791504,0.5285531878471375,0.6694355010986328,0.20313863456249237,0.619191586971283,0.4716147482395172,0.6626904606819153,0.25868964195251465,0.5594999194145203,0.5146631002426147,0.7270616888999939,0.16489486396312714,0.8794995546340942,0.4448978900909424,0.7236970067024231,0.2332235872745514,0.8249611854553223,jumpingjack
0.48532694578170776,-0.017884420230984688,-0.304949015378952,0.945224940776825,0.4903920590877533,-0.036596767604351044,-0.29483991861343384,0.8595792651176453,0.492523729801178,-0.03625725209712982,-0.29513800144195557,0.870629072189331,0.49472469091415405,-0.03585890308022499,-0.295184850692749,0.9046245813369751,0.4874953627586365,-0.037442896515131,-0.29551219940185547,0.9026654362678528,0.48612093925476074,-0.03719421103596687,-0.2958381772041321,0.9231851100921631,0.48423776030540466,-0.03711007162928581,-0.296052485704422,0.939906120300293,0.4952627718448639,-0.02566934935748577,-0.21925826370716095,0.9396387338638306,0.47765859961509705,-0.025979937985539436,-0.21707502007484436,0.9088457226753235,0.48883122205734253,0.0014386456459760666,-0.27314484119415283,0.968836784362793,0.4837704598903656,0.0024583095218986273,-0.2757411301136017,0.9696911573410034,0.5214806795120239,0.08701444417238235,-0.15506437420845032,0.999629557132721,0.4539496898651123,0.08723016083240509,-0.15784144401550293,0.9983537793159485,0.597402811050415,0.1217358261346817,-0.12631434202194214,0.7559288740158081,0.3743753433227539,0.12109360098838806,-0.19679176807403564,0.7382197380065918,0.6556888818740845,0.08109407126903534,-0.14467279613018036,0.6846703886985779,0.3158644139766693,0.07210617512464523,-0.2525506317615509,0.7184704542160034,0.6775876879692078,0.07265525311231613,-0.14886464178562164,0.6501632332801819,0.29571646451950073,0.04794301465153694,-0.26291388273239136,0.685143768787384,0.6745635271072388,0.06568343192338943,-0.17812247574329376,0.6690009236335754,0.29476606845855713,0.0412462018430233,-0.27992603182792664,0.6941632032394409,0.6649464964866638,0.07088202238082886,-0.1573891043663025,0.6409037113189697,0.30075758695602417,0.049819786101579666,-0.26494666934013367,0.6659092903137207,0.5111159086227417,0.34966063499450684,-0.0012510621454566717,0.9999377727508545,0.47246313095092773,0.3556022644042969,0.0011027546133846045,0.9999222159385681,0.5477556586265564,0.5112894773483276,-0.1550145149230957,0.8144535422325134,0.44298839569091797,0.5217198133468628,-0.11852848529815674,0.7238581776618958,0.5447224974632263,0.6648239493370056,0.07085077464580536,0.9116637110710144,0.4601857662200928,0.6569306254386902,0.11140097677707672,0.8662976026535034,0.5352083444595337,0.67657470703125,0.08831990510225296,0.631386935710907,0.4707631468772888,0.6681673526763916,0.13142436742782593,0.5661250352859497,0.5610264539718628,0.7373109459877014,-0.012362182140350342,0.8817471265792847,0.4429934620857239,0.7267106175422668,0.036144815385341644,0.8254733681678772,jumpingjack
0.4882548749446869,-0.02531943842768669,-0.4084053635597229,0.9503490924835205,0.4916984438896179,-0.044932328164577484,-0.40399080514907837,0.8725214004516602,0.4938085675239563,-0.0454549677670002,-0.4043222963809967,0.8824074268341064,0.49605441093444824,-0.04554932937026024,-0.40431562066078186,0.9132977724075317,0.48720210790634155,-0.04474848508834839,-0.40619683265686035,0.9117847084999084,0.4855051636695862,-0.04472814500331879,-0.4064877927303314,0.9304153323173523,0.4836660325527191,-0.0449657067656517,-0.406669557094574,0.9455920457839966,0.49612775444984436,-0.043359458446502686,-0.3205254077911377,0.9450889825820923,0.47723060846328735,-0.042238716036081314,-0.32800793647766113,0.9172924160957336,0.4912794232368469,-0.010791460983455181,-0.37054669857025146,0.9718319177627563,0.4842933118343353,-0.009977638721466064,-0.37471574544906616,0.9726288318634033,0.5334821939468384,0.06364905089139938,-0.24474725127220154,0.9996638894081116,0.4410266876220703,0.0688372403383255,-0.2290576696395874,0.9985135793685913,0.5820150375366211,0.16928359866142273,-0.2942729592323303,0.7748005390167236,0.3960975706577301,0.1910291463136673,-0.26896584033966064,0.7598024606704712,0.5817955136299133,0.25382089614868164,-0.4837987422943115,0.7127506732940674,0.32836347818374634,0.26859256625175476,-0.43778157234191895,0.7458868622779846,0.583154559135437,0.28167539834976196,-0.5372539162635803,0.6809073686599731,0.37578898668289185,0.3032577633857727,-0.48667722940444946,0.7156442403793335,0.5761919021606445,0.27019771933555603,-0.5641605854034424,0.6985390186309814,0.3845673203468323,0.28368479013442993,-0.5134913325309753,0.7239441871643066,0.5725454688072205,0.26371943950653076,-0.4986158311367035,0.6710495352745056,0.386041522026062,0.2709901034832001,-0.4533821642398834,0.6978429555892944,0.5160254240036011,0.2918928265571594,-0.0013051944551989436,0.9999372959136963,0.47205081582069397,0.29824545979499817,0.0011492760386317968,0.999923586845398,0.5302760004997253,0.48430827260017395,-0.022383714094758034,0.8103874325752258,0.46639737486839294,0.496942400932312,-0.024338673800230026,0.7262349128723145,0.5273357629776001,0.6597201228141785,0.140798881649971,0.9090589284896851,0.47992032766342163,0.6540266275405884,0.11434179544448853,0.8693379759788513,0.5216541290283203,0.6685709953308105,0.14817270636558533,0.6106393337249756,0.4850331246852875,0.6662423610687256,0.14777414500713348,0.5558571219444275,0.523617148399353,0.7304511070251465,0.01809505745768547,0.8842197060585022,0.47897258400917053,0.7266899943351746,0.05078143626451492,0.8312855362892151,jumpingjack
0.4909324049949646,-0.047806236892938614,-0.3783029615879059,0.9523159265518188,0.49470657110214233,-0.06110687181353569,-0.3315519690513611,0.8767692446708679,0.49786344170570374,-0.060390207916498184,-0.3318876028060913,0.8860592246055603,0.5011059045791626,-0.059130746871232986,-0.33188751339912415,0.916391134262085,0.48706039786338806,-0.06006813421845436,-0.3412145972251892,0.9151888489723206,0.4851295053958893,-0.05563567951321602,-0.34143954515457153,0.9332738518714905,0.48357638716697693,-0.05439402908086777,-0.3416597247123718,0.9482090473175049,0.5027784109115601,-0.04814469441771507,-0.22806410491466522,0.9463886618614197,0.4766468405723572,-0.04640285670757294,-0.25076115131378174,0.9202613234519958,0.49541133642196655,-0.02600223757326603,-0.31086310744285583,0.9737721681594849,0.48518985509872437,-0.022870590910315514,-0.3263377547264099,0.9746900200843811,0.5383504033088684,0.06725987046957016,-0.16212382912635803,0.9996846318244934,0.44035762548446655,0.07236906886100769,-0.19821295142173767,0.9986355900764465,0.5814124941825867,0.198814257979393,-0.2760280966758728,0.7898417711257935,0.41288965940475464,0.20447027683258057,-0.2184872180223465,0.7810988426208496,0.5643488168716431,0.2625002861022949,-0.37708616256713867,0.7384712100028992,0.405233770608902,0.3034915328025818,-0.3876451849937439,0.7702376842498779,0.5641658306121826,0.30044978857040405,-0.4217030107975006,0.7093158960342407,0.4215615689754486,0.3383156359195709,-0.3790612518787384,0.7423285245895386,0.5525687336921692,0.2819773256778717,-0.44679659605026245,0.7255931496620178,0.42927226424217224,0.32690632343292236,-0.3927779793739319,0.750040590763092,0.5500110387802124,0.27149277925491333,-0.39096635580062866,0.6991608738899231,0.4309123456478119,0.3121628165245056,-0.39223557710647583,0.7256039381027222,0.5194997787475586,0.3110123872756958,0.005391939077526331,0.999936580657959,0.47138985991477966,0.3172708749771118,-0.005569501779973507,0.999923050403595,0.5257939100265503,0.4843652546405792,-0.04981672391295433,0.8170374035835266,0.47083204984664917,0.49660754203796387,-0.017152706161141396,0.7318506836891174,0.5202746391296387,0.6578798890113831,0.12447018921375275,0.9120520353317261,0.48485833406448364,0.6541000604629517,0.1251782327890396,0.8745546340942383,0.5163799524307251,0.6677154302597046,0.13453030586242676,0.6108077168464661,0.4907738268375397,0.6660730838775635,0.155784010887146,0.5528602004051208,0.5170888900756836,0.7291411757469177,0.012329517863690853,0.8887818455696106,0.4838409423828125,0.7259650230407715,0.06192813068628311,0.8369030356407166,jumpingjack
0.48899850249290466,-0.002042144536972046,-0.409712553024292,0.9570110440254211,0.4926629662513733,-0.02038484811782837,-0.40465718507766724,0.8889047503471375,0.4959886074066162,-0.02242213301360607,-0.4049261510372162,0.8972582221031189,0.5004047751426697,-0.020473778247833252,-0.40493887662887573,0.9246264100074768,0.48419350385665894,-0.02212795615196228,-0.40713071823120117,0.9235448241233826,0.48052042722702026,-0.022051125764846802,-0.40738779306411743,0.9398381114006042,0.47623810172080994,-0.021249234676361084,-0.40758585929870605,0.9533101916313171,0.5102285146713257,-0.008146107196807861,-0.32301098108291626,0.9516950249671936,0.4691835045814514,-0.00994601845741272,-0.33144301176071167,0.9281195402145386,0.4938620626926422,0.016569912433624268,-0.37268874049186707,0.9763836860656738,0.48392781615257263,0.017785996198654175,-0.3766108751296997,0.9772077798843384,0.5403826832771301,0.09777113795280457,-0.22090928256511688,0.9997154474258423,0.43838921189308167,0.09847267717123032,-0.24528703093528748,0.9987685084342957,0.5522404313087463,0.2347952127456665,-0.20264962315559387,0.8102827668190002,0.4298056960105896,0.237798273563385,-0.22770139575004578,0.8020660877227783,0.5375064015388489,0.32340019941329956,-0.32286515831947327,0.7641239166259766,0.44555386900901794,0.3407004475593567,-0.30685877799987793,0.7924793362617493,0.5347117185592651,0.35824838280677795,-0.3607489764690399,0.7374630570411682,0.4525388777256012,0.3692167401313782,-0.3447049558162689,0.7668412327766418,0.5230926275253296,0.3408313989639282,-0.38653790950775146,0.7522183060646057,0.46394819021224976,0.35743775963783264,-0.36336207389831543,0.7739211320877075,0.5213790535926819,0.3290276527404785,-0.3348555564880371,0.7278738617897034,0.4636296331882477,0.34645089507102966,-0.31586572527885437,0.7510557770729065,0.517885684967041,0.3240028917789459,0.008020256645977497,0.9999409914016724,0.46291232109069824,0.3276166319847107,-0.008134257979691029,0.9999285340309143,0.5131006836891174,0.5097109079360962,0.008997875265777111,0.8332662582397461,0.4701005816459656,0.5136528611183167,-0.0006893329555168748,0.7559307217597961,0.5083553791046143,0.6729413270950317,0.15712523460388184,0.9200082421302795,0.486516535282135,0.6746335625648499,0.15129689872264862,0.8860580325126648,0.503513753414154,0.6874701380729675,0.1644406020641327,0.6361929774284363,0.49060481786727905,0.6895524859428406,0.16158460080623627,0.5828917622566223,0.5091150403022766,0.7285282611846924,0.03730226680636406,0.8988680839538574,0.4846772253513336,0.7298692464828491,0.04488213732838631,0.8516600131988525,jumpingjack
0.4837314486503601,-0.03458978235721588,-0.19722920656204224,0.9605672359466553,0.48660722374916077,-0.05362201854586601,-0.1993238925933838,0.8968331813812256,0.48894229531288147,-0.05527397617697716,-0.19952121376991272,0.9043211340904236,0.4914800524711609,-0.05628092586994171,-0.19951483607292175,0.9297882914543152,0.4801332354545593,-0.05059322342276573,-0.19503268599510193,0.9295571446418762,0.4780275225639343,-0.04976582154631615,-0.19532233476638794,0.9444737434387207,0.47537165880203247,-0.04904867708683014,-0.19548176229000092,0.9570238590240479,0.49788761138916016,-0.05529114231467247,-0.1656302809715271,0.9555542469024658,0.47072768211364746,-0.04566234350204468,-0.1426023691892624,0.9346990585327148,0.4890317916870117,-0.02206750027835369,-0.17922866344451904,0.9785053730010986,0.481543630361557,-0.01806783303618431,-0.1741681843996048,0.9792872071266174,0.540631890296936,0.03450614586472511,-0.13119597733020782,0.9997395277023315,0.43592387437820435,0.04136468097567558,-0.09063638001680374,0.9988846182823181,0.5819247364997864,0.11554871499538422,-0.2179751694202423,0.8150802850723267,0.39279285073280334,0.15208302438259125,-0.05478861927986145,0.8123357892036438,0.6192836165428162,0.13996368646621704,-0.3937532305717468,0.7562392354011536,0.39723581075668335,0.2611253559589386,-0.07195361703634262,0.7951217889785767,0.6377607583999634,0.14571477472782135,-0.43335962295532227,0.7325934767723083,0.4039331078529358,0.2975565195083618,-0.08588272333145142,0.7656733393669128,0.6303725242614746,0.13213494420051575,-0.451521635055542,0.7487552165985107,0.40933483839035034,0.2933858335018158,-0.11138556897640228,0.7739045023918152,0.6222213506698608,0.1320648044347763,-0.40598177909851074,0.7210191488265991,0.41035157442092896,0.2762068510055542,-0.08350353688001633,0.7521874904632568,0.5200801491737366,0.2797926962375641,-0.011463460512459278,0.9999444484710693,0.4628804624080658,0.2830967605113983,0.01120889000594616,0.9999334216117859,0.5305149555206299,0.4689909517765045,-0.023654406890273094,0.8431552648544312,0.45450863242149353,0.476031631231308,-0.016786934807896614,0.7734081745147705,0.5469114780426025,0.6554853916168213,0.08873885869979858,0.925909161567688,0.4577217698097229,0.6498037576675415,0.11822346597909927,0.8932370543479919,0.5424963235855103,0.6688429713249207,0.09361697733402252,0.6496231555938721,0.4659147262573242,0.6666420102119446,0.12854282557964325,0.5997656583786011,0.5576058030128479,0.7248305678367615,-0.014431660994887352,0.9061915278434753,0.4412122368812561,0.7274602055549622,0.03966477885842323,0.8614067435264587,jumpingjack
0.48713746666908264,-0.027355056256055832,-0.31733861565589905,0.964161217212677,0.492240846157074,-0.04911304637789726,-0.3107253313064575,0.9051899909973145,0.4961051046848297,-0.05265849083662033,-0.3110136389732361,0.9122232794761658,0.49919652938842773,-0.05396485701203346,-0.3110162019729614,0.935312807559967,0.4816369116306305,-0.04537814110517502,-0.31256431341171265,0.9356324076652527,0.4787686765193939,-0.04467766731977463,-0.31286436319351196,0.9493552446365356,0.47585153579711914,-0.04379943385720253,-0.31306228041648865,0.9607177376747131,0.4980551302433014,-0.05063807591795921,-0.23306719958782196,0.9592368602752686,0.470465749502182,-0.03941139578819275,-0.24043841660022736,0.940483033657074,0.49299612641334534,-0.015967046841979027,-0.28407996892929077,0.9800450205802917,0.48337188363075256,-0.01092149131000042,-0.2871658205986023,0.9808937907218933,0.5416569113731384,0.043199460953474045,-0.15850287675857544,0.9996993541717529,0.4318361282348633,0.04221208021044731,-0.16635000705718994,0.9989217519760132,0.6040756106376648,0.11773693561553955,-0.17950718104839325,0.8138337135314941,0.3612670600414276,0.09917758405208588,-0.14742782711982727,0.8270761966705322,0.6597650051116943,0.06371964514255524,-0.2856026887893677,0.7579419612884521,0.30645179748535156,0.0449301041662693,-0.1871894896030426,0.8126122355461121,0.679179847240448,0.050619639456272125,-0.3049831688404083,0.7339745759963989,0.2896276116371155,0.02878301590681076,-0.20586368441581726,0.7836818099021912,0.6750701665878296,0.033685170114040375,-0.33407527208328247,0.7522104978561401,0.29005616903305054,0.025189580395817757,-0.22972004115581512,0.7917752861976624,0.6665535569190979,0.03773440420627594,-0.30203956365585327,0.7257762551307678,0.294394850730896,0.029138416051864624,-0.20032110810279846,0.7723694443702698,0.5200302600860596,0.3228667974472046,-0.008031658828258514,0.9999462962150574,0.45625177025794983,0.3250940442085266,0.007866782136261463,0.9999366402626038,0.5458583235740662,0.500581681728363,-0.021486854180693626,0.8502713441848755,0.4440194070339203,0.5102578401565552,0.0030142769683152437,0.7842157483100891,0.5567021369934082,0.6626917123794556,0.20051713287830353,0.9305078387260437,0.4501863121986389,0.6613308191299438,0.21631574630737305,0.9002293944358826,0.5507462620735168,0.6771138906478882,0.2146146595478058,0.6701197028160095,0.45651936531066895,0.6755697727203369,0.23297831416130066,0.6205183267593384,0.5769824981689453,0.7426754236221313,0.0987573117017746,0.9121987223625183,0.43413835763931274,0.7431057691574097,0.12237267196178436,0.869326651096344,jumpingjack
0.4836746156215668,-0.0694042295217514,-0.30120962858200073,0.965883731842041,0.4879480004310608,-0.08661607652902603,-0.2952466607093811,0.9071905016899109,0.49058717489242554,-0.08784742653369904,-0.2955504059791565,0.9138975143432617,0.4928073287010193,-0.08841104805469513,-0.2955510914325714,0.9359356164932251,0.4795243740081787,-0.08460190147161484,-0.29432299733161926,0.9375975728034973,0.4773513376712799,-0.0840521976351738,-0.2946268320083618,0.951250433921814,0.4750969409942627,-0.08371974527835846,-0.2948254644870758,0.9620891809463501,0.49513617157936096,-0.08509616553783417,-0.21917691826820374,0.9607551693916321,0.470527321100235,-0.07966627925634384,-0.21272797882556915,0.9430752992630005,0.48871803283691406,-0.05554046109318733,-0.26782819628715515,0.9812290072441101,0.4805709719657898,-0.05304231494665146,-0.26767823100090027,0.9820040464401245,0.541549563407898,0.021952617913484573,-0.14676813781261444,0.9997174739837646,0.4296879172325134,0.027624163776636124,-0.14212997257709503,0.9990037083625793,0.586863100528717,0.11618927866220474,-0.17204388976097107,0.815081775188446,0.38630610704421997,0.12882764637470245,-0.16982121765613556,0.8316864967346191,0.6206020712852478,0.14750602841377258,-0.30362898111343384,0.7595242261886597,0.3464641571044922,0.13639558851718903,-0.3273978531360626,0.8259519338607788,0.6350575685501099,0.1692400425672531,-0.3333955705165863,0.7326950430870056,0.32829782366752625,0.14774642884731293,-0.36586993932724,0.797875165939331,0.6300061941146851,0.1550910621881485,-0.35543331503868103,0.7521557807922363,0.32921725511550903,0.14167919754981995,-0.3972318768501282,0.8061935901641846,0.6230440139770508,0.14932039380073547,-0.31667301058769226,0.7236276268959045,0.33592715859413147,0.13856634497642517,-0.34650877118110657,0.7872002124786377,0.5199779868125916,0.28393474221229553,-0.005508108530193567,0.9999484419822693,0.4566054344177246,0.2881369888782501,0.005390810780227184,0.9999396204948425,0.5368065237998962,0.47382137179374695,0.005092310253530741,0.8589642643928528,0.45028114318847656,0.4722785949707031,-0.0012335606152191758,0.7974500060081482,0.5440627932548523,0.6496718525886536,0.19805803894996643,0.9353557229042053,0.4594876170158386,0.6510209441184998,0.1861301064491272,0.9063214063644409,0.537947416305542,0.6656880378723145,0.20815932750701904,0.6784185767173767,0.46568435430526733,0.6666539311408997,0.19921210408210754,0.6256649494171143,0.5574162006378174,0.7318365573883057,0.07541229575872421,0.9180722236633301,0.4470485746860504,0.7360231876373291,0.10146304219961166,0.876876711845398,jumpingjack
0.4890943467617035,-0.0557822659611702,-0.32817062735557556,0.9635862708091736,0.4888255000114441,-0.08343589305877686,-0.32016289234161377,0.902104377746582,0.4918699264526367,-0.08040960878133774,-0.32048463821411133,0.9093999862670898,0.49469441175460815,-0.0744735524058342,-0.3204924762248993,0.9321686625480652,0.48023778200149536,-0.08156747370958328,-0.3226754367351532,0.9340264797210693,0.47759661078453064,-0.07810352742671967,-0.3229650557041168,0.9492378234863281,0.4754531979560852,-0.07401899993419647,-0.32317280769348145,0.9606059193611145,0.49738574028015137,-0.0810106173157692,-0.23265087604522705,0.9584318995475769,0.47061020135879517,-0.07390029728412628,-0.24558904767036438,0.9393064379692078,0.4889832139015198,-0.03881466016173363,-0.2919856607913971,0.9814857244491577,0.4806869924068451,-0.03677990287542343,-0.2959635257720947,0.9824403524398804,0.5401455760002136,0.039808329194784164,-0.15899738669395447,0.9997299313545227,0.4298222064971924,0.04739485681056976,-0.17118170857429504,0.9990670084953308,0.5605854392051697,0.19166360795497894,-0.1758219450712204,0.8240876793861389,0.40499013662338257,0.19321084022521973,-0.22338351607322693,0.8434140086174011,0.5546523332595825,0.26255229115486145,-0.3580745458602905,0.7796505689620972,0.4163672924041748,0.2594453692436218,-0.39723339676856995,0.8423985242843628,0.5518368482589722,0.2971838712692261,-0.40363603830337524,0.7551235556602478,0.42118531465530396,0.28890830278396606,-0.44659480452537537,0.8169103264808655,0.5434916019439697,0.2733108401298523,-0.42858439683914185,0.7731476426124573,0.4226204454898834,0.26852425932884216,-0.4670466482639313,0.8245623111724854,0.5411386489868164,0.26245662569999695,-0.37150928378105164,0.7452771663665771,0.4243320822715759,0.2561052441596985,-0.41010627150535583,0.8066362738609314,0.5180683732032776,0.2934718430042267,-0.0015932467067614198,0.9999387264251709,0.45678120851516724,0.2979885935783386,0.0014680989552289248,0.9999288320541382,0.5272077918052673,0.47897088527679443,-0.026832913979887962,0.8644441962242126,0.4587504267692566,0.4809952974319458,-0.021511588245630264,0.8034958839416504,0.5258995890617371,0.6529779434204102,0.15587851405143738,0.9386608600616455,0.4714187979698181,0.6541712284088135,0.16810044646263123,0.9112805128097534,0.5214808583259583,0.6682553291320801,0.16677935421466827,0.6814573407173157,0.48046964406967163,0.6679710745811462,0.18308982253074646,0.6261229515075684,0.5207698941230774,0.7316491603851318,0.03391215205192566,0.922519862651825,0.46671098470687866,0.7358189821243286,0.06162872165441513,0.8825392723083496,jumpingjack
0.4890672266483307,-0.050805166363716125,-0.3297698497772217,0.962310254573822,0.48974308371543884,-0.06922011077404022,-0.32140281796455383,0.8989169597625732,0.49302953481674194,-0.06799572706222534,-0.3217531442642212,0.9068348407745361,0.49477124214172363,-0.06657271087169647,-0.3217766284942627,0.9303478598594666,0.48041248321533203,-0.0669134110212326,-0.3264818787574768,0.93177729845047,0.4776454567909241,-0.06500553339719772,-0.32678088545799255,0.9480118155479431,0.4754653573036194,-0.06263680011034012,-0.3270147740840912,0.9597947001457214,0.49743905663490295,-0.06466389447450638,-0.23917388916015625,0.9578063488006592,0.4699588716030121,-0.06119725480675697,-0.2562800645828247,0.9371873736381531,0.4900617003440857,-0.029798582196235657,-0.29407134652137756,0.9821271896362305,0.4809039235115051,-0.02728799358010292,-0.30145129561424255,0.9830864071846008,0.5401446223258972,0.04828399419784546,-0.16694048047065735,0.9997432827949524,0.42993444204330444,0.05155650153756142,-0.18551380932331085,0.9991206526756287,0.5571976900100708,0.20338937640190125,-0.18061451613903046,0.8361728191375732,0.4194665849208832,0.2062905877828598,-0.2315860092639923,0.8556060194969177,0.5450543165206909,0.27074551582336426,-0.349100261926651,0.7978947758674622,0.4314267039299011,0.28797483444213867,-0.366690993309021,0.8564824461936951,0.5404906868934631,0.30915042757987976,-0.3917212188243866,0.7751138210296631,0.4363500475883484,0.31967049837112427,-0.41140446066856384,0.8329237699508667,0.5298615097999573,0.2866956293582916,-0.4169955849647522,0.7918330430984497,0.4423629343509674,0.30256640911102295,-0.43092116713523865,0.8400672078132629,0.5286663174629211,0.275852233171463,-0.362366259098053,0.7647526860237122,0.4434043765068054,0.28814610838890076,-0.3782128095626831,0.8226460218429565,0.518721878528595,0.31085437536239624,0.0002129457425326109,0.9999381303787231,0.45757871866226196,0.31555408239364624,-0.00033025912125594914,0.9999282360076904,0.5241206884384155,0.4823632538318634,-0.021561678498983383,0.8727492094039917,0.46180588006973267,0.48246467113494873,0.026802238076925278,0.8120074272155762,0.5185507535934448,0.6529164910316467,0.1811188906431198,0.9423084855079651,0.4771779477596283,0.655938982963562,0.2134455442428589,0.9170565605163574,0.5152407288551331,0.6659702062606812,0.19321756064891815,0.6902099847793579,0.48520922660827637,0.6690735220909119,0.22700658440589905,0.6356931924819946,0.5138186812400818,0.7315177321434021,0.07239815592765808,0.9268146753311157,0.4737294614315033,0.7354370951652527,0.11160413920879364,0.8888623118400574,jumpingjack
0.48944395780563354,-0.032330021262168884,-0.393100380897522,0.9642295837402344,0.49074259400367737,-0.050479479134082794,-0.394059956073761,0.9012405872344971,0.49337297677993774,-0.05041845142841339,-0.39440110325813293,0.9080098867416382,0.49492087960243225,-0.05042063817381859,-0.3944118618965149,0.9312400221824646,0.4825803339481354,-0.04899964481592178,-0.3977413773536682,0.9342002272605896,0.48022109270095825,-0.049017056822776794,-0.3980647623538971,0.9496364593505859,0.47812017798423767,-0.04936549812555313,-0.39827972650527954,0.9610549807548523,0.49796193838119507,-0.05944308638572693,-0.32840266823768616,0.9578127264976501,0.47193390130996704,-0.053729262202978134,-0.34206920862197876,0.9383050203323364,0.4903654456138611,-0.02500816248357296,-0.36064890027046204,0.9819204807281494,0.48035144805908203,-0.023197351023554802,-0.36652320623397827,0.9829689860343933,0.5382511019706726,0.013072540983557701,-0.2521854639053345,0.9997501969337463,0.43026965856552124,0.025119604542851448,-0.2569091320037842,0.9991577863693237,0.5676978826522827,0.11003390699625015,-0.25897106528282166,0.8340618014335632,0.40129661560058594,0.12160953134298325,-0.2962772846221924,0.8556436896324158,0.6072195768356323,0.14156688749790192,-0.3588094115257263,0.7813935279846191,0.353853315114975,0.1585276871919632,-0.40567904710769653,0.8529586791992188,0.6267706155776978,0.14570733904838562,-0.3870123624801636,0.7500220537185669,0.3374501168727875,0.1623038351535797,-0.4358748495578766,0.8199063539505005,0.6242662072181702,0.13306014239788055,-0.41749459505081177,0.7706683278083801,0.33418765664100647,0.15945015847682953,-0.46452125906944275,0.8303406238555908,0.6153267621994019,0.13308945298194885,-0.3743704855442047,0.7430673837661743,0.3434145748615265,0.16251860558986664,-0.42226845026016235,0.8122569918632507,0.5187864899635315,0.2757226824760437,-0.0011195112019777298,0.9999405741691589,0.4578956067562103,0.28052660822868347,0.0009418308036401868,0.9999309182167053,0.530758261680603,0.4690980315208435,-0.016871824860572815,0.8643531799316406,0.44917958974838257,0.46991631388664246,0.016054218634963036,0.8045958280563354,0.5486158728599548,0.6501539349555969,0.13098986446857452,0.9413655996322632,0.4521975517272949,0.6481709480285645,0.16743186116218567,0.9158716797828674,0.5427846908569336,0.6661586761474609,0.13524757325649261,0.672919750213623,0.4595777094364166,0.6612461805343628,0.17649498581886292,0.624521791934967,0.5628854036331177,0.7318333387374878,0.00622588163241744,0.9258419871330261,0.43506187200546265,0.7343039512634277,0.063461534678936,0.8873958587646484,jumpingjack
0.4873536229133606,-0.00853000022470951,-0.3599866032600403,0.9669263362884521,0.49063175916671753,-0.026866436004638672,-0.35155314207077026,0.9067173600196838,0.49346598982810974,-0.026401357725262642,-0.35187292098999023,0.9133133292198181,0.495648056268692,-0.026260601356625557,-0.35189905762672424,0.9350003004074097,0.4810844361782074,-0.026318680495023727,-0.35224449634552,0.9383395910263062,0.4779500365257263,-0.026015615090727806,-0.35261547565460205,0.9527630805969238,0.47462359070777893,-0.026152925565838814,-0.35283082723617554,0.9633911848068237,0.49809056520462036,-0.01985897123813629,-0.28364336490631104,0.960302472114563,0.46693649888038635,-0.01915576122701168,-0.28229978680610657,0.9423676133155823,0.4904021620750427,0.008027075789868832,-0.3302747309207916,0.9820703268051147,0.4800444543361664,0.00776091730222106,-0.33221107721328735,0.983265221118927,0.543205976486206,0.08397781103849411,-0.22952517867088318,0.9996300935745239,0.42320775985717773,0.0905446782708168,-0.21459035575389862,0.9990358948707581,0.6145362854003906,0.10505858808755875,-0.23079819977283478,0.8293128609657288,0.3526826798915863,0.1104573905467987,-0.18727533519268036,0.8632891178131104,0.6670905351638794,0.0573989562690258,-0.32182496786117554,0.7656288743019104,0.2928028404712677,0.03935360535979271,-0.18163976073265076,0.8532814383506775,0.688077449798584,0.04553963243961334,-0.33613866567611694,0.7272142767906189,0.2747122049331665,0.023515734821558,-0.18828105926513672,0.810308039188385,0.6829516291618347,0.030156033113598824,-0.3645157516002655,0.7498953342437744,0.27501118183135986,0.013095643371343613,-0.21242380142211914,0.8222489953041077,0.6745638847351074,0.03546369448304176,-0.3376072347164154,0.7249159216880798,0.28077906370162964,0.02036164328455925,-0.19467808306217194,0.8067905902862549,0.519770085811615,0.3611406981945038,-0.0029010793659836054,0.9999332427978516,0.45493239164352417,0.36588722467422485,0.0026961236726492643,0.9999217987060547,0.5461679697036743,0.531494677066803,-0.17450843751430511,0.8614847660064697,0.4329288899898529,0.5407609939575195,-0.06177820637822151,0.7827329635620117,0.5658801794052124,0.6937395930290222,0.03326382115483284,0.921479344367981,0.4395398497581482,0.6792399883270264,0.16573700308799744,0.8845411539077759,0.5628437995910645,0.7101374268531799,0.048677802085876465,0.6587453484535217,0.4468819499015808,0.6937680840492249,0.17917406558990479,0.5982809066772461,0.575225293636322,0.766155481338501,-0.056841541081666946,0.9044695496559143,0.4169211983680725,0.7555204629898071,0.08765583485364914,0.8508158922195435,jumpingjack
0.49376043677330017,0.011001109145581722,-0.2831801772117615,0.9613760113716125,0.49503985047340393,-0.00528957461938262,-0.29198482632637024,0.890178918838501,0.4966816008090973,-0.007932083681225777,-0.29229864478111267,0.8956595063209534,0.4980696141719818,-0.010080230422317982,-0.29227203130722046,0.9225847721099854,0.4880090355873108,-0.0005352693842723966,-0.2929533123970032,0.9293923377990723,0.48575910925865173,0.00011596392869250849,-0.2932991087436676,0.9437392354011536,0.48340901732444763,0.00037692690966650844,-0.2934965193271637,0.9589528441429138,0.49832311272621155,-0.019673192873597145,-0.2733628451824188,0.9486560821533203,0.47496193647384644,-0.009251520037651062,-0.26969170570373535,0.9386109709739685,0.4944613575935364,0.013154391199350357,-0.26574283838272095,0.9798617362976074,0.48816972970962524,0.01771940290927887,-0.2676394581794739,0.9821178317070007,0.5452518463134766,0.06393712013959885,-0.2318277359008789,0.9996587038040161,0.4236443042755127,0.06491238623857498,-0.1922353208065033,0.9991181492805481,0.596757173538208,0.12766194343566895,-0.33846160769462585,0.799537181854248,0.36581212282180786,0.131515771150589,-0.07355678826570511,0.8558783531188965,0.6428056955337524,0.13164880871772766,-0.525347888469696,0.7170647382736206,0.39145639538764954,0.2335711121559143,0.01446068100631237,0.8452615141868591,0.6604539155960083,0.13859544694423676,-0.5674329996109009,0.6816385388374329,0.3825373947620392,0.2684808373451233,0.015531361103057861,0.7902013063430786,0.6566842794418335,0.1252773553133011,-0.5832522511482239,0.7047220468521118,0.3898588716983795,0.26354578137397766,-0.01194456685334444,0.8036074042320251,0.6488939523696899,0.1241455003619194,-0.5366595983505249,0.6773831844329834,0.39595791697502136,0.25076061487197876,0.005020759999752045,0.7862804532051086,0.5187345147132874,0.30828216671943665,-0.015890609472990036,0.9999374747276306,0.4545499384403229,0.30423644185066223,0.015633439645171165,0.999927282333374,0.5415684580802917,0.5034245252609253,-0.0010112063027918339,0.8493494987487793,0.440437376499176,0.4976893961429596,0.0469161681830883,0.7763330936431885,0.5593991279602051,0.6850205063819885,0.13729414343833923,0.9244597554206848,0.4445088505744934,0.672751784324646,0.2337508648633957,0.8854069709777832,0.5528478026390076,0.6960783004760742,0.1451125144958496,0.6557366251945496,0.4522746503353119,0.6930092573165894,0.24861657619476318,0.5880598425865173,0.5716213583946228,0.758048951625824,0.03213575854897499,0.9077191948890686,0.4260764718055725,0.7515092492103577,0.151312917470932,0.852226734161377,jumpingjack
0.48969608545303345,-0.04145350307226181,-0.4773687422275543,0.9633551836013794,0.4922575354576111,-0.04798445850610733,-0.46714702248573303,0.896145761013031,0.4944961965084076,-0.04683859646320343,-0.4675261378288269,0.901065468788147,0.4970278739929199,-0.04508693888783455,-0.4675212502479553,0.9263232946395874,0.4837568402290344,-0.04719892144203186,-0.4731104373931885,0.9334582686424255,0.48125630617141724,-0.045965299010276794,-0.4734165668487549,0.9473177790641785,0.4787345826625824,-0.04439622908830643,-0.47367215156555176,0.9614419341087341,0.4976356625556946,-0.057537615299224854,-0.36459881067276,0.9511310458183289,0.4709537625312805,-0.04119011387228966,-0.3893183767795563,0.9417591691017151,0.49069881439208984,-0.022020015865564346,-0.4329620897769928,0.9812471866607666,0.48389825224876404,-0.02055532857775688,-0.4422398507595062,0.983397364616394,0.5421117544174194,0.06450560688972473,-0.2793729603290558,0.9996763467788696,0.4245591163635254,0.07164990901947021,-0.3016466796398163,0.9991762042045593,0.5701503753662109,0.19915281236171722,-0.35690465569496155,0.8060827255249023,0.39500340819358826,0.19593991339206696,-0.406668096780777,0.8647720813751221,0.5608495473861694,0.25772592425346375,-0.5878215432167053,0.7376004457473755,0.41013962030410767,0.2738533318042755,-0.6517096161842346,0.8597719669342041,0.5585718154907227,0.28622642159461975,-0.6512330174446106,0.7062473297119141,0.41226059198379517,0.30373892188072205,-0.723047137260437,0.8100494146347046,0.5496417284011841,0.26172971725463867,-0.6776571273803711,0.7282153964042664,0.4218304753303528,0.2790962755680084,-0.7417212724685669,0.8223245143890381,0.5466018915176392,0.2546750605106354,-0.6038755178451538,0.6997281908988953,0.42387980222702026,0.2695266604423523,-0.6667078733444214,0.8056318759918213,0.5199450254440308,0.3075551688671112,6.871448567835614e-05,0.9999215602874756,0.45730718970298767,0.30627143383026123,-0.00019468044047243893,0.9999125003814697,0.5299168825149536,0.4956481158733368,-0.008976096287369728,0.8179944753646851,0.44869107007980347,0.4909767508506775,-0.008870205841958523,0.7514501214027405,0.5294519662857056,0.6753469705581665,0.19270139932632446,0.9078577756881714,0.4694679379463196,0.6632547378540039,0.2111540585756302,0.8744951486587524,0.524796187877655,0.6835690140724182,0.2059495747089386,0.6208454966545105,0.47830909490585327,0.6787634491920471,0.22756846249103546,0.5608146786689758,0.5277237296104431,0.7567764520645142,0.06843958795070648,0.8959517478942871,0.468759685754776,0.7481841444969177,0.12206214666366577,0.8393182754516602,jumpingjack
0.48967042565345764,-0.016054578125476837,-0.4215175211429596,0.9615317583084106,0.493499219417572,-0.028846608474850655,-0.46322911977767944,0.8937634825706482,0.49716100096702576,-0.027791012078523636,-0.4620887339115143,0.8987544775009155,0.5009157061576843,-0.026909934356808662,-0.46191173791885376,0.9246741533279419,0.48376455903053284,-0.030511215329170227,-0.4517820477485657,0.9311578869819641,0.4812179505825043,-0.030187683179974556,-0.45167627930641174,0.9462394714355469,0.47865262627601624,-0.02973918430507183,-0.45114439725875854,0.9608921408653259,0.5044363737106323,-0.02352961152791977,-0.28070032596588135,0.9490453004837036,0.471172958612442,-0.02152797020971775,-0.30384379625320435,0.9369798302650452,0.4930642247200012,0.0034406522754579782,-0.40034031867980957,0.9810314178466797,0.4839540421962738,0.0010119793005287647,-0.4324444830417633,0.9833812117576599,0.542438268661499,0.09130006283521652,-0.18916009366512299,0.9996805787086487,0.42997822165489197,0.09110124409198761,-0.22097894549369812,0.999215841293335,0.5580351948738098,0.24379639327526093,-0.2035788744688034,0.8178530335426331,0.417766273021698,0.23043587803840637,-0.30353397130966187,0.8726801872253418,0.5396424531936646,0.3002946078777313,-0.39664801955223083,0.7588706612586975,0.43256035447120667,0.30709707736968994,-0.4110090136528015,0.8714203834533691,0.5326691269874573,0.3323162794113159,-0.45807069540023804,0.730021059513092,0.43886739015579224,0.3382849395275116,-0.46349436044692993,0.825837254524231,0.5235752463340759,0.30686652660369873,-0.486043781042099,0.7504544854164124,0.4477325975894928,0.3206014335155487,-0.48312678933143616,0.8372828960418701,0.5234009027481079,0.2967020273208618,-0.4111645221710205,0.7219960689544678,0.44725316762924194,0.30675211548805237,-0.4235110878944397,0.8202563524246216,0.5205608606338501,0.35728245973587036,0.0018115248531103134,0.9999208450317383,0.4587278962135315,0.3569338917732239,-0.0019237932283431292,0.999912679195404,0.5257143974304199,0.51683109998703,0.07556314766407013,0.8285923004150391,0.4653390049934387,0.5223453640937805,0.09041517972946167,0.7605133652687073,0.5205157995223999,0.6743964552879333,0.31843018531799316,0.9134506583213806,0.4786158502101898,0.6640449166297913,0.33140337467193604,0.8819653391838074,0.5149486660957336,0.6833590865135193,0.33459869027137756,0.6302558779716492,0.48522108793258667,0.6790797114372253,0.3498131334781647,0.5728668570518494,0.5196238160133362,0.7554118037223816,0.20025639235973358,0.9015373587608337,0.4730159342288971,0.747600793838501,0.2241358458995819,0.8477470874786377,jumpingjack
0.4911932945251465,-0.014308621175587177,-0.36075490713119507,0.9649953842163086,0.49536842107772827,-0.028378264978528023,-0.37887847423553467,0.9032977819442749,0.4981006979942322,-0.02808849886059761,-0.3788287937641144,0.9078921675682068,0.5011395812034607,-0.027580324560403824,-0.3786690831184387,0.9314326047897339,0.4874056875705719,-0.029278138652443886,-0.3732207119464874,0.9374151229858398,0.4853687286376953,-0.029380930587649345,-0.37358686327934265,0.9511450529098511,0.48327046632766724,-0.029404889792203903,-0.3736671209335327,0.9644501805305481,0.5045910477638245,-0.02923981100320816,-0.2836483120918274,0.953764796257019,0.4777921140193939,-0.02976929023861885,-0.2987337112426758,0.9428791403770447,0.49370670318603516,0.001761311781592667,-0.3360927999019623,0.9827097654342651,0.48633646965026855,-5.3366966312751174e-05,-0.344015508890152,0.9848872423171997,0.5421823859214783,0.0319192074239254,-0.18750789761543274,0.9997082948684692,0.43347978591918945,0.03771732375025749,-0.1867474466562271,0.9992890357971191,0.561767041683197,0.1283632069826126,-0.07926711440086365,0.8226423263549805,0.41265201568603516,0.1431707739830017,-0.004571222234517336,0.8759984970092773,0.6040014624595642,0.1779191941022873,-0.014717926271259785,0.7746412754058838,0.4224260747432709,0.29231271147727966,0.13774427771568298,0.8782849907875061,0.6193393468856812,0.20282001793384552,-0.00830401387065649,0.7426149845123291,0.4277239739894867,0.3094850182533264,0.1503594070672989,0.8302789926528931,0.6117578744888306,0.18791992962360382,-0.03902924805879593,0.7629333138465881,0.41769546270370483,0.28826412558555603,0.12584874033927917,0.8421685099601746,0.6051334142684937,0.18050983548164368,-0.023771002888679504,0.7343072891235352,0.4195180833339691,0.28075551986694336,0.13173478841781616,0.8246454000473022,0.521300196647644,0.28401196002960205,0.002531158272176981,0.9999265074729919,0.4608749449253082,0.2834448218345642,-0.0026363180950284004,0.9999189376831055,0.5282827615737915,0.4851807951927185,0.03786945343017578,0.8395950198173523,0.4636816382408142,0.46924808621406555,0.019437968730926514,0.780988872051239,0.5218002200126648,0.6453172564506531,0.247370645403862,0.9201014637947083,0.4776882529258728,0.6419949531555176,0.2739993631839752,0.8920877575874329,0.5186396241188049,0.6569857001304626,0.26176387071609497,0.6422706842422485,0.4822145402431488,0.6541615128517151,0.30528563261032104,0.5898261666297913,0.549611508846283,0.7391800880432129,0.14194461703300476,0.9091084003448486,0.46190008521080017,0.7315471172332764,0.1804959923028946,0.8604195713996887,jumpingjack
0.4911500811576843,0.2624472975730896,-0.34658676385879517,0.9680735468864441,0.49519723653793335,0.24724236130714417,-0.37698253989219666,0.9122558832168579,0.49797362089157104,0.24140393733978271,-0.3772255778312683,0.9162372350692749,0.5010464191436768,0.23638997972011566,-0.37714678049087524,0.9377651214599609,0.486478328704834,0.25289222598075867,-0.37772756814956665,0.9434180855751038,0.48392215371131897,0.25144198536872864,-0.37813135981559753,0.9557760953903198,0.4812392592430115,0.24968266487121582,-0.3783225417137146,0.9678516387939453,0.5046535134315491,0.1815679520368576,-0.39962297677993774,0.9581704139709473,0.47002172470092773,0.19841516017913818,-0.41124671697616577,0.9484663009643555,0.49369415640830994,0.23702555894851685,-0.33477848768234253,0.9840933084487915,0.4864535927772522,0.24356208741664886,-0.3412702679634094,0.9861623644828796,0.5511237382888794,0.058185406029224396,-0.31239449977874756,0.9997353553771973,0.41853976249694824,0.06567399948835373,-0.31459298729896545,0.9993547797203064,0.6114901900291443,0.07557813078165054,-0.13293635845184326,0.8159800171852112,0.39904412627220154,0.14520607888698578,-0.11905118077993393,0.8569756746292114,0.6798415780067444,0.03714466094970703,-0.1287221908569336,0.7506161332130432,0.41715002059936523,0.2735779583454132,-0.030600208789110184,0.8316380381584167,0.6985594034194946,0.027550378814339638,-0.1251676380634308,0.7176507711410522,0.4170629382133484,0.2983347475528717,-0.021778035908937454,0.7737914323806763,0.7021130919456482,0.023665275424718857,-0.1492263376712799,0.7413002252578735,0.41239652037620544,0.28614377975463867,-0.03851306810975075,0.7875561714172363,0.6943851709365845,0.029736140742897987,-0.13680364191532135,0.7132099270820618,0.4149743914604187,0.27547401189804077,-0.03476042300462723,0.7699822783470154,0.5220838785171509,0.28712067008018494,0.002150193555280566,0.9999336004257202,0.4603859782218933,0.2868874967098236,-0.0022626612335443497,0.9999266862869263,0.5428954362869263,0.4922870993614197,0.13408154249191284,0.8239121437072754,0.44687238335609436,0.4798647463321686,0.13634948432445526,0.7564167380332947,0.551056981086731,0.6546162366867065,0.3266041874885559,0.9130259156227112,0.45493021607398987,0.6584707498550415,0.37242478132247925,0.8812918066978455,0.5429927706718445,0.6711680293083191,0.34287208318710327,0.6290733814239502,0.4626844525337219,0.6706602573394775,0.3954315483570099,0.5705534815788269,0.5704489350318909,0.7398549318313599,0.2842956483364105,0.904167890548706,0.4370594620704651,0.7383781671524048,0.3455210030078888,0.851055920124054,jumpingjack
0.4932002127170563,0.051882948726415634,-0.2992786169052124,0.9708755016326904,0.4954327642917633,0.030692482367157936,-0.310899943113327,0.9197486042976379,0.49788013100624084,0.026136932894587517,-0.31121495366096497,0.9233554005622864,0.500765860080719,0.02233344502747059,-0.31119459867477417,0.943093478679657,0.48851457238197327,0.03943023830652237,-0.3125624656677246,0.9485007524490356,0.4865092635154724,0.04116615653038025,-0.31294840574264526,0.9597170948982239,0.4844095706939697,0.042345840483903885,-0.3131656050682068,0.9707575440406799,0.5026147365570068,0.007047864608466625,-0.31234997510910034,0.9618529081344604,0.47606849670410156,0.030927607789635658,-0.3140442967414856,0.9532838463783264,0.4947761595249176,0.05103708431124687,-0.285165399312973,0.9853680729866028,0.4892871379852295,0.06151532754302025,-0.28862613439559937,0.987324059009552,0.5499840974807739,0.04834889993071556,-0.29478928446769714,0.9997575283050537,0.41931280493736267,0.054563894867897034,-0.2305668592453003,0.9994121789932251,0.6011275053024292,0.0980871319770813,-0.1815371811389923,0.8135433197021484,0.3981769382953644,0.14831577241420746,-0.05595586821436882,0.854443371295929,0.6593512892723083,0.08984412252902985,-0.16473641991615295,0.73017418384552,0.4108995497226715,0.26532799005508423,0.09715430438518524,0.8164871335029602,0.6778484582901001,0.09082164615392685,-0.16625364124774933,0.6875190138816833,0.40979018807411194,0.2957150638103485,0.1129218116402626,0.744394838809967,0.6777122020721436,0.0832723081111908,-0.19291219115257263,0.7137917280197144,0.41015440225601196,0.29433685541152954,0.08793558925390244,0.7603182196617126,0.6704164147377014,0.0844888836145401,-0.17479383945465088,0.6871204972267151,0.4128691256046295,0.27400144934654236,0.09038861095905304,0.7436522841453552,0.5211985111236572,0.2885271906852722,-0.008292117156088352,0.9999378323554993,0.46039947867393494,0.2913391888141632,0.00812932662665844,0.9999312162399292,0.5408613085746765,0.4782678484916687,0.12400299310684204,0.821282684803009,0.4475114941596985,0.4770464599132538,0.08875341713428497,0.7489811182022095,0.554848849773407,0.6559633016586304,0.16621634364128113,0.9141565561294556,0.44991031289100647,0.6604258418083191,0.3060532510280609,0.8818681240081787,0.5475917458534241,0.671369194984436,0.17188633978366852,0.6241175532341003,0.45551347732543945,0.6780548691749573,0.3021032512187958,0.5635291337966919,0.5750046372413635,0.7406914830207825,0.0683932825922966,0.9062935709953308,0.43270593881607056,0.73833167552948,0.28506582975387573,0.8535861968994141,jumpingjack
0.491584450006485,-0.028080251067876816,-0.47611743211746216,0.9733336567878723,0.4941026568412781,-0.04702775180339813,-0.47417789697647095,0.9263503551483154,0.4963816702365875,-0.04853132739663124,-0.47453927993774414,0.9295437932014465,0.49898165464401245,-0.049363791942596436,-0.4745313227176666,0.9477865099906921,0.4868195652961731,-0.04527120664715767,-0.477769136428833,0.9527621269226074,0.4845820963382721,-0.045194111764431,-0.4781056344509125,0.9630256295204163,0.48225340247154236,-0.04540189728140831,-0.4783194959163666,0.9731965065002441,0.5002174377441406,-0.054091956466436386,-0.38870298862457275,0.9647056460380554,0.47422870993614197,-0.049781620502471924,-0.4012104570865631,0.9566416144371033,0.4936068058013916,-0.019328994676470757,-0.43455252051353455,0.9865658283233643,0.48643970489501953,-0.01702737621963024,-0.4403393864631653,0.988373875617981,0.5383039116859436,0.022061899304389954,-0.28697389364242554,0.9997777938842773,0.42496585845947266,0.031710777431726456,-0.2834077477455139,0.999461829662323,0.5620971918106079,0.11140616983175278,-0.2651245594024658,0.8242127299308777,0.4094025194644928,0.15435774624347687,-0.22788786888122559,0.864853024482727,0.572352945804596,0.2137496918439865,-0.40453824400901794,0.7531793713569641,0.4107262194156647,0.26134634017944336,-0.2934233546257019,0.8331704139709473,0.5696319341659546,0.24633754789829254,-0.445718914270401,0.7129249572753906,0.4089602828025818,0.2921527326107025,-0.325456827878952,0.7666895389556885,0.5635467767715454,0.2333815097808838,-0.47755852341651917,0.7374610304832458,0.41256386041641235,0.2855930030345917,-0.35787433385849,0.7815767526626587,0.5610872507095337,0.22277306020259857,-0.419351190328598,0.7108752131462097,0.41625627875328064,0.26963528990745544,-0.30804499983787537,0.765170693397522,0.5197130441665649,0.2674456834793091,-0.004561134148389101,0.9999356865882874,0.4606705605983734,0.27066484093666077,0.004344669170677662,0.9999295473098755,0.5281551480293274,0.46267491579055786,0.03164500370621681,0.8115355968475342,0.4585948884487152,0.46146494150161743,0.025625938549637794,0.7483810782432556,0.5323554277420044,0.6569733619689941,0.14905992150306702,0.9144396781921387,0.4695289731025696,0.6545107960700989,0.17286619544029236,0.8851737976074219,0.5281501412391663,0.6717225909233093,0.15407511591911316,0.6088197827339172,0.4747028946876526,0.6695959568023682,0.18041174113750458,0.5567980408668518,0.5256606340408325,0.7380208969116211,0.011982562020421028,0.9074634909629822,0.46915650367736816,0.7353106141090393,0.05228221416473389,0.8578133583068848,jumpingjack
0.4849379062652588,-0.009231379255652428,-0.3064327836036682,0.963893711566925,0.48743271827697754,-0.022906793281435966,-0.3006633520126343,0.9000134468078613,0.4896875321865082,-0.023385755717754364,-0.30099695920944214,0.9022366404533386,0.4920821189880371,-0.0246872715651989,-0.3010329604148865,0.9271464943885803,0.48172885179519653,-0.021246444433927536,-0.3047935664653778,0.9401938319206238,0.4792300760746002,-0.020739443600177765,-0.3051484227180481,0.9536217451095581,0.4766559600830078,-0.020536942407488823,-0.30540257692337036,0.9673838019371033,0.4950556755065918,-0.022872326895594597,-0.22646884620189667,0.947708010673523,0.4695092737674713,-0.016832565888762474,-0.243295818567276,0.9452451467514038,0.4874163269996643,0.006632980424910784,-0.2734934687614441,0.9804581999778748,0.48090940713882446,0.0072745997458696365,-0.28062552213668823,0.9847350120544434,0.5373951196670532,0.06375326961278915,-0.153974711894989,0.9997503757476807,0.4209526479244232,0.07025527954101562,-0.16506531834602356,0.9995113015174866,0.6036735773086548,0.088595911860466,-0.11892394721508026,0.7830917835235596,0.406179279088974,0.15456798672676086,-0.10335148870944977,0.8460763692855835,0.6706883311271667,0.034334901720285416,-0.14106181263923645,0.690072774887085,0.39966171979904175,0.250760018825531,-0.0938873440027237,0.810054361820221,0.6874425411224365,0.02279895916581154,-0.1518060863018036,0.6505054831504822,0.3954249322414398,0.2838367819786072,-0.10520108044147491,0.7375809550285339,0.6897882223129272,0.01476958766579628,-0.18098881840705872,0.6791553497314453,0.3975725471973419,0.28198209404945374,-0.1309559941291809,0.7543174028396606,0.6837990283966064,0.020340194925665855,-0.15461601316928864,0.6497584581375122,0.4007595479488373,0.2713577151298523,-0.10516029596328735,0.7378922700881958,0.5173737406730652,0.32702118158340454,-0.017823493108153343,0.9999398589134216,0.45639070868492126,0.3258315622806549,0.017632819712162018,0.9999368190765381,0.5324299931526184,0.5017102360725403,0.04565776512026787,0.7777574062347412,0.442767471075058,0.5051936507225037,0.07818528264760971,0.7199301719665527,0.5475967526435852,0.6671545505523682,0.2735443115234375,0.9138583540916443,0.44784313440322876,0.6676056981086731,0.3005083203315735,0.8854260444641113,0.5376851558685303,0.682563066482544,0.29047104716300964,0.6132307648658752,0.4558742046356201,0.6832548975944519,0.31861913204193115,0.5616129636764526,0.5659478902816772,0.7381839156150818,0.16768045723438263,0.9097221493721008,0.43062058091163635,0.7388268113136292,0.20104046165943146,0.8625577092170715,jumpingjack
0.5006227493286133,-0.06296321749687195,-0.3531590402126312,0.96603924036026,0.5012380480766296,-0.08124855905771255,-0.34315475821495056,0.9054195880889893,0.502733051776886,-0.08187831938266754,-0.34344834089279175,0.9076319932937622,0.5042351484298706,-0.08197756856679916,-0.34347325563430786,0.9317172169685364,0.4948892593383789,-0.08071444183588028,-0.3530251085758209,0.9431886076927185,0.49229007959365845,-0.08072025328874588,-0.3533690571784973,0.9556264281272888,0.48960167169570923,-0.08096199482679367,-0.35358402132987976,0.9689496159553528,0.5020062923431396,-0.07952599972486496,-0.2623000741004944,0.9506733417510986,0.48001036047935486,-0.0783955380320549,-0.28419432044029236,0.9473243951797485,0.501366138458252,-0.048213761299848557,-0.3117845058441162,0.9817860126495361,0.4939112663269043,-0.04765069857239723,-0.3257206082344055,0.9856967329978943,0.5433244109153748,0.03778527304530144,-0.1851748824119568,0.999770998954773,0.4242112636566162,0.029529746621847153,-0.17719578742980957,0.9995435476303101,0.6005419492721558,0.09455186128616333,-0.17688019573688507,0.7764606475830078,0.4009110927581787,0.14268872141838074,-0.11769817769527435,0.8377339839935303,0.6664646863937378,0.1295250654220581,-0.3000425398349762,0.6901612281799316,0.4029136300086975,0.24888953566551208,-0.14915156364440918,0.7782970070838928,0.6633417010307312,0.15805135667324066,-0.3367040455341339,0.6489354372024536,0.4089249074459076,0.28609180450439453,-0.16919562220573425,0.7005767226219177,0.6705711483955383,0.15100449323654175,-0.3689212501049042,0.6782349944114685,0.41125255823135376,0.28490349650382996,-0.1997165083885193,0.7180596590042114,0.6754630208015442,0.14349651336669922,-0.31682854890823364,0.6456873416900635,0.40938800573349,0.2706647217273712,-0.16178645193576813,0.6998056173324585,0.511208713054657,0.26300525665283203,-0.009508039802312851,0.9999433159828186,0.45932406187057495,0.2592112720012665,0.009209979325532913,0.999940037727356,0.5244296789169312,0.4748469591140747,0.009502561762928963,0.7802560925483704,0.44833406805992126,0.4630295932292938,0.014296859502792358,0.726799488067627,0.5339126586914062,0.6588279008865356,0.15455301105976105,0.9165942668914795,0.45517697930336,0.6490086913108826,0.18740393221378326,0.889062762260437,0.527296781539917,0.6719011664390564,0.160848930478096,0.6049906015396118,0.4661138653755188,0.6679076552391052,0.19982460141181946,0.5574110150337219,0.540751039981842,0.7309339642524719,0.02195471152663231,0.9112250804901123,0.43446874618530273,0.7313913106918335,0.07848259806632996,0.8646484613418579,jumpingjack
0.4918598234653473,-0.03694600239396095,-0.4009678363800049,0.9657193422317505,0.49526363611221313,-0.05435159429907799,-0.3908759653568268,0.9060409069061279,0.4979126453399658,-0.05486490949988365,-0.39125341176986694,0.9082692861557007,0.49970465898513794,-0.054756540805101395,-0.39126157760620117,0.9320513606071472,0.4882102608680725,-0.054066065698862076,-0.39647459983825684,0.9433797597885132,0.4856257438659668,-0.05405086278915405,-0.3967896103858948,0.9561702609062195,0.4834219515323639,-0.053805116564035416,-0.39705151319503784,0.9693117141723633,0.500530481338501,-0.05479639768600464,-0.29153209924697876,0.9505689144134521,0.47739940881729126,-0.051379527896642685,-0.3153391480445862,0.946640133857727,0.4928465485572815,-0.023716745898127556,-0.35942190885543823,0.9822874069213867,0.48507219552993774,-0.022331634536385536,-0.3679808974266052,0.9860650897026062,0.538671612739563,0.06394055485725403,-0.19700920581817627,0.999771237373352,0.4277213513851166,0.07019131630659103,-0.22946365177631378,0.9995533227920532,0.5604791045188904,0.20511922240257263,-0.21580462157726288,0.7869293093681335,0.41996580362319946,0.21270906925201416,-0.2622654438018799,0.8501365184783936,0.5449672341346741,0.28446269035339355,-0.3822323679924011,0.7134268283843994,0.4345934987068176,0.29224246740341187,-0.4134901463985443,0.799410879611969,0.5406640768051147,0.32025274634361267,-0.42794424295425415,0.675495445728302,0.43822652101516724,0.3252750635147095,-0.4639199674129486,0.7289767265319824,0.5328561663627625,0.29831552505493164,-0.45547908544540405,0.7028413414955139,0.44251006841659546,0.30675798654556274,-0.48401179909706116,0.7449167966842651,0.5313622951507568,0.28634050488471985,-0.3962574303150177,0.6698062419891357,0.4437143802642822,0.29343509674072266,-0.42558756470680237,0.7273664474487305,0.513100266456604,0.31249189376831055,-0.0024496533442288637,0.9999343156814575,0.4594375491142273,0.3116636574268341,0.0022755665704607964,0.9999325275421143,0.5147250890731812,0.4825933277606964,0.027236733585596085,0.7831394076347351,0.4594481587409973,0.4942244291305542,0.0235411636531353,0.7301024794578552,0.5134106278419495,0.6598133444786072,0.21604713797569275,0.9189609289169312,0.47390279173851013,0.6537676453590393,0.21298715472221375,0.8934957385063171,0.5100047588348389,0.6722655892372131,0.22660879790782928,0.6061270236968994,0.48078709840774536,0.6684446334838867,0.2264755666255951,0.5620394349098206,0.5084188580513,0.7309911251068115,0.08888264000415802,0.913004457950592,0.4685923159122467,0.7331308722496033,0.10208159685134888,0.8682129383087158,jumpingjack
0.4919266700744629,-0.030900727957487106,-0.3376891613006592,0.9660582542419434,0.496041476726532,-0.04782811179757118,-0.32577094435691833,0.9073392152786255,0.499453067779541,-0.04786772280931473,-0.326106458902359,0.9097757339477539,0.5004822015762329,-0.04803827032446861,-0.32610589265823364,0.933294951915741,0.4880102276802063,-0.043165046721696854,-0.3315906226634979,0.943798303604126,0.4855886995792389,-0.04282998666167259,-0.33189690113067627,0.9567341804504395,0.48303231596946716,-0.04244343563914299,-0.3321365416049957,0.9697094559669495,0.5008120536804199,-0.047058068215847015,-0.23266401886940002,0.9515752792358398,0.4771173894405365,-0.0416797399520874,-0.25559327006340027,0.9467161297798157,0.49475163221359253,-0.014870594255626202,-0.29665130376815796,0.9829595685005188,0.4850699305534363,-0.012779409065842628,-0.30552560091018677,0.9865490794181824,0.5388421416282654,0.06817913055419922,-0.15379716455936432,0.9997807145118713,0.431600421667099,0.07087473571300507,-0.18151669204235077,0.9995718002319336,0.5562126636505127,0.20770634710788727,-0.15880535542964935,0.7994098663330078,0.4248449206352234,0.20509162545204163,-0.20984938740730286,0.8623788356781006,0.5408341288566589,0.280040979385376,-0.3107704520225525,0.7372461557388306,0.4314383864402771,0.2911604642868042,-0.2988564968109131,0.8183138370513916,0.5384906530380249,0.31525543332099915,-0.35699325799942017,0.7022714018821716,0.4345408082008362,0.3247207999229431,-0.3378210961818695,0.7542784214019775,0.5260336399078369,0.2981080412864685,-0.3825797140598297,0.7275363802909851,0.44163385033607483,0.31035110354423523,-0.3600800931453705,0.7688477635383606,0.5236576795578003,0.286655068397522,-0.3235494792461395,0.6952325105667114,0.44376951456069946,0.29768285155296326,-0.31069156527519226,0.7520590424537659,0.5147233009338379,0.3199125826358795,0.0015113481786102057,0.9999330639839172,0.4595566689968109,0.3200075924396515,-0.001668917597271502,0.9999317526817322,0.5155130624771118,0.4877069294452667,0.007118677254766226,0.7956060171127319,0.46444588899612427,0.4940042793750763,0.010358961299061775,0.7461704015731812,0.5107675790786743,0.6600010991096497,0.1827513426542282,0.9238473773002625,0.47967514395713806,0.6576800346374512,0.1804133802652359,0.9009383320808411,0.507834792137146,0.672549843788147,0.19261881709098816,0.6140981316566467,0.48590317368507385,0.6706034541130066,0.19215160608291626,0.5763598680496216,0.5070621967315674,0.7314595580101013,0.06306895613670349,0.9177873134613037,0.4755682051181793,0.734305739402771,0.07127320766448975,0.8765417337417603,jumpingjack
0.5027633905410767,-0.0890333354473114,-0.21890731155872345,0.9665639400482178,0.5052703022956848,-0.10566151142120361,-0.20933791995048523,0.9064233303070068,0.5072547197341919,-0.10576195269823074,-0.20960791409015656,0.9086054563522339,0.5086395740509033,-0.10531056672334671,-0.20961539447307587,0.9325132966041565,0.4983132481575012,-0.10574802756309509,-0.21506884694099426,0.9436575174331665,0.49595528841018677,-0.10598217695951462,-0.2153697907924652,0.9565515518188477,0.49347859621047974,-0.10642842203378677,-0.21555344760417938,0.9697050452232361,0.5068511962890625,-0.09921935200691223,-0.13202717900276184,0.9524621367454529,0.4851786494255066,-0.10114248842000961,-0.15554271638393402,0.9488214254379272,0.5033729076385498,-0.07092955708503723,-0.1854935586452484,0.9837515950202942,0.49526387453079224,-0.07144950330257416,-0.19418412446975708,0.9872145056724548,0.5383254289627075,0.01570027321577072,-0.07667186111211777,0.9997923970222473,0.43419718742370605,0.019648177549242973,-0.0981767326593399,0.9996005296707153,0.5622475743293762,0.13439492881298065,-0.11291565746068954,0.7883595824241638,0.4121786653995514,0.15024831891059875,-0.08339168131351471,0.869644820690155,0.580470621585846,0.18719863891601562,-0.28131693601608276,0.7335917353630066,0.402374267578125,0.2339392602443695,-0.14490608870983124,0.8305784463882446,0.6028611063957214,0.2249811589717865,-0.3203163146972656,0.7007258534431458,0.4043726921081543,0.28021901845932007,-0.17064572870731354,0.7696467638015747,0.5926169753074646,0.21147510409355164,-0.34759721159935,0.7257577776908875,0.40811386704444885,0.27388954162597656,-0.1996244490146637,0.783498227596283,0.5821456909179688,0.20014336705207825,-0.2967550754547119,0.6914286017417908,0.4131045937538147,0.25856009125709534,-0.15893077850341797,0.7663611769676208,0.5158659815788269,0.29066306352615356,0.001740329316817224,0.9999386072158813,0.4614706039428711,0.2929854393005371,-0.001953133614733815,0.9999375343322754,0.521439790725708,0.47986242175102234,0.011493997648358345,0.8123042583465576,0.46299800276756287,0.47537633776664734,0.01717245951294899,0.7675599455833435,0.5199013948440552,0.6467100977897644,0.21611221134662628,0.9304843544960022,0.47193512320518494,0.6474974155426025,0.18846803903579712,0.9093219637870789,0.5108553767204285,0.6600385308265686,0.2293722927570343,0.6367163062095642,0.482810914516449,0.6602566242218018,0.20960664749145508,0.5981845259666443,0.5386713743209839,0.7217282056808472,0.10950871556997299,0.9243689179420471,0.4612225890159607,0.7268162965774536,0.10033977031707764,0.8859802484512329,jumpingjack
0.5010981559753418,-0.02604168839752674,-0.2983655035495758,0.968821108341217,0.5041195154190063,-0.04192408546805382,-0.2646019756793976,0.908679187297821,0.5055679678916931,-0.04052579030394554,-0.2647511959075928,0.912247896194458,0.5073252320289612,-0.03972458094358444,-0.2649218440055847,0.9345203638076782,0.4958668649196625,-0.04438554868102074,-0.27015095949172974,0.9453697800636292,0.49192681908607483,-0.04371899738907814,-0.2703900933265686,0.9583300948143005,0.4880090653896332,-0.0431353896856308,-0.2704683840274811,0.9702083468437195,0.5070517063140869,-0.0253246258944273,-0.1991802603006363,0.9547505378723145,0.4787777364253998,-0.027807272970676422,-0.2147202491760254,0.9504370093345642,0.5020033121109009,-0.003476643469184637,-0.2575877010822296,0.9834718108177185,0.4934261441230774,-0.0039348965510725975,-0.26605546474456787,0.9868069291114807,0.5431572794914246,0.07917412370443344,-0.10642166435718536,0.9997383952140808,0.43257397413253784,0.08403018116950989,-0.1599852591753006,0.9994718432426453,0.6131553053855896,0.11912227421998978,-0.17838981747627258,0.7984646558761597,0.3568090796470642,0.10719230771064758,-0.2473709136247635,0.8768724799156189,0.6686409711837769,0.07284539937973022,-0.3008062541484833,0.7453414797782898,0.29750126600265503,0.04628891497850418,-0.3497146964073181,0.8420213460922241,0.68816077709198,0.06386458873748779,-0.3271787166595459,0.7125461101531982,0.28104251623153687,0.031633395701646805,-0.3740682303905487,0.7839826345443726,0.6846958994865417,0.05012765899300575,-0.35396629571914673,0.7382577061653137,0.2807730734348297,0.02386949025094509,-0.39645761251449585,0.7975572943687439,0.6772358417510986,0.05317554622888565,-0.31836920976638794,0.7070990204811096,0.28565818071365356,0.029806513339281082,-0.36497431993484497,0.7826516032218933,0.5200169682502747,0.34723103046417236,0.004856972023844719,0.9999333024024963,0.46016931533813477,0.353904128074646,-0.005089510697871447,0.9999293088912964,0.545236349105835,0.5146178007125854,-0.11939795315265656,0.8219937086105347,0.44747743010520935,0.5224910378456116,-0.12436459213495255,0.7765905261039734,0.540873646736145,0.6645349860191345,0.08236785233020782,0.9308192133903503,0.46038126945495605,0.6657165884971619,0.0791170671582222,0.9094966650009155,0.5307304263114929,0.6793216466903687,0.09664148092269897,0.652148425579071,0.4710572361946106,0.6776638627052307,0.09623245149850845,0.6069618463516235,0.5604449510574341,0.7340425252914429,-0.009477626532316208,0.924072802066803,0.4479772448539734,0.7428973913192749,-0.006727594882249832,0.8829922080039978,jumpingjack
0.49772605299949646,-0.004991483874619007,-0.2306876927614212,0.9712488055229187,0.4959581792354584,-0.0038744923658668995,-0.23761844635009766,0.9157288670539856,0.49527034163475037,-0.01610644720494747,-0.23788969218730927,0.9189684987068176,0.5040225386619568,-0.017140639945864677,-0.23787078261375427,0.9395796656608582,0.4947330355644226,-0.0032804803922772408,-0.23567743599414825,0.9498816728591919,0.4909285008907318,-0.0034965251106768847,-0.23600010573863983,0.9617050886154175,0.4878873825073242,-0.009719666093587875,-0.23616841435432434,0.9726949334144592,0.5041624903678894,-0.020226409658789635,-0.21955975890159607,0.9584605097770691,0.48054856061935425,-0.012168056331574917,-0.20997759699821472,0.9549234509468079,0.4937058389186859,0.011018217541277409,-0.216310054063797,0.9847435355186462,0.4921506941318512,0.012179375626146793,-0.21457548439502716,0.9878628253936768,0.5459434390068054,0.05822806805372238,-0.16518570482730865,0.9997586607933044,0.43247002363204956,0.07200215011835098,-0.12835589051246643,0.999516487121582,0.6011150479316711,0.12210316210985184,-0.21910719573497772,0.7729164361953735,0.379389226436615,0.11717063188552856,0.013662095181643963,0.8570895195007324,0.6514492034912109,0.11612605303525925,-0.2903428077697754,0.690096914768219,0.39413702487945557,0.22586214542388916,0.13910812139511108,0.8220383524894714,0.6676157712936401,0.12460623681545258,-0.30816739797592163,0.6579118967056274,0.380129873752594,0.2607148587703705,0.1529725342988968,0.7556182742118835,0.6649220585823059,0.11016981303691864,-0.3258225917816162,0.6833223700523376,0.3863391876220703,0.2570115327835083,0.1287422776222229,0.7709629535675049,0.6582469940185547,0.1072571873664856,-0.2997130751609802,0.6531850695610046,0.39416587352752686,0.24317044019699097,0.13231809437274933,0.755229115486145,0.5199359655380249,0.3193838894367218,-0.024104390293359756,0.9999340772628784,0.4616866707801819,0.3323790729045868,0.023886866867542267,0.9999304413795471,0.5402476191520691,0.48933282494544983,-0.045042701065540314,0.8282715678215027,0.4481150209903717,0.4994904398918152,0.05453117564320564,0.7758535146713257,0.5453418493270874,0.6628047823905945,0.10875854641199112,0.9349649548530579,0.4565102458000183,0.6649259924888611,0.21607515215873718,0.9123241901397705,0.5353232026100159,0.6777193546295166,0.11670973151922226,0.6638182401657104,0.46575576066970825,0.6769246459007263,0.22921141982078552,0.6116454601287842,0.561296284198761,0.7357820272445679,0.005972565617412329,0.9286997318267822,0.44203147292137146,0.7420441508293152,0.1420307755470276,0.8880555629730225,jumpingjack
0.4911220073699951,0.14468200504779816,-0.3725453317165375,0.9741165041923523,0.49426785111427307,0.13103049993515015,-0.3910119831562042,0.9241450428962708,0.49499011039733887,0.1250346153974533,-0.3913727402687073,0.9270617961883545,0.501308798789978,0.12032672017812729,-0.39132773876190186,0.9456130266189575,0.48721057176589966,0.13773760199546814,-0.3943805992603302,0.9548856019973755,0.4833354353904724,0.13734254240989685,-0.39466241002082825,0.965528666973114,0.47974810004234314,0.1364106833934784,-0.3947840929031372,0.9754180908203125,0.5039404630661011,0.07586351037025452,-0.3601466715335846,0.9626121520996094,0.4696264863014221,0.09510380774736404,-0.3738340735435486,0.9594243168830872,0.489696204662323,0.12440299242734909,-0.34579867124557495,0.9862666130065918,0.4840173125267029,0.12927167117595673,-0.35126882791519165,0.9890731573104858,0.5450434684753418,0.05676224082708359,-0.29075735807418823,0.9997827410697937,0.42447414994239807,0.07143139839172363,-0.27846604585647583,0.9995641112327576,0.5778473615646362,0.180254727602005,-0.4001348614692688,0.7948246002197266,0.39551419019699097,0.1981583684682846,-0.40442872047424316,0.8692337274551392,0.5734672546386719,0.23472197353839874,-0.6079319715499878,0.7209521532058716,0.40514588356018066,0.2612030804157257,-0.6459251642227173,0.8396040797233582,0.5710047483444214,0.26273250579833984,-0.6675509214401245,0.6919508576393127,0.4042770266532898,0.28841981291770935,-0.7105968594551086,0.7797715663909912,0.5607181787490845,0.2447768896818161,-0.683721661567688,0.7148635983467102,0.41297340393066406,0.2664054334163666,-0.7186533212661743,0.7936554551124573,0.5590895414352417,0.23681195080280304,-0.6193593740463257,0.6876060962677002,0.41651034355163574,0.2559893727302551,-0.6567870378494263,0.7792551517486572,0.5207154154777527,0.27254435420036316,-0.013888048939406872,0.9999390840530396,0.4612853527069092,0.27699193358421326,0.013708707876503468,0.9999347925186157,0.5303336977958679,0.47229504585266113,0.037552665919065475,0.8386505842208862,0.46414628624916077,0.48193660378456116,0.03942682221531868,0.7947984337806702,0.5307236909866333,0.6588333249092102,0.1525305211544037,0.9389398097991943,0.4749644696712494,0.6613153219223022,0.1918618083000183,0.9186918139457703,0.5268338322639465,0.6688269972801208,0.15428748726844788,0.6811423301696777,0.4798954129219055,0.6699146032333374,0.20377688109874725,0.6338453888893127,0.5243772268295288,0.7357145547866821,0.06945197284221649,0.9346345067024231,0.47650131583213806,0.7405955791473389,0.1299823820590973,0.8976948261260986,jumpingjack
0.4907616078853607,0.04816998913884163,-0.3683210611343384,0.9693461656570435,0.49427229166030884,0.03427690640091896,-0.3649078905582428,0.9141901135444641,0.49567708373069763,0.03836933895945549,-0.3652783930301666,0.917946457862854,0.5016684532165527,0.03964589536190033,-0.36528152227401733,0.9387694001197815,0.4865318238735199,0.031006932258605957,-0.36890485882759094,0.9471847414970398,0.4828118681907654,0.032004691660404205,-0.36923035979270935,0.9605438113212585,0.47926607728004456,0.03416398540139198,-0.3694687485694885,0.972122848033905,0.5062479972839355,0.0669579729437828,-0.3507212698459625,0.9568549394607544,0.4700297713279724,0.05994921177625656,-0.3325467109680176,0.9504141211509705,0.4921983778476715,0.06715922802686691,-0.33229684829711914,0.9846264123916626,0.4841195046901703,0.06351815164089203,-0.33880406618118286,0.9876983165740967,0.5447815656661987,0.0865553766489029,-0.21149301528930664,0.999779999256134,0.4310213029384613,0.0911574587225914,-0.2378559559583664,0.9995718598365784,0.559788167476654,0.23831750452518463,-0.1942642778158188,0.8066672682762146,0.42408114671707153,0.23999756574630737,-0.2920181155204773,0.8791913390159607,0.5292407274246216,0.30704978108406067,-0.3294796049594879,0.7406980395317078,0.4555692672729492,0.31331488490104675,-0.3528684675693512,0.8541843295097351,0.5251303911209106,0.34364521503448486,-0.37048953771591187,0.7132503986358643,0.462130069732666,0.3426903784275055,-0.38475659489631653,0.7995182871818542,0.5149718523025513,0.32143986225128174,-0.39340800046920776,0.7346463203430176,0.47157829999923706,0.3220299482345581,-0.4040898382663727,0.8122333884239197,0.5135686993598938,0.30864280462265015,-0.3400416374206543,0.7061952948570251,0.47140926122665405,0.3099384605884552,-0.3649366796016693,0.7978261113166809,0.5213468670845032,0.3337095379829407,-0.0017546406015753746,0.9999381899833679,0.46295222640037537,0.333556592464447,0.0016340676229447126,0.9999344348907471,0.5265606641769409,0.5029822587966919,0.028507744893431664,0.8486036658287048,0.46626490354537964,0.5100776553153992,0.04196632653474808,0.804824948310852,0.5216824412345886,0.6643843054771423,0.2030533105134964,0.9423878788948059,0.4812258183956146,0.6621965765953064,0.2117108553647995,0.9237897992134094,0.5178040266036987,0.6763690710067749,0.21305200457572937,0.6922694444656372,0.4887865483760834,0.6720380783081055,0.22335655987262726,0.6470969319343567,0.5213924050331116,0.735700249671936,0.09581409394741058,0.9372568130493164,0.47770246863365173,0.7389242649078369,0.12279804795980453,0.9025452136993408,jumpingjack
0.48738712072372437,0.21121814846992493,-0.3164208233356476,0.9723485112190247,0.49061164259910583,0.20700965821743011,-0.35384395718574524,0.9226713180541992,0.49219027161598206,0.2039625197649002,-0.35417431592941284,0.9260346293449402,0.495520681142807,0.20148223638534546,-0.3542413115501404,0.9448215961456299,0.4827496111392975,0.20699772238731384,-0.3666185140609741,0.9524197578430176,0.4800146520137787,0.2043888121843338,-0.3667411208152771,0.9644447565078735,0.4772614538669586,0.20160402357578278,-0.36709174513816833,0.9748812913894653,0.5008599162101746,0.15905866026878357,-0.37490135431289673,0.9611420631408691,0.4684370160102844,0.1573966145515442,-0.37209105491638184,0.9553468227386475,0.4882870614528656,0.18910010159015656,-0.3292991518974304,0.986132800579071,0.4829929769039154,0.1894858032464981,-0.3225642740726471,0.9889040589332581,0.5446547269821167,0.058260317891836166,-0.2950647473335266,0.9998014569282532,0.4325498938560486,0.08564198017120361,-0.2762741446495056,0.9996135234832764,0.563572347164154,0.1386476457118988,-0.17550276219844818,0.8072280883789062,0.4173387885093689,0.16654397547245026,-0.1325097382068634,0.8788242936134338,0.5645636320114136,0.2204795628786087,-0.05280405282974243,0.7447816133499146,0.40132975578308105,0.22783586382865906,0.03671491891145706,0.859175980091095,0.5524381399154663,0.2545566260814667,-0.042877379804849625,0.7153964042663574,0.3956393599510193,0.25577640533447266,0.05297107622027397,0.8017479777336121,0.5564292073249817,0.2596120536327362,-0.0645902007818222,0.7369345426559448,0.39964932203292847,0.25438448786735535,0.032201193273067474,0.815744161605835,0.5573990345001221,0.25177162885665894,-0.05723861977458,0.7088898420333862,0.40616852045059204,0.24856707453727722,0.0319351851940155,0.8022564649581909,0.5212691426277161,0.27864816784858704,-0.001794956624507904,0.9999441504478455,0.4646027982234955,0.28131312131881714,0.0016673498321324587,0.9999407529830933,0.5252998471260071,0.4707329273223877,0.08131079375743866,0.8428035974502563,0.4646267890930176,0.46946507692337036,0.10312259197235107,0.7964158058166504,0.5232508182525635,0.6506483554840088,0.19767075777053833,0.9415479898452759,0.4776081442832947,0.6523003578186035,0.24627092480659485,0.9216225743293762,0.5185023546218872,0.6612980365753174,0.20608803629875183,0.6951990127563477,0.4862365126609802,0.6624720096588135,0.25919026136398315,0.6402082443237305,0.5229172110557556,0.7248644232749939,0.1440701186656952,0.9394636750221252,0.47319260239601135,0.7323602437973022,0.20957250893115997,0.9041558504104614,jumpingjack
0.5009652376174927,0.10978613048791885,-0.26995787024497986,0.9617189764976501,0.503711998462677,0.0853814110159874,-0.28850221633911133,0.8930428624153137,0.5049688220024109,0.08210265636444092,-0.28878968954086304,0.8923750519752502,0.5066404342651367,0.0777193158864975,-0.28880900144577026,0.9205675721168518,0.49635177850723267,0.09207599610090256,-0.29453718662261963,0.9412052631378174,0.49366632103919983,0.09051644802093506,-0.29494088888168335,0.9528982639312744,0.49087366461753845,0.08996617048978806,-0.2952275276184082,0.969063937664032,0.5070137977600098,0.038717418909072876,-0.30964332818984985,0.9511061906814575,0.4800446927547455,0.05024053156375885,-0.3459687829017639,0.9542560577392578,0.49954575300216675,0.08964970707893372,-0.2602987289428711,0.9821669459342957,0.4942776560783386,0.0963277593255043,-0.2666117548942566,0.9870116710662842,0.5446168184280396,0.05809805169701576,-0.27046018838882446,0.9998021125793457,0.42879265546798706,0.07422840595245361,-0.2551543116569519,0.9996402859687805,0.6081041693687439,0.08724988996982574,-0.1708981692790985,0.7436812520027161,0.4049034118652344,0.16106779873371124,-0.0784805566072464,0.8498878479003906,0.6656334400177002,0.06797412782907486,-0.10989657789468765,0.6717008352279663,0.39506426453590393,0.24263527989387512,0.09497703611850739,0.7955471873283386,0.6799066662788391,0.061359163373708725,-0.10244540125131607,0.6449490189552307,0.3962986469268799,0.2841174900531769,0.1135086640715599,0.7336400747299194,0.6783035397529602,0.05217887461185455,-0.12218870967626572,0.6645130515098572,0.400621235370636,0.2876228988170624,0.0956529751420021,0.746255099773407,0.6728183627128601,0.055681101977825165,-0.11641135066747665,0.6393303871154785,0.4056326448917389,0.27717313170433044,0.0918838158249855,0.7336974740028381,0.5213097929954529,0.28049153089523315,-0.0035105429124087095,0.9999487400054932,0.463947594165802,0.2829207181930542,0.0033995937556028366,0.999945878982544,0.532901406288147,0.4792101979255676,0.14341779053211212,0.8180586695671082,0.45251601934432983,0.47577720880508423,0.14196749031543732,0.775347888469696,0.5471599698066711,0.6644837856292725,0.3318055272102356,0.9297547936439514,0.456523597240448,0.6560578346252441,0.3650992512702942,0.9081693291664124,0.5426231622695923,0.6796783208847046,0.3459227681159973,0.6502850651741028,0.4628632664680481,0.6694404482841492,0.3848048150539398,0.5972097516059875,0.5539422631263733,0.7372642755508423,0.2580394744873047,0.9244793653488159,0.44405674934387207,0.73534095287323,0.30908623337745667,0.8873936533927917,jumpingjack
0.4998144507408142,0.18180665373802185,-0.267248272895813,0.9647936820983887,0.5025471448898315,0.166109099984169,-0.29139405488967896,0.9022396206855774,0.5040968656539917,0.1615930050611496,-0.29169121384620667,0.9015139937400818,0.5064523220062256,0.15767715871334076,-0.29168280959129333,0.9274428486824036,0.49511176347732544,0.17086555063724518,-0.29326143860816956,0.9465188980102539,0.4923620820045471,0.16962295770645142,-0.29366451501846313,0.9570830464363098,0.48960503935813904,0.16823136806488037,-0.2938958406448364,0.9718046188354492,0.5067299604415894,0.11617138981819153,-0.31182172894477844,0.9556944966316223,0.4792603850364685,0.12910085916519165,-0.32369327545166016,0.9586058259010315,0.49907851219177246,0.1646737903356552,-0.25908663868904114,0.9835879802703857,0.4929019510746002,0.16974250972270966,-0.262149453163147,0.9880543947219849,0.5473052859306335,0.07246594876050949,-0.24708525836467743,0.999819815158844,0.4237915575504303,0.08436615020036697,-0.23813900351524353,0.999671459197998,0.6148609519004822,0.07509534060955048,-0.16115427017211914,0.7511604428291321,0.4048902094364166,0.1787249743938446,-0.08581463992595673,0.8394424915313721,0.6782806515693665,0.02838323451578617,-0.06962397694587708,0.6576406955718994,0.40079569816589355,0.25969603657722473,0.06751900911331177,0.7631537914276123,0.6951127648353577,0.018588125705718994,-0.05921100452542305,0.6232109069824219,0.40018874406814575,0.2955440878868103,0.08448448032140732,0.6902493238449097,0.6971914768218994,0.014119713567197323,-0.08098874986171722,0.6457489728927612,0.4071260988712311,0.29121989011764526,0.06760362535715103,0.7034969925880432,0.6910698413848877,0.020396944135427475,-0.07643605023622513,0.6234851479530334,0.40828433632850647,0.28222939372062683,0.06393663585186005,0.6934140920639038,0.5212926864624023,0.3018915355205536,-0.005394050385802984,0.9999534487724304,0.4608005881309509,0.29682257771492004,0.005291642155498266,0.9999507069587708,0.5336572527885437,0.4928441643714905,0.08103480935096741,0.8226332068443298,0.44920629262924194,0.48234641551971436,0.09094543755054474,0.7821698188781738,0.5479927062988281,0.6673837304115295,0.25110098719596863,0.9298882484436035,0.4539007544517517,0.6589594483375549,0.2846314311027527,0.9093285202980042,0.5410997867584229,0.6809401512145996,0.2613123953342438,0.6409921646118164,0.4615548253059387,0.671621561050415,0.30160170793533325,0.5916337370872498,0.5612677335739136,0.7402950525283813,0.16711708903312683,0.9242339730262756,0.44037872552871704,0.7357455492019653,0.23424597084522247,0.8883781433105469,jumpingjack
0.49965304136276245,-0.031244125217199326,-0.2822921574115753,0.9633334279060364,0.5023784041404724,-0.050548896193504333,-0.28363242745399475,0.8975929021835327,0.5040436387062073,-0.05131612718105316,-0.2839528024196625,0.8984777331352234,0.5062205791473389,-0.05152394622564316,-0.28395289182662964,0.9243893623352051,0.49540162086486816,-0.050389163196086884,-0.28572171926498413,0.9413049221038818,0.49298176169395447,-0.05083666369318962,-0.28603479266166687,0.9536182284355164,0.49051862955093384,-0.05145421624183655,-0.2862284183502197,0.9676443934440613,0.5066531896591187,-0.05383037030696869,-0.21668413281440735,0.9558149576187134,0.48245254158973694,-0.053905878216028214,-0.22496628761291504,0.9538887143135071,0.4999805986881256,-0.01957022026181221,-0.25419750809669495,0.9835828542709351,0.49336376786231995,-0.0193216223269701,-0.25822412967681885,0.9873794913291931,0.5471493601799011,0.03363131359219551,-0.1598203182220459,0.9998295903205872,0.4291832447052002,0.030472487211227417,-0.15059570968151093,0.9996579885482788,0.5891991257667542,0.0945434644818306,-0.1892721951007843,0.7519363760948181,0.4021478295326233,0.1395593285560608,-0.2073027640581131,0.8181391954421997,0.6362109780311584,0.10978035628795624,-0.37845078110694885,0.6609438061714172,0.3759780526161194,0.16648516058921814,-0.3806455731391907,0.7518965601921082,0.6735433340072632,0.14690683782100677,-0.41893649101257324,0.6263781189918518,0.35877183079719543,0.17853336036205292,-0.4211185574531555,0.684054970741272,0.6617801785469055,0.13307926058769226,-0.4454067647457123,0.6500614881515503,0.35652005672454834,0.1757204532623291,-0.4464290142059326,0.6993683576583862,0.6467896699905396,0.12505683302879333,-0.39400798082351685,0.6231770515441895,0.3651525378227234,0.17377056181430817,-0.39730361104011536,0.6846103072166443,0.521041214466095,0.26894089579582214,-0.003755694953724742,0.9999557733535767,0.4608404040336609,0.26648226380348206,0.003610598389059305,0.9999523758888245,0.5280879139900208,0.47461119294166565,0.016908172518014908,0.831499457359314,0.4506944715976715,0.4593327045440674,-0.001684465678408742,0.793582558631897,0.5309455990791321,0.6467788219451904,0.20631249248981476,0.9340718984603882,0.457109272480011,0.6493937373161316,0.16376343369483948,0.914698600769043,0.523877739906311,0.6598053574562073,0.21648120880126953,0.6481738686561584,0.46672478318214417,0.6621241569519043,0.17492549121379852,0.6004909873008728,0.5463300943374634,0.723835825920105,0.0774681568145752,0.927998423576355,0.44423794746398926,0.7268975973129272,0.04610747471451759,0.8937991857528687,jumpingjack
0.4939750134944916,-0.031080514192581177,-0.264535516500473,0.9660530686378479,0.49824342131614685,-0.04380272701382637,-0.25380846858024597,0.9054095149040222,0.5019208788871765,-0.04200849309563637,-0.25411978363990784,0.9064239263534546,0.5052648782730103,-0.040298208594322205,-0.2541193664073944,0.9304057359695435,0.48750773072242737,-0.04561120644211769,-0.2589096128940582,0.9456461071968079,0.48413801193237305,-0.04434575140476227,-0.2592165768146515,0.957128643989563,0.48098111152648926,-0.04269745945930481,-0.2594354748725891,0.9700750112533569,0.5056771636009216,-0.03267958015203476,-0.17555835843086243,0.959001362323761,0.47367268800735474,-0.030473491176962852,-0.1968626230955124,0.956800103187561,0.49827879667282104,-0.011315273120999336,-0.23170587420463562,0.9848915934562683,0.48781251907348633,-0.011950918473303318,-0.23964008688926697,0.9883594512939453,0.5402675867080688,0.07958884537220001,-0.11950542032718658,0.9998400807380676,0.4322684705257416,0.07596996426582336,-0.1416410207748413,0.9996771216392517,0.5555154085159302,0.21494705975055695,-0.11795501410961151,0.772251307964325,0.41662055253982544,0.20729279518127441,-0.16289710998535156,0.8336849212646484,0.5363782048225403,0.2868509590625763,-0.25416839122772217,0.6928764581680298,0.4245057702064514,0.28532135486602783,-0.260267049074173,0.7756021618843079,0.5350975394248962,0.3230525851249695,-0.2941461503505707,0.6613684296607971,0.4245648980140686,0.3191036283969879,-0.29435837268829346,0.7139490246772766,0.526322066783905,0.30310654640197754,-0.32239681482315063,0.6829783320426941,0.4308542311191559,0.3029729127883911,-0.31503161787986755,0.7279223799705505,0.5237694978713989,0.2904020845890045,-0.26701316237449646,0.6576811075210571,0.43296733498573303,0.28981444239616394,-0.27132686972618103,0.7137613892555237,0.5187936425209045,0.32566991448402405,-0.0007902697543613613,0.9999518990516663,0.45988211035728455,0.32296207547187805,0.0006310340249910951,0.9999474287033081,0.5108844637870789,0.4905901551246643,-0.040221549570560455,0.8312130570411682,0.4536632001399994,0.4943120777606964,-0.04545750468969345,0.7922570705413818,0.5040420889854431,0.6604140400886536,0.11244101822376251,0.9301685690879822,0.4729309678077698,0.6616950631141663,0.12043935060501099,0.9114099144935608,0.5032712817192078,0.6745696663856506,0.12064014375209808,0.6327651739120483,0.48077672719955444,0.6746264696121216,0.13293980062007904,0.5926236510276794,0.4969176650047302,0.7246399521827698,0.004789415281265974,0.9244640469551086,0.46502137184143066,0.727446436882019,0.030971398577094078,0.8909440040588379,jumpingjack
0.48847126960754395,-0.06588288396596909,-0.2734832763671875,0.9638659954071045,0.494520902633667,-0.07362274825572968,-0.2770712375640869,0.8979271650314331,0.49730968475341797,-0.07367545366287231,-0.27738985419273376,0.8982231020927429,0.4998455047607422,-0.07322433590888977,-0.27739304304122925,0.9247227311134338,0.48537927865982056,-0.07365016639232635,-0.28094083070755005,0.9398956298828125,0.48239317536354065,-0.07339770346879959,-0.28124362230300903,0.9526489973068237,0.4794623851776123,-0.07327620685100555,-0.28145673871040344,0.9666691422462463,0.5007508993148804,-0.066097192466259,-0.19588276743888855,0.9555074572563171,0.46884268522262573,-0.051014840602874756,-0.21193385124206543,0.951371431350708,0.4938681125640869,-0.0433301143348217,-0.2509046196937561,0.98499596118927,0.4811980128288269,-0.039763376116752625,-0.257201611995697,0.9883452653884888,0.5359431505203247,0.07206012308597565,-0.13571049273014069,0.9998366236686707,0.4319632649421692,0.059566885232925415,-0.15701255202293396,0.9996713399887085,0.5540565252304077,0.18983258306980133,-0.1664404571056366,0.7842803597450256,0.41571226716041565,0.19513215124607086,-0.22330065071582794,0.8434849381446838,0.5474748611450195,0.24952220916748047,-0.3921126425266266,0.7181625962257385,0.41484707593917847,0.2713431417942047,-0.39819538593292236,0.7960534691810608,0.5460428595542908,0.2825832962989807,-0.44422420859336853,0.6894605159759521,0.41305431723594666,0.30812135338783264,-0.4504541754722595,0.7400124669075012,0.5381011962890625,0.266269713640213,-0.46885210275650024,0.7097198367118835,0.4195350110530853,0.2918638586997986,-0.4719180464744568,0.7529850602149963,0.5354061722755432,0.25587400794029236,-0.40674734115600586,0.6839550733566284,0.4220861494541168,0.27903011441230774,-0.4122529625892639,0.7386791110038757,0.5160212516784668,0.3167914152145386,0.004608926363289356,0.9999455809593201,0.4575900137424469,0.3152606189250946,-0.004773378372192383,0.9999412298202515,0.5135272145271301,0.4904665946960449,-0.004123971797525883,0.8066846132278442,0.4566314220428467,0.48532697558403015,-0.004641787149012089,0.7644799947738647,0.5106235146522522,0.6581356525421143,0.1329938769340515,0.920263409614563,0.47220945358276367,0.6598203182220459,0.17022797465324402,0.899118185043335,0.506844162940979,0.6704491376876831,0.14065490663051605,0.6059349775314331,0.4794701039791107,0.6705562472343445,0.18305210769176483,0.5638366341590881,0.5067240595817566,0.7249851822853088,0.05694763734936714,0.9145569205284119,0.4687764644622803,0.7271985411643982,0.06647351384162903,0.8755800127983093,jumpingjack
0.4887877106666565,-0.07674326002597809,-0.243179589509964,0.9640309810638428,0.4936613142490387,-0.09215733408927917,-0.23873582482337952,0.8961201310157776,0.49596935510635376,-0.09266749769449234,-0.2390509396791458,0.8984882235527039,0.4980887770652771,-0.09256147593259811,-0.23905324935913086,0.9247012734413147,0.48550185561180115,-0.09172708541154861,-0.23906639218330383,0.9368545413017273,0.48271170258522034,-0.0916205421090126,-0.23939451575279236,0.9503328204154968,0.4798282980918884,-0.09172236919403076,-0.23961035907268524,0.9638168215751648,0.4995470941066742,-0.08756168186664581,-0.17607513070106506,0.9572038054466248,0.4715220034122467,-0.0853503942489624,-0.17607931792736053,0.9499876499176025,0.4933244287967682,-0.06089506670832634,-0.21574005484580994,0.9845725297927856,0.4820091128349304,-0.05989832431077957,-0.21759304404258728,0.9873164296150208,0.5360260009765625,0.031429532915353775,-0.11560098081827164,0.9998325109481812,0.4318006932735443,0.01668207347393036,-0.1001380905508995,0.9996088743209839,0.5560775399208069,0.1012277826666832,-0.08633539080619812,0.7848740220069885,0.40030017495155334,0.10070180892944336,-0.04864957183599472,0.833527147769928,0.6030639410018921,0.14023666083812714,-0.12405334413051605,0.7248328924179077,0.34676748514175415,0.1367146223783493,-0.05115644261240959,0.783389687538147,0.6233565807342529,0.14549441635608673,-0.1329541802406311,0.6901366710662842,0.32387349009513855,0.12283769249916077,-0.05682098865509033,0.7223268151283264,0.6200574636459351,0.1336096227169037,-0.1631157100200653,0.7117206454277039,0.32319435477256775,0.12136727571487427,-0.08629879355430603,0.7381072044372559,0.6125471591949463,0.13298290967941284,-0.13736596703529358,0.684991717338562,0.32669785618782043,0.1222204864025116,-0.06539411842823029,0.7265397310256958,0.5141099095344543,0.28563734889030457,0.002646435284987092,0.9999486804008484,0.45716461539268494,0.2855342924594879,-0.0028594695031642914,0.999943733215332,0.5143308043479919,0.47773322463035583,0.007167906500399113,0.8182581663131714,0.4535093307495117,0.46730777621269226,0.011435827240347862,0.7788041830062866,0.5215669274330139,0.6474360227584839,0.1665692925453186,0.9262428879737854,0.46175163984298706,0.648066520690918,0.19918785989284515,0.90627521276474,0.5073169469833374,0.6595895886421204,0.17873674631118774,0.6211826801300049,0.4694332480430603,0.659920871257782,0.2131231278181076,0.5790037512779236,0.5436170697212219,0.7233593463897705,0.06493862718343735,0.9205490350723267,0.44792309403419495,0.7255328893661499,0.07442514598369598,0.8837605118751526,jumpingjack
0.4881952404975891,-0.03891419991850853,-0.24049964547157288,0.9580028057098389,0.4934751093387604,-0.05308247730135918,-0.2284797728061676,0.8738340735435486,0.49609073996543884,-0.05349275842308998,-0.22879698872566223,0.8830361366271973,0.4982643723487854,-0.05357133597135544,-0.22883538901805878,0.9115056395530701,0.4840466380119324,-0.052866898477077484,-0.23293964564800262,0.9190014600753784,0.48055845499038696,-0.05238441005349159,-0.23323285579681396,0.9378939867019653,0.47691550850868225,-0.05211455002427101,-0.2334427535533905,0.9487826824188232,0.49960857629776,-0.06948930770158768,-0.1455666422843933,0.9531015753746033,0.46765536069869995,-0.057908494025468826,-0.16501450538635254,0.9313151240348816,0.49292564392089844,-0.026770345866680145,-0.20684421062469482,0.9794525504112244,0.4820408821105957,-0.02507343888282776,-0.2140154391527176,0.9802173376083374,0.5404773950576782,0.06698915362358093,-0.08852537721395493,0.9997501373291016,0.42996206879615784,0.06429856270551682,-0.12348464876413345,0.9986197352409363,0.6032264232635498,0.07078482210636139,-0.10539887100458145,0.7890627384185791,0.37564557790756226,0.10109991580247879,-0.24814024567604065,0.8082553744316101,0.668535590171814,0.014082390815019608,-0.21010129153728485,0.7292791604995728,0.35825827717781067,0.027415383607149124,-0.43760353326797485,0.7508885860443115,0.6877353191375732,0.0030953395180404186,-0.23158176243305206,0.696216344833374,0.3462733328342438,0.000992883462458849,-0.48102036118507385,0.6985511183738708,0.6889137029647827,-0.006900343578308821,-0.25945574045181274,0.7195000648498535,0.3489014804363251,-0.014339509420096874,-0.4906890392303467,0.7150139212608337,0.6820061802864075,-0.00024283144739456475,-0.22469452023506165,0.6946947574615479,0.353462815284729,-0.0032190706115216017,-0.4500657021999359,0.7024908065795898,0.5142675042152405,0.33752650022506714,0.009244468063116074,0.9999483823776245,0.4545310139656067,0.3388974070549011,-0.009453114122152328,0.9999368786811829,0.5344517827033997,0.5140068531036377,-0.05644768476486206,0.8301743268966675,0.44209176301956177,0.528730034828186,-0.06801308691501617,0.7904917597770691,0.5363702774047852,0.6623115539550781,0.1474815160036087,0.9315546751022339,0.4535413682460785,0.6650162935256958,0.12310739606618881,0.9130173325538635,0.5259918570518494,0.6771838068962097,0.16078464686870575,0.6443777084350586,0.4608685076236725,0.6776162385940552,0.13728268444538116,0.6002311110496521,0.5582348704338074,0.7281641364097595,0.03165765479207039,0.9251456260681152,0.43790632486343384,0.7376385927200317,0.010247395373880863,0.8897994160652161,jumpingjack
0.48847293853759766,-0.033270154148340225,-0.34815624356269836,0.9601325988769531,0.4935077130794525,-0.04892808198928833,-0.3483714461326599,0.8799132108688354,0.4960457682609558,-0.04998503252863884,-0.34871846437454224,0.8885980844497681,0.49826544523239136,-0.05047200620174408,-0.3487219214439392,0.9153822660446167,0.48430371284484863,-0.04792999103665352,-0.349796324968338,0.9241997003555298,0.48091283440589905,-0.047882769256830215,-0.3502020239830017,0.941999614238739,0.4773610234260559,-0.048048071563243866,-0.3504921793937683,0.9524590373039246,0.49989327788352966,-0.056766610592603683,-0.2956724762916565,0.9556692838668823,0.46873289346694946,-0.0516926646232605,-0.2996736168861389,0.9369205832481384,0.4928256571292877,-0.022628745064139366,-0.3204168677330017,0.9803897142410278,0.4824450612068176,-0.021047910675406456,-0.323530375957489,0.9815374612808228,0.5437709093093872,0.04400163143873215,-0.20102541148662567,0.9997578859329224,0.42086872458457947,0.045086994767189026,-0.20838892459869385,0.9987467527389526,0.5964869260787964,0.09295178204774857,-0.12002180516719818,0.7908028364181519,0.38959699869155884,0.10972964018583298,-0.060342270880937576,0.820071816444397,0.6477944254875183,0.08384647220373154,-0.0669570192694664,0.7237271666526794,0.41222625970840454,0.23232154548168182,0.08077945560216904,0.7691813707351685,0.6661053895950317,0.08970683068037033,-0.0597737617790699,0.6802291870117188,0.4068385064601898,0.26555025577545166,0.09213723242282867,0.7138252258300781,0.6658181548118591,0.07782374322414398,-0.09274370223283768,0.7060673236846924,0.4073464870452881,0.251281201839447,0.06807113438844681,0.7302020788192749,0.6581379771232605,0.07780548930168152,-0.07813660800457001,0.6828055381774902,0.4118361473083496,0.24092558026313782,0.07468457520008087,0.7169508337974548,0.5145217776298523,0.2963123023509979,0.004238692577928305,0.9999516010284424,0.4537278711795807,0.29756638407707214,-0.004396312404423952,0.9999412298202515,0.5327240228652954,0.48459896445274353,-0.04304668679833412,0.8398598432540894,0.44415149092674255,0.47990676760673523,0.03459036722779274,0.8030634522438049,0.5355492234230042,0.6568213701248169,0.1615775227546692,0.9360243082046509,0.4541560709476471,0.6499866843223572,0.23514986038208008,0.919097363948822,0.5258360505104065,0.6710545420646667,0.1741068810224533,0.650776743888855,0.46120280027389526,0.667813777923584,0.25034767389297485,0.6092629432678223,0.5540767908096313,0.726072371006012,0.05343508720397949,0.9296664595603943,0.4388275742530823,0.7321528196334839,0.1360682100057602,0.8966715931892395,jumpingjack
0.48485761880874634,0.10737825185060501,-0.48251333832740784,0.9641112685203552,0.49042701721191406,0.0897192433476448,-0.49318990111351013,0.8919095396995544,0.4933299124240875,0.08739293366670609,-0.49355563521385193,0.8997259140014648,0.4960815906524658,0.08518598973751068,-0.49350419640541077,0.9238330721855164,0.4805428981781006,0.0946429967880249,-0.4955950677394867,0.9317703247070312,0.4764516353607178,0.09307795763015747,-0.49591168761253357,0.9477922916412354,0.47163671255111694,0.09197473526000977,-0.49608302116394043,0.9572052955627441,0.500008225440979,0.05786827579140663,-0.4262644648551941,0.9600973129272461,0.4641607403755188,0.06419607996940613,-0.43411731719970703,0.9432177543640137,0.488663911819458,0.09423890709877014,-0.4427468180656433,0.9823452234268188,0.47861236333847046,0.09470119327306747,-0.4468842148780823,0.9833770394325256,0.543030858039856,0.05340317264199257,-0.3247983455657959,0.9997818470001221,0.4215889871120453,0.064071886241436,-0.3136119544506073,0.9988703727722168,0.5667849183082581,0.17610470950603485,-0.39378267526626587,0.8110871315002441,0.39966684579849243,0.19518792629241943,-0.38704508543014526,0.8371139168739319,0.5634966492652893,0.2515605390071869,-0.5923787951469421,0.7511908411979675,0.40928778052330017,0.28194430470466614,-0.5898016691207886,0.7921012043952942,0.5587380528450012,0.28216421604156494,-0.6498764753341675,0.711948037147522,0.41218963265419006,0.3102015256881714,-0.6484864354133606,0.7421221733093262,0.5528021454811096,0.26478323340415955,-0.6714602708816528,0.7352694272994995,0.41849786043167114,0.28710633516311646,-0.6625045537948608,0.7569406628608704,0.5511248111724854,0.2560243308544159,-0.6053043603897095,0.7141379714012146,0.4205726981163025,0.2769020199775696,-0.6015201210975647,0.7447329163551331,0.5146414041519165,0.2962118089199066,0.0014681469183415174,0.9999522566795349,0.4540709853172302,0.29758313298225403,-0.0015887472545728087,0.9999412894248962,0.5211337208747864,0.48386242985725403,-0.005501005798578262,0.8483744859695435,0.45196428894996643,0.48006707429885864,0.03919638320803642,0.817579984664917,0.5206471085548401,0.659184455871582,0.16684812307357788,0.9375218152999878,0.4685642719268799,0.6553002595901489,0.21988865733146667,0.9225990176200867,0.5151761174201965,0.6718127727508545,0.17720738053321838,0.6571040153503418,0.4776947498321533,0.6689205765724182,0.23425868153572083,0.6235389113426208,0.5167156457901001,0.732783854007721,0.061072833836078644,0.9341477155685425,0.46124228835105896,0.7394959926605225,0.13028188049793243,0.903956949710846,jumpingjack
0.4881146550178528,0.04956107214093208,-0.3890925645828247,0.9579364657402039,0.49330949783325195,0.03177822008728981,-0.4317557215690613,0.8782485723495483,0.496959388256073,0.030728671699762344,-0.43202805519104004,0.8861016631126404,0.5004087090492249,0.03008371777832508,-0.432020366191864,0.9127974510192871,0.4829750955104828,0.04032793641090393,-0.41623449325561523,0.9230994582176208,0.47907471656799316,0.043448515236377716,-0.41652053594589233,0.9419558048248291,0.4747985303401947,0.04589854180812836,-0.4164084792137146,0.9540833830833435,0.5047105550765991,0.04759155958890915,-0.2962605655193329,0.9474729895591736,0.46986350417137146,0.06098867580294609,-0.3462235927581787,0.9349379539489746,0.49499329924583435,0.06358061730861664,-0.3720584809780121,0.9800451397895813,0.48289918899536133,0.06615355610847473,-0.3650970160961151,0.9822128415107727,0.5431752800941467,0.07484819740056992,-0.20829525589942932,0.9997793436050415,0.431208074092865,0.08143620193004608,-0.2956514060497284,0.9989554286003113,0.5566838979721069,0.2182406336069107,-0.21086212992668152,0.8213287591934204,0.4243074357509613,0.21898037195205688,-0.29300209879875183,0.8509401679039001,0.5425935387611389,0.3037644922733307,-0.47483786940574646,0.7690346837043762,0.4360954761505127,0.3122926950454712,-0.3683108687400818,0.8120477199554443,0.5369096994400024,0.3374362885951996,-0.44347840547561646,0.7323427796363831,0.43940645456314087,0.34972816705703735,-0.38115108013153076,0.7663989663124084,0.5280395150184631,0.31966423988342285,-0.47116440534591675,0.7542064785957336,0.4491361081600189,0.3362579047679901,-0.3982022702693939,0.7799092531204224,0.5265543460845947,0.3071412742137909,-0.5082570314407349,0.7317180037498474,0.4502280354499817,0.322482705116272,-0.38123321533203125,0.7680497169494629,0.5147706270217896,0.333879292011261,0.00331529276445508,0.9999482035636902,0.4547645151615143,0.33358436822891235,-0.003416685853153467,0.9999399185180664,0.5210000872612,0.498404860496521,0.030669331550598145,0.8542399406433105,0.45358243584632874,0.4921479821205139,-0.03793806582689285,0.8300299048423767,0.5163621306419373,0.6615062355995178,0.2085665762424469,0.9415374398231506,0.4753682613372803,0.6608137488365173,0.12922269105911255,0.928250253200531,0.5119479894638062,0.6743863224983215,0.21851930022239685,0.666993260383606,0.4842684864997864,0.6728605031967163,0.14129963517189026,0.6410082578659058,0.5112571716308594,0.7339521646499634,0.09477009624242783,0.9374673962593079,0.4679591655731201,0.7398848533630371,0.021103765815496445,0.9102869629859924,jumpingjack
0.4886817932128906,-0.08955980837345123,-0.2952081859111786,0.9591036438941956,0.49331873655319214,-0.10644187033176422,-0.29177066683769226,0.8784987926483154,0.49656176567077637,-0.1072537824511528,-0.2920738756656647,0.8864865899085999,0.4993560314178467,-0.10744242370128632,-0.29210251569747925,0.9132530689239502,0.4835456907749176,-0.10441091656684875,-0.29162678122520447,0.9240710735321045,0.48035064339637756,-0.10358761996030807,-0.2919905185699463,0.9429691433906555,0.47708502411842346,-0.10301150381565094,-0.2922120690345764,0.9551019668579102,0.5015441179275513,-0.09944283217191696,-0.21398839354515076,0.9492110013961792,0.4721643030643463,-0.09459793567657471,-0.222802996635437,0.9371564984321594,0.49491411447525024,-0.07235947996377945,-0.2650872468948364,0.980509340763092,0.48359403014183044,-0.07026093453168869,-0.2672516703605652,0.982687771320343,0.533700168132782,0.009998831897974014,-0.13537736237049103,0.9997791051864624,0.43395358324050903,0.016844751313328743,-0.13992999494075775,0.9990227222442627,0.5625978708267212,0.11621134728193283,-0.032253190875053406,0.8127573728561401,0.4193382263183594,0.13173767924308777,-0.10208262503147125,0.8559843897819519,0.5977538824081421,0.21790069341659546,0.006810171063989401,0.7560045719146729,0.38700276613235474,0.19566747546195984,-0.14452040195465088,0.8188838958740234,0.6119937300682068,0.2293684184551239,0.011817333288490772,0.7102877497673035,0.3849930763244629,0.23509527742862701,-0.15900608897209167,0.7703298926353455,0.6172143220901489,0.23291200399398804,-0.025700530037283897,0.7341181635856628,0.38692572712898254,0.24062734842300415,-0.18491293489933014,0.7843737602233887,0.6102907061576843,0.23859620094299316,-0.006943611893802881,0.712109386920929,0.3893112540245056,0.22862915694713593,-0.157476544380188,0.7718700170516968,0.5167006254196167,0.27480393648147583,-0.0040697758086025715,0.9999505281448364,0.4629051089286804,0.270194947719574,0.0038749936502426863,0.9999430775642395,0.5214849710464478,0.4783952534198761,0.0012372314231470227,0.8659383654594421,0.45179247856140137,0.46617892384529114,-0.011871344409883022,0.8418700695037842,0.5289872288703918,0.6537593603134155,0.17877885699272156,0.9464474320411682,0.45603781938552856,0.6419547200202942,0.16010215878486633,0.9342657327651978,0.5188255906105042,0.6642886996269226,0.1884540468454361,0.6822199821472168,0.46670204401016235,0.6616889834403992,0.17503103613853455,0.6597890853881836,0.5372530221939087,0.7306468486785889,0.0589357390999794,0.9422177672386169,0.43620508909225464,0.7210347652435303,0.0628281906247139,0.9173047542572021,jumpingjack
0.4904468059539795,-0.04831177741289139,-0.27897879481315613,0.9553520083427429,0.4935109615325928,-0.06160546839237213,-0.2779611647129059,0.8640242218971252,0.4965914785861969,-0.0625004693865776,-0.27828678488731384,0.8743201494216919,0.49935516715049744,-0.0628618523478508,-0.2783099114894867,0.9035084843635559,0.4846511781215668,-0.06029820814728737,-0.27777257561683655,0.9159154891967773,0.4819048047065735,-0.06053922325372696,-0.27813073992729187,0.9362791180610657,0.4791378974914551,-0.06102094054222107,-0.2783834636211395,0.9484134912490845,0.5015576481819153,-0.06565408408641815,-0.22621944546699524,0.9489242434501648,0.47443222999572754,-0.070256307721138,-0.22558636963367462,0.934810996055603,0.49597597122192383,-0.043776560574769974,-0.25435590744018555,0.9766566157341003,0.4862627387046814,-0.049978870898485184,-0.2555079162120819,0.9780524969100952,0.5446538329124451,0.056645069271326065,-0.159286230802536,0.9997007250785828,0.4337446689605713,0.048491790890693665,-0.15086501836776733,0.9986371397972107,0.6109926700592041,0.06588208675384521,-0.06948252767324448,0.8153237700462341,0.3934217095375061,0.11368506401777267,-0.11313492059707642,0.8476970791816711,0.6823679208755493,0.03070870414376259,0.019967783242464066,0.7407655119895935,0.3206307291984558,0.08346113562583923,-0.09571917355060577,0.7867857813835144,0.7015522718429565,0.021531693637371063,0.037083953619003296,0.6839562654495239,0.313581258058548,0.09691262990236282,-0.09467586129903793,0.7304459810256958,0.7041410207748413,0.021130245178937912,0.004983595106750727,0.7103990912437439,0.31178921461105347,0.09622637182474136,-0.11812350898981094,0.7468464374542236,0.6986613869667053,0.02929908223450184,0.00877205841243267,0.6939566135406494,0.3200545907020569,0.10012081265449524,-0.10773319005966187,0.7397934198379517,0.5199981927871704,0.32553356885910034,-0.005629655905067921,0.9999467134475708,0.46231403946876526,0.32142865657806396,0.005451122764497995,0.9999348521232605,0.544230580329895,0.5031985640525818,-0.01953882724046707,0.8724791407585144,0.43276476860046387,0.4969879984855652,-0.02482437901198864,0.8479962944984436,0.5492319464683533,0.6728851199150085,0.18385910987854004,0.9492722153663635,0.446788489818573,0.6511881947517395,0.16537697613239288,0.9369953274726868,0.5405096411705017,0.6872748136520386,0.19882166385650635,0.6912278532981873,0.4580821096897125,0.6668210029602051,0.19275102019309998,0.6701648831367493,0.5656912922859192,0.7391439080238342,0.08825712651014328,0.943461537361145,0.4242986738681793,0.7334868311882019,0.10009033977985382,0.918952465057373,jumpingjack
0.4904744625091553,-0.03306104987859726,-0.06658373773097992,0.9564791917800903,0.49094128608703613,-0.04675432667136192,-0.09747314453125,0.8745885491371155,0.4890894889831543,-0.04812942445278168,-0.0977279543876648,0.8830753564834595,0.4865829050540924,-0.048945870250463486,-0.09768808633089066,0.9102751612663269,0.4921504855155945,-0.044526662677526474,-0.09957970678806305,0.9226498603820801,0.49487218260765076,-0.04432331770658493,-0.09989308565855026,0.9412938952445984,0.4977237582206726,-0.04436048865318298,-0.10011710226535797,0.9528632164001465,0.48273149132728577,-0.051415566354990005,-0.18005546927452087,0.9525127410888672,0.5016492009162903,-0.04929325729608536,-0.18851834535598755,0.9407221078872681,0.4891970157623291,-0.02700655907392502,-0.08442914485931396,0.975996732711792,0.4915688633918762,-0.02663411572575569,-0.08869139850139618,0.978278398513794,0.4321581721305847,0.055500295013189316,-0.1606142222881317,0.999679446220398,0.531722903251648,0.04521185904741287,-0.15365645289421082,0.9987586736679077,0.4068945050239563,0.12129165977239609,-0.007442601956427097,0.7354287505149841,0.5939217805862427,0.10220544785261154,-0.1302700936794281,0.8485108017921448,0.4261254668235779,0.2353978306055069,0.23651862144470215,0.6669447422027588,0.6501011848449707,0.07528992742300034,-0.017692985013127327,0.795447587966919,0.4199734628200531,0.27298763394355774,0.2668510973453522,0.6160121560096741,0.6673505902290344,0.0731341615319252,-0.024040881544351578,0.7418985962867737,0.4236670434474945,0.270993709564209,0.24398104846477509,0.639781653881073,0.6644458174705505,0.07040812820196152,-0.014736024662852287,0.7550980448722839,0.4278343617916107,0.25286802649497986,0.2353520691394806,0.6249632239341736,0.6571723818778992,0.07369784265756607,-0.012630904093384743,0.7361797094345093,0.4777541756629944,0.3109981417655945,-0.005162192042917013,0.9999492764472961,0.5032037496566772,0.31605949997901917,0.004983836319297552,0.999940037727356,0.5113832950592041,0.4979565143585205,0.06788856536149979,0.8804156184196472,0.43807846307754517,0.4950636625289917,0.0685967355966568,0.8542747497558594,0.5307075381278992,0.6811354160308838,0.21563835442066193,0.952562153339386,0.43653374910354614,0.6570982933044434,0.2146025449037552,0.9394704103469849,0.5419642925262451,0.6859613060951233,0.22973425686359406,0.7154384851455688,0.448953777551651,0.6882799863815308,0.23285607993602753,0.6906218528747559,0.5085157752037048,0.738535463809967,0.20772938430309296,0.9397132992744446,0.4254837930202484,0.7292877435684204,0.2181408405303955,0.9124752283096313,jumpingjack
0.4904770851135254,-0.013445612974464893,-0.4956338405609131,0.9603984355926514,0.4910619258880615,-0.03211267292499542,-0.49958235025405884,0.8859924077987671,0.4913107752799988,-0.03322892636060715,-0.4999386668205261,0.8935722708702087,0.4911458492279053,-0.034303147345781326,-0.49992576241493225,0.9185833930969238,0.4904389977455139,-0.03024127706885338,-0.5030336380004883,0.9295809864997864,0.49059444665908813,-0.03082379326224327,-0.5033853054046631,0.946377694606781,0.4902011752128601,-0.03171450272202492,-0.503606915473938,0.9570677280426025,0.4898305833339691,-0.0474061593413353,-0.4281952381134033,0.9564892053604126,0.4856880307197571,-0.046659089624881744,-0.4399054944515228,0.9450467228889465,0.48980712890625,-0.010509837418794632,-0.45727676153182983,0.9781011343002319,0.483741819858551,-0.006757632363587618,-0.462834894657135,0.9801531434059143,0.5163771510124207,0.03647962585091591,-0.31449592113494873,0.9997085928916931,0.4545373320579529,0.04589598625898361,-0.3031228184700012,0.9988627433776855,0.5347285270690918,0.12191363424062729,-0.2659081816673279,0.7496967911720276,0.43886351585388184,0.14644990861415863,-0.18985529243946075,0.849078357219696,0.462198406457901,0.22476135194301605,-0.3554791510105133,0.6925473809242249,0.4344705045223236,0.23173001408576965,-0.1007930189371109,0.7947250008583069,0.49717608094215393,0.25431686639785767,-0.3858415484428406,0.6415643692016602,0.43220725655555725,0.26095396280288696,-0.13433513045310974,0.7301916480064392,0.5152173638343811,0.24133966863155365,-0.41414308547973633,0.66481614112854,0.43393054604530334,0.2551298141479492,-0.09556533396244049,0.7461719512939453,0.5136443376541138,0.23097631335258484,-0.36726635694503784,0.6466804146766663,0.43681764602661133,0.2432135045528412,-0.06550051271915436,0.723205029964447,0.5021297931671143,0.27213749289512634,-0.004798005800694227,0.9999481439590454,0.4865115284919739,0.27575936913490295,0.00457826629281044,0.9999380111694336,0.5139551162719727,0.4690290093421936,0.03599525988101959,0.8400574326515198,0.45686301589012146,0.46467530727386475,0.046423789113759995,0.8311978578567505,0.5206953287124634,0.6665397882461548,0.15361769497394562,0.9400823712348938,0.4697466492652893,0.651858389377594,0.15498901903629303,0.9337371587753296,0.5234631896018982,0.679170548915863,0.1588495820760727,0.673770546913147,0.4766121506690979,0.6738414168357849,0.16333293914794922,0.664113461971283,0.5039874315261841,0.7368618249893188,0.025990348309278488,0.9302546977996826,0.46796974539756775,0.7264960408210754,0.04386463016271591,0.907640278339386,jumpingjack
0.49050745368003845,-0.007633519358932972,-0.4031641483306885,0.956108808517456,0.492610365152359,-0.026880281046032906,-0.39111366868019104,0.8786410689353943,0.49531635642051697,-0.027407206594944,-0.3917495310306549,0.8868018984794617,0.49844250082969666,-0.028106382116675377,-0.3918178975582123,0.9133499264717102,0.4886566698551178,-0.026690687984228134,-0.42442989349365234,0.9240664839744568,0.4867479205131531,-0.026814261451363564,-0.4248575270175934,0.9431055784225464,0.48412638902664185,-0.026580143719911575,-0.42554140090942383,0.9554715156555176,0.5013569593429565,-0.028501953929662704,-0.24624839425086975,0.9491283893585205,0.47683247923851013,-0.023882584646344185,-0.2784404158592224,0.9375318884849548,0.49352893233299255,0.004547715187072754,-0.3563801646232605,0.9766137599945068,0.4838964343070984,0.003492276882752776,-0.4041532874107361,0.9793822765350342,0.5333889722824097,0.08653770387172699,-0.16273167729377747,0.9997095465660095,0.438529908657074,0.08515287935733795,-0.20181059837341309,0.9989356398582458,0.5360073447227478,0.2327667474746704,-0.19782932102680206,0.7639995813369751,0.4325505793094635,0.22988812625408173,-0.18807712197303772,0.8599122166633606,0.5178014039993286,0.2987079322338104,-0.30987548828125,0.7172406315803528,0.45337677001953125,0.3112376034259796,-0.2558864653110504,0.8135500550270081,0.5184608101844788,0.3324219882488251,-0.3507360517978668,0.6708627343177795,0.4575043320655823,0.3441147208213806,-0.29728323221206665,0.7545877695083618,0.514624297618866,0.3101476728916168,-0.37553462386131287,0.6925231218338013,0.4671756327152252,0.3276829719543457,-0.3129633665084839,0.7692521810531616,0.5127807855606079,0.2969241738319397,-0.3223174214363098,0.6732123494148254,0.467669814825058,0.3125872313976288,-0.26274940371513367,0.7469497919082642,0.5106313824653625,0.33312591910362244,0.0008720707846805453,0.999941349029541,0.4724727272987366,0.33226677775382996,-0.0010424560168758035,0.9999330043792725,0.5109953880310059,0.5072400569915771,0.06215543672442436,0.8430365920066833,0.4597949981689453,0.5052931308746338,0.052699387073516846,0.8310157060623169,0.509971559047699,0.6691892743110657,0.23723837733268738,0.9407124519348145,0.4747225344181061,0.661029040813446,0.21152758598327637,0.9346826076507568,0.5084763765335083,0.6827157139778137,0.24700650572776794,0.6726486682891846,0.4808777868747711,0.6770291924476624,0.2220648229122162,0.6644918322563171,0.5006799697875977,0.7389383912086487,0.11716185510158539,0.9304331541061401,0.468989759683609,0.7302268147468567,0.08138503134250641,0.9084784984588623,jumpingjack
0.5000247359275818,-0.10307193547487259,-0.215161994099617,0.9042760133743286,0.5008683800697327,-0.12332221120595932,-0.21426984667778015,0.815642774105072,0.5018280148506165,-0.12364532798528671,-0.21455344557762146,0.8226057887077332,0.5032219290733337,-0.12341795861721039,-0.21459391713142395,0.8587198257446289,0.49711623787879944,-0.12386415153741837,-0.223954439163208,0.8672070503234863,0.4952046275138855,-0.12445351481437683,-0.22428783774375916,0.892016589641571,0.4929969310760498,-0.12516063451766968,-0.22460126876831055,0.9206115007400513,0.5013630986213684,-0.11982883512973785,-0.16997984051704407,0.9101757407188416,0.48358121514320374,-0.12234286963939667,-0.20642462372779846,0.9055965542793274,0.4989919066429138,-0.0859418585896492,-0.19262169301509857,0.957414448261261,0.4926370680332184,-0.08698838204145432,-0.2072312831878662,0.9649892449378967,0.5310590267181396,0.008369043469429016,-0.11889012157917023,0.999690055847168,0.43669024109840393,0.009084368124604225,-0.17440982162952423,0.9989911317825317,0.5143769979476929,0.18524044752120972,-0.09035460650920868,0.7207201719284058,0.4602862000465393,0.14081652462482452,-0.184161975979805,0.8604307770729065,0.49442487955093384,0.25211361050605774,-0.1268012374639511,0.6527791023254395,0.5529602766036987,0.21930961310863495,-0.22752666473388672,0.8012814521789551,0.488363116979599,0.28189221024513245,-0.15000611543655396,0.6110483407974243,0.5792229175567627,0.2626384496688843,-0.26137545704841614,0.737468957901001,0.48903751373291016,0.26638928055763245,-0.16576150059700012,0.6306387186050415,0.5869337320327759,0.23146073520183563,-0.26532724499702454,0.7487805485725403,0.4901277422904968,0.2540595829486847,-0.13293588161468506,0.6119198799133301,0.5780798196792603,0.21155110001564026,-0.23021343350410461,0.7147951722145081,0.510616660118103,0.25858214497566223,0.003880792763084173,0.9999452829360962,0.47189801931381226,0.260424941778183,-0.004011672921478748,0.9999381303787231,0.5128079056739807,0.4682195484638214,0.06480912864208221,0.8300908207893372,0.4587058424949646,0.4630299508571625,0.01774149015545845,0.8252885341644287,0.5134758353233337,0.6491402983665466,0.22059950232505798,0.941522479057312,0.4720994830131531,0.6532439589500427,0.17743903398513794,0.9350060224533081,0.5092581510543823,0.6630429625511169,0.22964708507061005,0.6601950526237488,0.4785384237766266,0.6648151278495789,0.18995176255702972,0.6511532664299011,0.5071820616722107,0.7304826378822327,0.11125548928976059,0.929299533367157,0.46478715538978577,0.7291480898857117,0.07483068853616714,0.907966673374176,jumpingjack
0.4989563822746277,0.13702033460140228,-0.23174957931041718,0.9120007753372192,0.49991172552108765,0.12298791855573654,-0.2501552104949951,0.8270760178565979,0.5012012720108032,0.1190309226512909,-0.25047188997268677,0.833028256893158,0.5026553869247437,0.11590033769607544,-0.25046485662460327,0.8684147000312805,0.496387779712677,0.12561216950416565,-0.2560599446296692,0.8774766325950623,0.49387121200561523,0.12376479059457779,-0.25646254420280457,0.9000999331474304,0.4911230206489563,0.12162576615810394,-0.2566734850406647,0.9267780780792236,0.5012109279632568,0.0786982998251915,-0.21807637810707092,0.9172470569610596,0.4785991311073303,0.08534476161003113,-0.2636848986148834,0.9132653474807739,0.49816378951072693,0.12502194941043854,-0.2213020622730255,0.9600830078125,0.49178147315979004,0.1274455338716507,-0.23020105063915253,0.9669936299324036,0.5426529049873352,0.04607885703444481,-0.1924017369747162,0.9997137188911438,0.42071986198425293,0.040449488908052444,-0.2181110829114914,0.9990749359130859,0.6082862615585327,0.08139525353908539,-0.11693917214870453,0.6871961355209351,0.3688153624534607,0.10870416462421417,-0.20816639065742493,0.8558018803596497,0.6691834926605225,0.05169840529561043,-0.08248675614595413,0.5950064659118652,0.3034362196922302,0.05930649861693382,-0.1830405592918396,0.7767257690429688,0.6859973669052124,0.04174822196364403,-0.07019741833209991,0.5554941296577454,0.2833411693572998,0.04264064133167267,-0.1783449649810791,0.6997422575950623,0.6829913854598999,0.03446326032280922,-0.09507376700639725,0.5741971135139465,0.2809908390045166,0.03632102906703949,-0.19469478726387024,0.7121874690055847,0.677449107170105,0.03901940956711769,-0.09192416071891785,0.5589891672134399,0.2877309024333954,0.04844537749886513,-0.1914835423231125,0.6840348243713379,0.5164566040039062,0.29369714856147766,0.0030666240490972996,0.9999502301216125,0.4605134427547455,0.29240575432777405,-0.003285866929218173,0.999943733215332,0.535582423210144,0.4829905331134796,0.10130075365304947,0.8033198714256287,0.4436442255973816,0.49442750215530396,0.09210948646068573,0.7966939210891724,0.5447556972503662,0.6557047367095947,0.2574481964111328,0.914461076259613,0.45251402258872986,0.6642809510231018,0.26165714859962463,0.9130768775939941,0.5367961525917053,0.6716371774673462,0.2693744897842407,0.6199562549591064,0.46282950043678284,0.6763154864311218,0.2777000665664673,0.6147335171699524,0.5620987415313721,0.7324817180633545,0.2214929759502411,0.9067553877830505,0.43219780921936035,0.7423178553581238,0.23764590919017792,0.8896244168281555,jumpingjack
0.4886494278907776,0.021420886740088463,-0.229655459523201,0.9161964654922485,0.4911665916442871,0.015313252806663513,-0.22225236892700195,0.8271297216415405,0.4931839406490326,0.018523385748267174,-0.2225334197282791,0.831861674785614,0.4972098469734192,0.007761622779071331,-0.2225775271654129,0.8675215840339661,0.48685503005981445,0.007736966945230961,-0.22461378574371338,0.8825676441192627,0.48413366079330444,0.0080941217020154,-0.22493794560432434,0.904768168926239,0.48127666115760803,0.008038969710469246,-0.22515293955802917,0.9302355647087097,0.4976697862148285,0.0652647465467453,-0.15098252892494202,0.9177724123001099,0.4684593081474304,0.028002621605992317,-0.16108499467372894,0.9164218902587891,0.48945993185043335,0.044634364545345306,-0.200840562582016,0.9610714912414551,0.4828447699546814,0.041075821965932846,-0.2053297460079193,0.9683971405029297,0.5391026735305786,0.06350445002317429,-0.10761479288339615,0.999686062335968,0.4194159507751465,0.0761050283908844,-0.12061312049627304,0.9991161227226257,0.6020480394363403,0.08293965458869934,-0.12105222791433334,0.7009342312812805,0.396361768245697,0.16737151145935059,-0.20708218216896057,0.8576251268386841,0.6598119735717773,0.03121008351445198,-0.195743590593338,0.6016344428062439,0.3821699023246765,0.2463277131319046,-0.37783941626548767,0.7825170755386353,0.6749656796455383,0.013495160266757011,-0.21978899836540222,0.5615098476409912,0.3777584135532379,0.2749149203300476,-0.419440895318985,0.7080293893814087,0.6753112077713013,0.0015449790516868234,-0.24634554982185364,0.5824934244155884,0.37965622544288635,0.267132431268692,-0.43943119049072266,0.7210492491722107,0.6698196530342102,0.011557340621948242,-0.21043960750102997,0.5665803551673889,0.3820866346359253,0.2583058476448059,-0.39228835701942444,0.6907804608345032,0.5164858102798462,0.32926273345947266,0.0003175974707119167,0.9999514222145081,0.4536004662513733,0.3308801054954529,-0.0005673927953466773,0.9999451041221619,0.5394410490989685,0.5039125084877014,-0.0068954117596149445,0.8181087970733643,0.43177756667137146,0.5243205428123474,-0.015593881718814373,0.8072198033332825,0.5491755604743958,0.6604032516479492,0.20416483283042908,0.9204219579696655,0.4477008283138275,0.6689425706863403,0.21660146117210388,0.9176133871078491,0.5411557555198669,0.675418496131897,0.21954111754894257,0.6351699233055115,0.4592920243740082,0.6811123490333557,0.24104788899421692,0.6273015737533569,0.5687943696975708,0.734550416469574,0.10425816476345062,0.9116669297218323,0.4256824851036072,0.7464376091957092,0.13140827417373657,0.8934191465377808,jumpingjack
0.4883311688899994,-0.024378981441259384,-0.28278809785842896,0.9237196445465088,0.49168238043785095,-0.03968742489814758,-0.26920831203460693,0.839019775390625,0.49494585394859314,-0.03823106363415718,-0.26953816413879395,0.8440757393836975,0.4991603493690491,-0.03654173016548157,-0.26954156160354614,0.8778645396232605,0.4849258363246918,-0.040430739521980286,-0.2773256301879883,0.8921231031417847,0.4819052815437317,-0.03821444883942604,-0.27763116359710693,0.9138662219047546,0.47886157035827637,-0.03634529188275337,-0.2778762876987457,0.9372252821922302,0.5022569894790649,-0.021973684430122375,-0.18453282117843628,0.923809826374054,0.46919769048690796,-0.023338524624705315,-0.21809622645378113,0.9224376082420349,0.49149012565612793,-0.0024288881104439497,-0.24605295062065125,0.9659723043441772,0.4828847050666809,-0.00140304584056139,-0.25799232721328735,0.9725260138511658,0.5416551232337952,0.06794083118438721,-0.1220884770154953,0.999726414680481,0.4260578155517578,0.07097776979207993,-0.16748054325580597,0.9992517232894897,0.5506111979484558,0.19392134249210358,-0.12655901908874512,0.7032553553581238,0.4114929139614105,0.21798504889011383,-0.17433539032936096,0.8741393685340881,0.5307811498641968,0.2829764187335968,-0.24668994545936584,0.6096283197402954,0.4369998872280121,0.2930968701839447,-0.30076470971107483,0.8160896897315979,0.5264562964439392,0.3159356415271759,-0.281311959028244,0.5724174976348877,0.4404671788215637,0.3267682194709778,-0.34387513995170593,0.7462165355682373,0.5187227129936218,0.29558905959129333,-0.3062503933906555,0.5934794545173645,0.4486733078956604,0.30739298462867737,-0.3598880469799042,0.7587853670120239,0.5183543562889099,0.2819835841655731,-0.25852590799331665,0.5757631659507751,0.4496844410896301,0.29254624247550964,-0.31012022495269775,0.7302080392837524,0.511642575263977,0.3091828525066376,0.006470080465078354,0.9999502301216125,0.45502614974975586,0.31055617332458496,-0.006647119764238596,0.999944806098938,0.512393593788147,0.4833318591117859,-0.0163030456751585,0.7940096259117126,0.4533693194389343,0.48273688554763794,-0.024457376450300217,0.7983242273330688,0.5133386850357056,0.6573441028594971,0.14897313714027405,0.9020147919654846,0.466367244720459,0.655539333820343,0.15314516425132751,0.9087345004081726,0.5095446705818176,0.668836236000061,0.15846391022205353,0.6032586693763733,0.47358211874961853,0.6668940186500549,0.16662126779556274,0.59616619348526,0.5068084597587585,0.7353482842445374,0.03931069374084473,0.8974940180778503,0.4625183939933777,0.7395852208137512,0.05657016485929489,0.8855541348457336,jumpingjack
0.4886040687561035,-0.05609440803527832,-0.30528292059898376,0.9227712154388428,0.4934820532798767,-0.06990241259336472,-0.28444546461105347,0.8307921290397644,0.496082603931427,-0.070073202252388,-0.28476962447166443,0.8346027135848999,0.49948185682296753,-0.06962186843156815,-0.28479868173599243,0.8699699640274048,0.4862040579319,-0.06986184418201447,-0.2957824766635895,0.8883626461029053,0.4830864369869232,-0.069590263068676,-0.29601290822029114,0.9116308689117432,0.4798993468284607,-0.06954284012317657,-0.29622623324394226,0.9357045292854309,0.5017417669296265,-0.0631304383277893,-0.20574736595153809,0.9191153645515442,0.4682161808013916,-0.05600275099277496,-0.23565232753753662,0.9192876219749451,0.49316883087158203,-0.0344446562230587,-0.2587532103061676,0.9666551947593689,0.4827148914337158,-0.034277625381946564,-0.27379944920539856,0.97330641746521,0.5405647158622742,0.06645876169204712,-0.13481442630290985,0.9997273087501526,0.42716771364212036,0.056919679045677185,-0.18005292117595673,0.9992917776107788,0.5514927506446838,0.18197456002235413,-0.18815657496452332,0.700878381729126,0.4119313657283783,0.19460691511631012,-0.24430003762245178,0.8777616024017334,0.553099513053894,0.24754463136196136,-0.39380571246147156,0.6199796795845032,0.41313862800598145,0.2792040705680847,-0.4095596373081207,0.8309198617935181,0.5544881224632263,0.28325480222702026,-0.44241246581077576,0.5865382552146912,0.4138635993003845,0.3174093961715698,-0.46055659651756287,0.766909658908844,0.5507378578186035,0.26653873920440674,-0.47182169556617737,0.6087573170661926,0.42140889167785645,0.3000173270702362,-0.48295697569847107,0.7788744568824768,0.5476815700531006,0.25558337569236755,-0.410787969827652,0.5856404900550842,0.4238712787628174,0.28441321849823,-0.4236071705818176,0.7504174113273621,0.5120448470115662,0.30755317211151123,0.010410329326987267,0.9999433755874634,0.4545949101448059,0.30828458070755005,-0.010587187483906746,0.9999394416809082,0.5132330060005188,0.48321953415870667,-0.0014608671190217137,0.7814507484436035,0.45950308442115784,0.48304298520088196,0.0010653443168848753,0.7715129256248474,0.512297511100769,0.6587026119232178,0.1578804850578308,0.9010115265846252,0.46858009696006775,0.6561402082443237,0.1672755479812622,0.9011068940162659,0.5083464980125427,0.6702215075492859,0.17306619882583618,0.5841893553733826,0.4738067090511322,0.6670526266098022,0.18275786936283112,0.5668279528617859,0.5019108057022095,0.7358062863349915,0.04878624528646469,0.8960650563240051,0.47124138474464417,0.7391707301139832,0.06156810373067856,0.8750068545341492,jumpingjack
0.4715721011161804,-0.0443817675113678,-0.5159710049629211,0.8961086273193359,0.47564801573753357,-0.06478823721408844,-0.40031513571739197,0.7811283469200134,0.4788711667060852,-0.06458058953285217,-0.4007101058959961,0.7843611240386963,0.4819285273551941,-0.06353938579559326,-0.40072542428970337,0.8176470398902893,0.4638109803199768,-0.06170159950852394,-0.41617751121520996,0.8493666052818298,0.4595852792263031,-0.05894196406006813,-0.41629552841186523,0.8755794167518616,0.454740434885025,-0.05244651436805725,-0.4164782464504242,0.9013386368751526,0.4836198687553406,-0.06371205300092697,-0.27399682998657227,0.878821849822998,0.4504244923591614,-0.043985579162836075,-0.29791271686553955,0.8835576772689819,0.4774048924446106,-0.022937817499041557,-0.377128541469574,0.9394029378890991,0.46354207396507263,-0.017265954986214638,-0.4027576446533203,0.9513715505599976,0.5253933072090149,0.05716324225068092,-0.19374395906925201,0.9994397759437561,0.414285272359848,0.0605582669377327,-0.23057584464550018,0.9990512132644653,0.5376899838447571,0.21405446529388428,-0.2056443691253662,0.7265207767486572,0.39733487367630005,0.20582281053066254,-0.19168150424957275,0.8694869875907898,0.5194923281669617,0.28188788890838623,-0.3594554662704468,0.6085484623908997,0.41310152411460876,0.3103908598423004,-0.2579260766506195,0.8407657146453857,0.51499342918396,0.3149535357952118,-0.40516358613967896,0.573858380317688,0.4233294129371643,0.3435497283935547,-0.2959878146648407,0.7816186547279358,0.5051823854446411,0.2942587435245514,-0.4325644373893738,0.5963022112846375,0.430617094039917,0.32679417729377747,-0.31725889444351196,0.7956539392471313,0.5039412975311279,0.28230705857276917,-0.3734085261821747,0.577460765838623,0.42906537652015686,0.3133889138698578,-0.2679503262042999,0.7708386182785034,0.5018981099128723,0.30936554074287415,-0.004897392354905605,0.999928891658783,0.44533634185791016,0.3237471282482147,0.004684791900217533,0.9999241232872009,0.5069047808647156,0.4763430655002594,-0.12065265327692032,0.8083873987197876,0.44676023721694946,0.49975836277008057,0.05604610964655876,0.7706255912780762,0.5020901560783386,0.6627114415168762,0.049705423414707184,0.9083231687545776,0.4758301377296448,0.6674035787582397,0.21828381717205048,0.9079028367996216,0.5021895170211792,0.6789563894271851,0.05974600836634636,0.5836513042449951,0.4835960865020752,0.6824216246604919,0.23172681033611298,0.5824189186096191,0.4968160092830658,0.7307827472686768,-0.06748037785291672,0.9053455591201782,0.46634429693222046,0.7373640537261963,0.11795027554035187,0.8826790452003479,jumpingjack
0.4657061696052551,-0.010692143812775612,-0.4240717887878418,0.9034501910209656,0.4682541489601135,-0.021237969398498535,-0.37685921788215637,0.7921051383018494,0.4737120270729065,-0.022087842226028442,-0.3772069215774536,0.7946411371231079,0.4754371643066406,-0.030279258266091347,-0.3772103190422058,0.8277248740196228,0.4610002934932709,-0.018140029162168503,-0.3834753632545471,0.8580399751663208,0.4578707814216614,-0.016315631568431854,-0.3837401866912842,0.8830112218856812,0.451433002948761,-0.013323833234608173,-0.38396021723747253,0.907799482345581,0.4798107147216797,-0.04193767532706261,-0.3075318932533264,0.8856187462806702,0.4529351592063904,-0.03362957015633583,-0.31089210510253906,0.88999342918396,0.46886277198791504,-0.0033540050499141216,-0.3489764928817749,0.9428653717041016,0.460918128490448,0.002067701658234,-0.3635328710079193,0.9539616107940674,0.518305242061615,0.013655113987624645,-0.21547916531562805,0.9994745254516602,0.41315650939941406,0.012766712345182896,-0.22934703528881073,0.9991095662117004,0.5486406683921814,0.14267024397850037,-0.1580865979194641,0.7424429059028625,0.3811410963535309,0.1329343616962433,-0.1543431580066681,0.8769423961639404,0.5776779651641846,0.2162635326385498,-0.15170523524284363,0.6254079937934875,0.3329896330833435,0.19338788092136383,-0.14970572292804718,0.851302981376648,0.5950573086738586,0.2391194850206375,-0.15253646671772003,0.5790690779685974,0.31887534260749817,0.20623497664928436,-0.15601423382759094,0.7895123362541199,0.5874468088150024,0.2240304797887802,-0.18535886704921722,0.6041971445083618,0.3144272565841675,0.20065797865390778,-0.18814150989055634,0.8044304251670837,0.5796137452125549,0.22157637774944305,-0.16374430060386658,0.5854048132896423,0.3234979212284088,0.2031930536031723,-0.1640041470527649,0.7815207839012146,0.5029844045639038,0.2830989956855774,-0.003969317767769098,0.9999328851699829,0.44591420888900757,0.28709372878074646,0.0037300363183021545,0.9999284744262695,0.5172644853591919,0.4761689603328705,-0.04591869190335274,0.8175376057624817,0.43204933404922485,0.48082152009010315,-0.033609092235565186,0.7890364527702332,0.5372360944747925,0.6590728163719177,0.110052190721035,0.9138679504394531,0.4488796293735504,0.6503749489784241,0.12497492134571075,0.9136767983436584,0.5276929140090942,0.6734228730201721,0.12241965532302856,0.585774838924408,0.4592929482460022,0.664487361907959,0.13780394196510315,0.5909590125083923,0.5550479888916016,0.7308184504508972,-0.0023531741462647915,0.9101738929748535,0.43568453192710876,0.7366154789924622,0.03373051807284355,0.8894811868667603,jumpingjack
0.4626010060310364,-0.02171402983367443,-0.383171409368515,0.9104657769203186,0.4672324061393738,-0.03988201916217804,-0.3528537452220917,0.8005574345588684,0.471923291683197,-0.039040230214595795,-0.3532356917858124,0.8052684664726257,0.47573623061180115,-0.04110873118042946,-0.3532881438732147,0.8364890217781067,0.4553653597831726,-0.03798074275255203,-0.3504960536956787,0.8648030757904053,0.45189470052719116,-0.03639402985572815,-0.35083332657814026,0.8894891738891602,0.4481523036956787,-0.03455221652984619,-0.35108497738838196,0.9118744730949402,0.48194628953933716,-0.04141376540064812,-0.28243282437324524,0.8942499160766602,0.45306357741355896,-0.03626134246587753,-0.26710012555122375,0.8956699371337891,0.46921730041503906,-0.004319670610129833,-0.3320087790489197,0.9454001188278198,0.4585014879703522,0.0017425636760890484,-0.3305785357952118,0.9553183317184448,0.5217610597610474,0.06303536891937256,-0.2118871957063675,0.9993500113487244,0.4071289002895355,0.056666962802410126,-0.18779198825359344,0.998632550239563,0.5978242754936218,0.08996345847845078,-0.16466261446475983,0.7552353739738464,0.33453088998794556,0.09625272452831268,-0.18792825937271118,0.8778594732284546,0.6689355373382568,0.04707833752036095,-0.18416324257850647,0.6344925165176392,0.26768386363983154,0.06419260054826736,-0.2521088719367981,0.8418237566947937,0.6900097131729126,0.03609614446759224,-0.1908075362443924,0.5811789035797119,0.2525160312652588,0.05557474493980408,-0.26689204573631287,0.7736328840255737,0.6903637647628784,0.03017299436032772,-0.22420866787433624,0.608792245388031,0.2507205605506897,0.05376499891281128,-0.2928227484226227,0.7908807992935181,0.6826062202453613,0.03706103935837746,-0.1987915337085724,0.5932446718215942,0.2610764801502228,0.06464898586273193,-0.2688080668449402,0.7743886113166809,0.5043128132820129,0.35774001479148865,-0.011702476069331169,0.9999281167984009,0.44278115034103394,0.3609094023704529,0.011389294639229774,0.9999184012413025,0.5368228554725647,0.5203292965888977,-0.06221218779683113,0.8306570053100586,0.4087846279144287,0.5264897346496582,0.09912474453449249,0.7817907333374023,0.5656341910362244,0.6930752992630005,0.12999877333641052,0.9189223051071167,0.4179140031337738,0.684158980846405,0.3279109597206116,0.9144953489303589,0.5635901689529419,0.7104560136795044,0.12770450115203857,0.6037364602088928,0.42880797386169434,0.6983085870742798,0.3458119034767151,0.6007322669029236,0.5780752897262573,0.7503220438957214,0.024920422583818436,0.9142985343933105,0.39919352531433105,0.7557648420333862,0.2301539182662964,0.8891316652297974,jumpingjack
0.46386685967445374,0.16738300025463104,-0.3992963433265686,0.9239439368247986,0.4662137031555176,0.16613264381885529,-0.4202553629875183,0.8256543874740601,0.4677090048789978,0.16564691066741943,-0.42065149545669556,0.8310944437980652,0.4740475118160248,0.14513161778450012,-0.42059287428855896,0.8596689701080322,0.45859766006469727,0.1592700034379959,-0.42142534255981445,0.8820926547050476,0.45535406470298767,0.15860837697982788,-0.4217480719089508,0.903612494468689,0.4519205093383789,0.1576375663280487,-0.4218786656856537,0.9232650995254517,0.4784758687019348,0.10037437081336975,-0.3971650004386902,0.9113739132881165,0.4428573548793793,0.11497454345226288,-0.40208667516708374,0.9100560545921326,0.4659052789211273,0.14611047506332397,-0.3737320601940155,0.953123152256012,0.4584001898765564,0.1525440216064453,-0.37646806240081787,0.9606738686561584,0.5219687223434448,0.05769668146967888,-0.3284645676612854,0.9994596242904663,0.39772742986679077,0.05040276423096657,-0.30760282278060913,0.9988316297531128,0.5616053342819214,0.1870824247598648,-0.4640655517578125,0.7776040434837341,0.36921149492263794,0.20015043020248413,-0.4284724295139313,0.8815145492553711,0.5520264506340027,0.23241806030273438,-0.6956244111061096,0.6376898288726807,0.390781044960022,0.26133373379707336,-0.6689967513084412,0.8246406316757202,0.548666775226593,0.25995689630508423,-0.7623745203018188,0.5841089487075806,0.40453481674194336,0.28219789266586304,-0.7362550497055054,0.7518224120140076,0.5345281958580017,0.2395685464143753,-0.7780969142913818,0.6092180609703064,0.4096788763999939,0.2593337297439575,-0.7472798824310303,0.7690012454986572,0.532101035118103,0.23295991122722626,-0.707455039024353,0.5977468490600586,0.4076870083808899,0.25077009201049805,-0.6808868646621704,0.7593428492546082,0.4980372488498688,0.28635773062705994,-0.01026604138314724,0.9999370574951172,0.4344111979007721,0.28311583399772644,0.010044151917099953,0.9999280571937561,0.5065814256668091,0.4897550344467163,0.04200727492570877,0.8188490271568298,0.4268278479576111,0.49341389536857605,0.019854258745908737,0.793366551399231,0.5150511264801025,0.6887350082397461,0.13381271064281464,0.9202035665512085,0.42631468176841736,0.6873570680618286,0.13279345631599426,0.9159573912620544,0.5106825828552246,0.7104942798614502,0.13357286155223846,0.6183207631111145,0.4355519711971283,0.7061986923217773,0.14079436659812927,0.6192727088928223,0.5115857720375061,0.7645639777183533,0.027079889550805092,0.9218436479568481,0.4441712498664856,0.7629808783531189,0.04859965294599533,0.8995139598846436,jumpingjack
0.469432532787323,-0.009604345075786114,-0.3634229600429535,0.9223037958145142,0.4740353524684906,-0.029357735067605972,-0.34931132197380066,0.8196714520454407,0.47817522287368774,-0.02885848470032215,-0.34971341490745544,0.8262730836868286,0.4835139811038971,-0.027797097340226173,-0.34969109296798706,0.856602132320404,0.4631853699684143,-0.024435553699731827,-0.3596917986869812,0.8780359029769897,0.4599289000034332,-0.021633068099617958,-0.3600541949272156,0.9023041725158691,0.4571368098258972,-0.01967843435704708,-0.36034274101257324,0.923435628414154,0.4883419871330261,-0.013251773081719875,-0.247099369764328,0.9057989120483398,0.45112210512161255,-0.010985231027007103,-0.28643926978111267,0.905259370803833,0.47696447372436523,0.008835844695568085,-0.3164300322532654,0.9545009136199951,0.46442121267318726,0.013759277760982513,-0.3312399387359619,0.96221524477005,0.5253915786743164,0.06578042358160019,-0.15512505173683167,0.9994848370552063,0.4054047465324402,0.062063079327344894,-0.22245380282402039,0.9989190697669983,0.5434303283691406,0.2155986726284027,-0.18585555255413055,0.7878890037536621,0.39503616094589233,0.21567223966121674,-0.23612534999847412,0.8914212584495544,0.5288474559783936,0.28095588088035583,-0.39956218004226685,0.6689935922622681,0.4236438274383545,0.3041113018989563,-0.5169172883033752,0.8415085077285767,0.5225567817687988,0.31709301471710205,-0.4360378682613373,0.6206709146499634,0.43544238805770874,0.3364647328853607,-0.43498578667640686,0.775538980960846,0.5138520002365112,0.29138511419296265,-0.46274057030677795,0.64388108253479,0.4427741467952728,0.3169577419757843,-0.4584982991218567,0.7911291718482971,0.5132260322570801,0.2810092270374298,-0.4123624861240387,0.6311182379722595,0.4417705535888672,0.301761656999588,-0.571060299873352,0.7816860675811768,0.49911171197891235,0.3273797035217285,0.009377958253026009,0.9999309778213501,0.43621960282325745,0.331317275762558,-0.009537137113511562,0.9999245405197144,0.5062958598136902,0.49504873156547546,0.0703313872218132,0.8267860412597656,0.43752264976501465,0.510902464389801,0.027023088186979294,0.803606390953064,0.5051901340484619,0.6856946349143982,0.2727583348751068,0.9255955219268799,0.4465107023715973,0.685603678226471,0.2508199214935303,0.9206833839416504,0.49967727065086365,0.7041451334953308,0.28451648354530334,0.6336849927902222,0.45118021965026855,0.7021259665489197,0.2683015465736389,0.6279315948486328,0.49978184700012207,0.7638702988624573,0.14377644658088684,0.9263189435005188,0.45565661787986755,0.7612432837486267,0.13532978296279907,0.9038721919059753,jumpingjack
0.4671817719936371,-0.015858175233006477,-0.37588346004486084,0.9298843145370483,0.4719311594963074,-0.03389030694961548,-0.376435786485672,0.836978018283844,0.47491455078125,-0.03499670699238777,-0.3767951428890228,0.8428992033004761,0.4781656265258789,-0.03517767786979675,-0.37675365805625916,0.8703795075416565,0.4628934860229492,-0.031847212463617325,-0.378971666097641,0.8898614645004272,0.46015506982803345,-0.031583163887262344,-0.37938326597213745,0.9118004441261292,0.45755547285079956,-0.031745534390211105,-0.3796427547931671,0.9308954477310181,0.4824744164943695,-0.038517627865076065,-0.3160136044025421,0.9148364067077637,0.4521673619747162,-0.03719227761030197,-0.3238944411277771,0.9143689870834351,0.47186794877052307,-0.007025745697319508,-0.34321632981300354,0.9587922692298889,0.46271395683288574,-0.005089867860078812,-0.3483462333679199,0.9657960534095764,0.5207546353340149,0.0037629869766533375,-0.18580497801303864,0.9995312690734863,0.4032898545265198,0.005624959245324135,-0.22620359063148499,0.9990215301513672,0.5497180223464966,0.1170530617237091,-0.11083537340164185,0.7969231009483337,0.38130807876586914,0.13323521614074707,-0.1594151258468628,0.8967874050140381,0.5751755833625793,0.18530519306659698,-0.025902479887008667,0.6834324598312378,0.34383437037467957,0.1875036209821701,-0.15195021033287048,0.8524270057678223,0.6010891795158386,0.2096843123435974,-0.014335329644382,0.6248509287834167,0.328116238117218,0.21661914885044098,-0.15196411311626434,0.7859575748443604,0.5960671305656433,0.19339752197265625,-0.051791779696941376,0.650749921798706,0.3303874135017395,0.20820890367031097,-0.18226781487464905,0.8021849393844604,0.58674156665802,0.18352101743221283,-0.03779025003314018,0.6383313536643982,0.33833596110343933,0.1981871873140335,-0.1668604463338852,0.7928247451782227,0.49990710616111755,0.26283231377601624,0.006592510733753443,0.9999358057975769,0.43755412101745605,0.26469558477401733,-0.006773257162421942,0.9999300837516785,0.5093172788619995,0.4689517915248871,0.05644933134317398,0.8282298445701599,0.43744078278541565,0.4665355384349823,-0.01435571163892746,0.8144055604934692,0.5182371139526367,0.6578060388565063,0.18201011419296265,0.9286090135574341,0.43841639161109924,0.6621691584587097,0.1426163911819458,0.9246627688407898,0.4999687075614929,0.6715461015701294,0.18684042990207672,0.6329230070114136,0.4417455196380615,0.6808782815933228,0.15391959249973297,0.6258764863014221,0.5346331596374512,0.7533968687057495,0.04908750206232071,0.9298560619354248,0.43864578008651733,0.7480570673942566,0.028213879093527794,0.9092410206794739,jumpingjack
0.45892399549484253,-0.009920937940478325,-0.3743886947631836,0.9358547329902649,0.46245187520980835,-0.026566505432128906,-0.3807494044303894,0.8501076698303223,0.46480265259742737,-0.027914097532629967,-0.3810960650444031,0.8551929593086243,0.4671918749809265,-0.029442327097058296,-0.3810882270336151,0.8809109926223755,0.455099493265152,-0.02479722537100315,-0.3788382411003113,0.8996087908744812,0.45318859815597534,-0.02449333667755127,-0.379239022731781,0.9195544719696045,0.4512631297111511,-0.024445155635476112,-0.37949612736701965,0.9371215105056763,0.47364988923072815,-0.03471968322992325,-0.34567922353744507,0.921986997127533,0.44879770278930664,-0.03301769495010376,-0.3278893530368805,0.9221196174621582,0.46432048082351685,-0.002296860795468092,-0.3494095504283905,0.9620225429534912,0.4570986330509186,-0.0014117266982793808,-0.347883403301239,0.9685995578765869,0.5236925482749939,0.0547613687813282,-0.2474217414855957,0.9995607137680054,0.3988170921802521,0.07360611110925674,-0.2322351634502411,0.999096691608429,0.5958222150802612,0.09593097865581512,-0.20495203137397766,0.7870135307312012,0.3926801085472107,0.20186102390289307,-0.11697374284267426,0.8577226996421814,0.6691099405288696,0.05591422691941261,-0.19412340223789215,0.6485744118690491,0.39541980624198914,0.3142894506454468,-0.03606802597641945,0.7924831509590149,0.687897264957428,0.04945849999785423,-0.2162678986787796,0.5874066352844238,0.3956536650657654,0.3535824120044708,-0.03623988479375839,0.7229689955711365,0.6845933794975281,0.0413857027888298,-0.24681465327739716,0.6155423521995544,0.39544960856437683,0.35162803530693054,-0.06408321112394333,0.7396581172943115,0.6774409413337708,0.04633460193872452,-0.206618070602417,0.6024830937385559,0.39776545763015747,0.3378543257713318,-0.04639391973614693,0.7307374477386475,0.5004414319992065,0.31324127316474915,-0.00894324854016304,0.9999372959136963,0.4389643669128418,0.3097228705883026,0.008780278265476227,0.9999317526817322,0.5274285078048706,0.5016975402832031,0.1081508994102478,0.8183407187461853,0.4224226474761963,0.5021121501922607,0.13315674662590027,0.7961848378181458,0.5619357228279114,0.6901606321334839,0.31603989005088806,0.9279958605766296,0.4106582701206207,0.6943792700767517,0.36842870712280273,0.9226067662239075,0.5617523789405823,0.7159610390663147,0.3287254869937897,0.6219968199729919,0.41810065507888794,0.7189369797706604,0.3868231177330017,0.6174854040145874,0.5717763900756836,0.7603920102119446,0.1897323578596115,0.9288021326065063,0.3915092647075653,0.7565888166427612,0.26684123277664185,0.9078685641288757,jumpingjack
0.4522875249385834,0.021062135696411133,-0.3226136565208435,0.9422085881233215,0.45500120520591736,-0.00018099130829796195,-0.35216429829597473,0.8648906350135803,0.4570676386356354,-0.003480205312371254,-0.35252782702445984,0.8694729208946228,0.4592254161834717,-0.005068793892860413,-0.3525249660015106,0.8926732540130615,0.44884371757507324,0.002407690044492483,-0.3419077396392822,0.9095385670661926,0.44769054651260376,0.0012559544993564487,-0.34241628646850586,0.9275121688842773,0.44644778966903687,-0.00022366800112649798,-0.3426564335823059,0.9433414936065674,0.4680357873439789,-0.025826120749115944,-0.38091495633125305,0.929745614528656,0.4462074339389801,-0.022092528641223907,-0.3369176685810089,0.9298502206802368,0.45776352286338806,0.021536333486437798,-0.3267298638820648,0.9657776355743408,0.45347580313682556,0.023662477731704712,-0.31433019042015076,0.971692681312561,0.5240631699562073,0.05265612155199051,-0.33227500319480896,0.9996026754379272,0.39798837900161743,0.05246373265981674,-0.2534151077270508,0.9991843104362488,0.5901874899864197,0.10583759099245071,-0.22957809269428253,0.8014507293701172,0.35201841592788696,0.11726435273885727,-0.1550128161907196,0.863707423210144,0.6590830087661743,0.10031532496213913,-0.08704639971256256,0.6265207529067993,0.2931075096130371,0.09815385937690735,-0.1313258856534958,0.7948600053787231,0.6781418919563293,0.10347668081521988,-0.06189454719424248,0.5603423714637756,0.2678089737892151,0.08715086430311203,-0.12480022013187408,0.7255557775497437,0.6783590912818909,0.09471286088228226,-0.09327127784490585,0.5893121957778931,0.26942259073257446,0.08853768557310104,-0.1483522355556488,0.7417688369750977,0.6714157462120056,0.09544721990823746,-0.09497987478971481,0.579264223575592,0.2778506278991699,0.09390009939670563,-0.14238817989826202,0.7363818287849426,0.500709056854248,0.3069990873336792,-0.0200079083442688,0.9999428987503052,0.4360519349575043,0.2959592938423157,0.019893039017915726,0.9999379515647888,0.5297738313674927,0.49705934524536133,0.11334067583084106,0.8357741832733154,0.4222653806209564,0.5007264018058777,0.14304183423519135,0.8147964477539062,0.5605250000953674,0.6805642247200012,0.3182712197303772,0.9345971941947937,0.4105284810066223,0.68996262550354,0.3466830551624298,0.92940354347229,0.5571833252906799,0.7006582021713257,0.33362123370170593,0.6477864384651184,0.41787606477737427,0.7113686203956604,0.36441120505332947,0.6419851779937744,0.5774413347244263,0.7602163553237915,0.24919772148132324,0.9354002475738525,0.39708131551742554,0.7633873820304871,0.28406718373298645,0.9164890646934509,jumpingjack
